gene.locus,maternal,zygotic,MZ
evm.TU.scaffold_1.10,FALSE,FALSE,neither
evm.TU.scaffold_1.100,FALSE,FALSE,neither
evm.TU.scaffold_1.1000,TRUE,TRUE,maternal zygotic
evm.TU.scaffold_1.1001,TRUE,TRUE,maternal zygotic
evm.TU.scaffold_1.1002,TRUE,TRUE,maternal zygotic
evm.TU.scaffold_1.1003,TRUE,TRUE,maternal zygotic
evm.TU.scaffold_1.1004,TRUE,TRUE,maternal zygotic
evm.TU.scaffold_1.1005,TRUE,TRUE,maternal zygotic
evm.TU.scaffold_1.1006,TRUE,TRUE,maternal zygotic
evm.TU.scaffold_1.1007,TRUE,TRUE,maternal zygotic
evm.TU.scaffold_1.1008,TRUE,TRUE,maternal zygotic
evm.TU.scaffold_1.1009,TRUE,TRUE,maternal zygotic
evm.TU.scaffold_1.1010,TRUE,TRUE,maternal zygotic
evm.TU.scaffold_1.1011,TRUE,TRUE,maternal zygotic
evm.TU.scaffold_1.1012,FALSE,FALSE,neither
evm.TU.scaffold_1.1013_evm.TU.scaffold_1.1014,TRUE,TRUE,maternal zygotic
evm.TU.scaffold_1.1015,TRUE,TRUE,maternal zygotic
evm.TU.scaffold_1.1016,TRUE,TRUE,maternal zygotic
evm.TU.scaffold_1.1017,TRUE,TRUE,maternal zygotic
evm.TU.scaffold_1.1018,TRUE,TRUE,maternal zygotic
evm.TU.scaffold_1.1019,TRUE,TRUE,maternal zygotic
evm.TU.scaffold_1.1020,TRUE,TRUE,maternal zygotic
evm.TU.scaffold_1.1021,TRUE,TRUE,maternal zygotic
evm.TU.scaffold_1.1022,TRUE,TRUE,maternal zygotic
evm.TU.scaffold_1.1023,FALSE,FALSE,neither
evm.TU.scaffold_1.1024,FALSE,FALSE,neither
evm.TU.scaffold_1.1025,FALSE,FALSE,neither
evm.TU.scaffold_1.1026,FALSE,FALSE,neither
evm.TU.scaffold_1.1027,TRUE,TRUE,maternal zygotic
evm.TU.scaffold_1.1028,FALSE,FALSE,neither
evm.TU.scaffold_1.1030,FALSE,FALSE,neither
evm.TU.scaffold_1.1031,FALSE,FALSE,neither
evm.TU.scaffold_1.1032,TRUE,TRUE,maternal zygotic
evm.TU.scaffold_1.1034,FALSE,FALSE,neither
evm.TU.scaffold_1.1035,FALSE,TRUE,zygotic
evm.TU.scaffold_1.1037,FALSE,FALSE,neither
evm.TU.scaffold_1.1038,FALSE,TRUE,zygotic
evm.TU.scaffold_1.1040,FALSE,FALSE,neither
evm.TU.scaffold_1.1041,TRUE,TRUE,maternal zygotic
evm.TU.scaffold_1.1042,FALSE,FALSE,neither
evm.TU.scaffold_1.1043_evm.TU.scaffold_1.1044,FALSE,FALSE,neither
evm.TU.scaffold_1.1045,TRUE,TRUE,maternal zygotic
evm.TU.scaffold_1.1046,TRUE,TRUE,maternal zygotic
evm.TU.scaffold_1.1047,FALSE,FALSE,neither
evm.TU.scaffold_1.1048,TRUE,TRUE,maternal zygotic
evm.TU.scaffold_1.105,FALSE,FALSE,neither
evm.TU.scaffold_1.1050,TRUE,TRUE,maternal zygotic
evm.TU.scaffold_1.1051,FALSE,FALSE,neither
evm.TU.scaffold_1.1052,FALSE,FALSE,neither
evm.TU.scaffold_1.1053,TRUE,TRUE,maternal zygotic
evm.TU.scaffold_1.1054,TRUE,TRUE,maternal zygotic
evm.TU.scaffold_1.1055,TRUE,TRUE,maternal zygotic
evm.TU.scaffold_1.1056,TRUE,TRUE,maternal zygotic
evm.TU.scaffold_1.1057,TRUE,TRUE,maternal zygotic
evm.TU.scaffold_1.1058,FALSE,FALSE,neither
evm.TU.scaffold_1.1059,TRUE,TRUE,maternal zygotic
evm.TU.scaffold_1.106,FALSE,FALSE,neither
evm.TU.scaffold_1.1061,FALSE,FALSE,neither
evm.TU.scaffold_1.1062,TRUE,TRUE,maternal zygotic
evm.TU.scaffold_1.1063,TRUE,TRUE,maternal zygotic
evm.TU.scaffold_1.1064,FALSE,FALSE,neither
evm.TU.scaffold_1.1065,FALSE,FALSE,neither
evm.TU.scaffold_1.1066,FALSE,FALSE,neither
evm.TU.scaffold_1.1067,FALSE,FALSE,neither
evm.TU.scaffold_1.1068,FALSE,FALSE,neither
evm.TU.scaffold_1.1069,FALSE,FALSE,neither
evm.TU.scaffold_1.1070,TRUE,TRUE,maternal zygotic
evm.TU.scaffold_1.1071,TRUE,TRUE,maternal zygotic
evm.TU.scaffold_1.1072,TRUE,TRUE,maternal zygotic
evm.TU.scaffold_1.1073,FALSE,TRUE,zygotic
evm.TU.scaffold_1.1075,FALSE,FALSE,neither
evm.TU.scaffold_1.1076,FALSE,FALSE,neither
evm.TU.scaffold_1.1077,TRUE,TRUE,maternal zygotic
evm.TU.scaffold_1.1078,TRUE,TRUE,maternal zygotic
evm.TU.scaffold_1.1079,TRUE,TRUE,maternal zygotic
evm.TU.scaffold_1.1080,TRUE,TRUE,maternal zygotic
evm.TU.scaffold_1.1081,TRUE,TRUE,maternal zygotic
evm.TU.scaffold_1.1082,TRUE,TRUE,maternal zygotic
evm.TU.scaffold_1.1083,TRUE,TRUE,maternal zygotic
evm.TU.scaffold_1.1084,FALSE,FALSE,neither
evm.TU.scaffold_1.1085,FALSE,FALSE,neither
evm.TU.scaffold_1.1086,FALSE,FALSE,neither
evm.TU.scaffold_1.1087,TRUE,TRUE,maternal zygotic
evm.TU.scaffold_1.1088,TRUE,TRUE,maternal zygotic
evm.TU.scaffold_1.1089,FALSE,FALSE,neither
evm.TU.scaffold_1.1090,FALSE,FALSE,neither
evm.TU.scaffold_1.1091,FALSE,FALSE,neither
evm.TU.scaffold_1.1092,FALSE,TRUE,zygotic
evm.TU.scaffold_1.1093,FALSE,TRUE,zygotic
evm.TU.scaffold_1.1094,FALSE,FALSE,neither
evm.TU.scaffold_1.1095,TRUE,TRUE,maternal zygotic
evm.TU.scaffold_1.1096,TRUE,TRUE,maternal zygotic
evm.TU.scaffold_1.1097,FALSE,FALSE,neither
evm.TU.scaffold_1.1098,FALSE,FALSE,neither
evm.TU.scaffold_1.1099,FALSE,FALSE,neither
evm.TU.scaffold_1.11,FALSE,FALSE,neither
evm.TU.scaffold_1.1100,FALSE,FALSE,neither
evm.TU.scaffold_1.1101,FALSE,FALSE,neither
evm.TU.scaffold_1.1102,FALSE,FALSE,neither
evm.TU.scaffold_1.1104,FALSE,FALSE,neither
evm.TU.scaffold_1.1105,FALSE,FALSE,neither
evm.TU.scaffold_1.1106,TRUE,TRUE,maternal zygotic
evm.TU.scaffold_1.1107,TRUE,TRUE,maternal zygotic
evm.TU.scaffold_1.1108,TRUE,TRUE,maternal zygotic
evm.TU.scaffold_1.1109,FALSE,FALSE,neither
evm.TU.scaffold_1.111,FALSE,FALSE,neither
evm.TU.scaffold_1.1110,TRUE,TRUE,maternal zygotic
evm.TU.scaffold_1.1111,TRUE,TRUE,maternal zygotic
evm.TU.scaffold_1.1112,FALSE,FALSE,neither
evm.TU.scaffold_1.1113,FALSE,FALSE,neither
evm.TU.scaffold_1.1114,FALSE,FALSE,neither
evm.TU.scaffold_1.1115,FALSE,FALSE,neither
evm.TU.scaffold_1.1116,FALSE,FALSE,neither
evm.TU.scaffold_1.1117,FALSE,FALSE,neither
evm.TU.scaffold_1.1118,FALSE,FALSE,neither
evm.TU.scaffold_1.1119,FALSE,FALSE,neither
evm.TU.scaffold_1.1120,FALSE,FALSE,neither
evm.TU.scaffold_1.1121,FALSE,FALSE,neither
evm.TU.scaffold_1.1122,FALSE,FALSE,neither
evm.TU.scaffold_1.1123,FALSE,FALSE,neither
evm.TU.scaffold_1.1124,TRUE,FALSE,maternal
evm.TU.scaffold_1.1125,TRUE,TRUE,maternal zygotic
evm.TU.scaffold_1.1126_evm.TU.scaffold_1.1127,FALSE,FALSE,neither
evm.TU.scaffold_1.1128,FALSE,FALSE,neither
evm.TU.scaffold_1.1129,FALSE,FALSE,neither
evm.TU.scaffold_1.113,FALSE,FALSE,neither
evm.TU.scaffold_1.1130,FALSE,FALSE,neither
evm.TU.scaffold_1.1131,TRUE,TRUE,maternal zygotic
evm.TU.scaffold_1.1132,FALSE,FALSE,neither
evm.TU.scaffold_1.1133,FALSE,FALSE,neither
evm.TU.scaffold_1.1134,TRUE,TRUE,maternal zygotic
evm.TU.scaffold_1.1135,TRUE,TRUE,maternal zygotic
evm.TU.scaffold_1.1136,FALSE,FALSE,neither
evm.TU.scaffold_1.1138,FALSE,FALSE,neither
evm.TU.scaffold_1.114,FALSE,FALSE,neither
evm.TU.scaffold_1.1141,TRUE,TRUE,maternal zygotic
evm.TU.scaffold_1.1142,TRUE,TRUE,maternal zygotic
evm.TU.scaffold_1.1143,TRUE,TRUE,maternal zygotic
evm.TU.scaffold_1.1144,TRUE,TRUE,maternal zygotic
evm.TU.scaffold_1.1145,TRUE,TRUE,maternal zygotic
evm.TU.scaffold_1.1146,TRUE,TRUE,maternal zygotic
evm.TU.scaffold_1.1147,TRUE,TRUE,maternal zygotic
evm.TU.scaffold_1.1148,TRUE,TRUE,maternal zygotic
evm.TU.scaffold_1.1149,FALSE,TRUE,zygotic
evm.TU.scaffold_1.115,FALSE,FALSE,neither
evm.TU.scaffold_1.1150,FALSE,FALSE,neither
evm.TU.scaffold_1.1151,TRUE,TRUE,maternal zygotic
evm.TU.scaffold_1.1152,TRUE,TRUE,maternal zygotic
evm.TU.scaffold_1.1153,TRUE,TRUE,maternal zygotic
evm.TU.scaffold_1.1154,FALSE,FALSE,neither
evm.TU.scaffold_1.1155,FALSE,FALSE,neither
evm.TU.scaffold_1.1156,TRUE,TRUE,maternal zygotic
evm.TU.scaffold_1.1157,TRUE,TRUE,maternal zygotic
evm.TU.scaffold_1.1158,TRUE,TRUE,maternal zygotic
evm.TU.scaffold_1.1159,TRUE,TRUE,maternal zygotic
evm.TU.scaffold_1.1160,TRUE,TRUE,maternal zygotic
evm.TU.scaffold_1.1161,TRUE,TRUE,maternal zygotic
evm.TU.scaffold_1.1162,FALSE,FALSE,neither
evm.TU.scaffold_1.1163,FALSE,FALSE,neither
evm.TU.scaffold_1.1165,FALSE,FALSE,neither
evm.TU.scaffold_1.1166,TRUE,TRUE,maternal zygotic
evm.TU.scaffold_1.1167,TRUE,TRUE,maternal zygotic
evm.TU.scaffold_1.1168,FALSE,FALSE,neither
evm.TU.scaffold_1.1169,FALSE,FALSE,neither
evm.TU.scaffold_1.117,FALSE,FALSE,neither
evm.TU.scaffold_1.1170,TRUE,TRUE,maternal zygotic
evm.TU.scaffold_1.1171,TRUE,FALSE,maternal
evm.TU.scaffold_1.1172,TRUE,TRUE,maternal zygotic
evm.TU.scaffold_1.1173,TRUE,TRUE,maternal zygotic
evm.TU.scaffold_1.1174,TRUE,TRUE,maternal zygotic
evm.TU.scaffold_1.1178,FALSE,FALSE,neither
evm.TU.scaffold_1.1179,FALSE,FALSE,neither
evm.TU.scaffold_1.1180,FALSE,FALSE,neither
evm.TU.scaffold_1.1181,FALSE,FALSE,neither
evm.TU.scaffold_1.1182,FALSE,FALSE,neither
evm.TU.scaffold_1.1183,FALSE,FALSE,neither
evm.TU.scaffold_1.1184,FALSE,FALSE,neither
evm.TU.scaffold_1.1185,FALSE,FALSE,neither
evm.TU.scaffold_1.1186,FALSE,FALSE,neither
evm.TU.scaffold_1.1187,TRUE,TRUE,maternal zygotic
evm.TU.scaffold_1.1188,FALSE,FALSE,neither
evm.TU.scaffold_1.119,FALSE,FALSE,neither
evm.TU.scaffold_1.1190_evm.TU.scaffold_1.1191_evm.TU.scaffold_1.1192,FALSE,FALSE,neither
evm.TU.scaffold_1.1193,FALSE,FALSE,neither
evm.TU.scaffold_1.1194,FALSE,TRUE,zygotic
evm.TU.scaffold_1.1195,FALSE,TRUE,zygotic
evm.TU.scaffold_1.1196,FALSE,FALSE,neither
evm.TU.scaffold_1.1197,FALSE,FALSE,neither
evm.TU.scaffold_1.1198,FALSE,FALSE,neither
evm.TU.scaffold_1.1199,FALSE,FALSE,neither
evm.TU.scaffold_1.1200,FALSE,FALSE,neither
evm.TU.scaffold_1.1201,TRUE,TRUE,maternal zygotic
evm.TU.scaffold_1.1202,TRUE,TRUE,maternal zygotic
evm.TU.scaffold_1.1203,TRUE,TRUE,maternal zygotic
evm.TU.scaffold_1.1204,TRUE,TRUE,maternal zygotic
evm.TU.scaffold_1.1205,TRUE,TRUE,maternal zygotic
evm.TU.scaffold_1.1208,TRUE,TRUE,maternal zygotic
evm.TU.scaffold_1.1210,FALSE,FALSE,neither
evm.TU.scaffold_1.1211,TRUE,TRUE,maternal zygotic
evm.TU.scaffold_1.1212,FALSE,TRUE,zygotic
evm.TU.scaffold_1.1213,FALSE,TRUE,zygotic
evm.TU.scaffold_1.1214,FALSE,FALSE,neither
evm.TU.scaffold_1.1215,FALSE,FALSE,neither
evm.TU.scaffold_1.1216,FALSE,FALSE,neither
evm.TU.scaffold_1.1219,TRUE,TRUE,maternal zygotic
evm.TU.scaffold_1.1220,FALSE,FALSE,neither
evm.TU.scaffold_1.1222,TRUE,FALSE,maternal
evm.TU.scaffold_1.1224,TRUE,TRUE,maternal zygotic
evm.TU.scaffold_1.1225,TRUE,TRUE,maternal zygotic
evm.TU.scaffold_1.1226,TRUE,TRUE,maternal zygotic
evm.TU.scaffold_1.1227,TRUE,TRUE,maternal zygotic
evm.TU.scaffold_1.1228,TRUE,TRUE,maternal zygotic
evm.TU.scaffold_1.1229,TRUE,TRUE,maternal zygotic
evm.TU.scaffold_1.1230,FALSE,FALSE,neither
evm.TU.scaffold_1.1231,TRUE,TRUE,maternal zygotic
evm.TU.scaffold_1.1232,TRUE,TRUE,maternal zygotic
evm.TU.scaffold_1.1233,TRUE,TRUE,maternal zygotic
evm.TU.scaffold_1.1234,TRUE,TRUE,maternal zygotic
evm.TU.scaffold_1.1235,TRUE,TRUE,maternal zygotic
evm.TU.scaffold_1.1236,FALSE,FALSE,neither
evm.TU.scaffold_1.1237,FALSE,FALSE,neither
evm.TU.scaffold_1.1238,TRUE,TRUE,maternal zygotic
evm.TU.scaffold_1.1241,FALSE,FALSE,neither
evm.TU.scaffold_1.1242,TRUE,FALSE,maternal
evm.TU.scaffold_1.1243,TRUE,FALSE,maternal
evm.TU.scaffold_1.1244_evm.TU.scaffold_1.1248,FALSE,FALSE,neither
evm.TU.scaffold_1.1245,FALSE,FALSE,neither
evm.TU.scaffold_1.1249,TRUE,TRUE,maternal zygotic
evm.TU.scaffold_1.1250,TRUE,TRUE,maternal zygotic
evm.TU.scaffold_1.1251,TRUE,TRUE,maternal zygotic
evm.TU.scaffold_1.1252,TRUE,TRUE,maternal zygotic
evm.TU.scaffold_1.1253,FALSE,FALSE,neither
evm.TU.scaffold_1.1254,TRUE,TRUE,maternal zygotic
evm.TU.scaffold_1.1255,TRUE,TRUE,maternal zygotic
evm.TU.scaffold_1.1256,TRUE,FALSE,maternal
evm.TU.scaffold_1.1257,FALSE,FALSE,neither
evm.TU.scaffold_1.1258,FALSE,FALSE,neither
evm.TU.scaffold_1.1259,FALSE,FALSE,neither
evm.TU.scaffold_1.126,FALSE,FALSE,neither
evm.TU.scaffold_1.1260,TRUE,TRUE,maternal zygotic
evm.TU.scaffold_1.1261,TRUE,TRUE,maternal zygotic
evm.TU.scaffold_1.1262,TRUE,TRUE,maternal zygotic
evm.TU.scaffold_1.1263,FALSE,FALSE,neither
evm.TU.scaffold_1.1264,TRUE,TRUE,maternal zygotic
evm.TU.scaffold_1.1265,FALSE,FALSE,neither
evm.TU.scaffold_1.1266,FALSE,FALSE,neither
evm.TU.scaffold_1.1267,FALSE,FALSE,neither
evm.TU.scaffold_1.1268,FALSE,FALSE,neither
evm.TU.scaffold_1.1269,TRUE,TRUE,maternal zygotic
evm.TU.scaffold_1.127,FALSE,FALSE,neither
evm.TU.scaffold_1.1270,TRUE,FALSE,maternal
evm.TU.scaffold_1.1271,FALSE,FALSE,neither
evm.TU.scaffold_1.1272,TRUE,TRUE,maternal zygotic
evm.TU.scaffold_1.1273,TRUE,TRUE,maternal zygotic
evm.TU.scaffold_1.1274,TRUE,TRUE,maternal zygotic
evm.TU.scaffold_1.1275,TRUE,TRUE,maternal zygotic
evm.TU.scaffold_1.1276,FALSE,FALSE,neither
evm.TU.scaffold_1.1277,TRUE,TRUE,maternal zygotic
evm.TU.scaffold_1.1278,TRUE,TRUE,maternal zygotic
evm.TU.scaffold_1.1279_evm.TU.scaffold_1.1280,TRUE,TRUE,maternal zygotic
evm.TU.scaffold_1.128,TRUE,TRUE,maternal zygotic
evm.TU.scaffold_1.1281,TRUE,TRUE,maternal zygotic
evm.TU.scaffold_1.1282,TRUE,TRUE,maternal zygotic
evm.TU.scaffold_1.1283,TRUE,TRUE,maternal zygotic
evm.TU.scaffold_1.1284,TRUE,TRUE,maternal zygotic
evm.TU.scaffold_1.1285,TRUE,TRUE,maternal zygotic
evm.TU.scaffold_1.1286,TRUE,TRUE,maternal zygotic
evm.TU.scaffold_1.1287,TRUE,TRUE,maternal zygotic
evm.TU.scaffold_1.1288,TRUE,TRUE,maternal zygotic
evm.TU.scaffold_1.1289,TRUE,TRUE,maternal zygotic
evm.TU.scaffold_1.129,TRUE,TRUE,maternal zygotic
evm.TU.scaffold_1.1290,TRUE,TRUE,maternal zygotic
evm.TU.scaffold_1.1291,TRUE,TRUE,maternal zygotic
evm.TU.scaffold_1.1292,TRUE,TRUE,maternal zygotic
evm.TU.scaffold_1.1293,FALSE,FALSE,neither
evm.TU.scaffold_1.1294,FALSE,FALSE,neither
evm.TU.scaffold_1.1296,FALSE,FALSE,neither
evm.TU.scaffold_1.1297,FALSE,FALSE,neither
evm.TU.scaffold_1.1298,TRUE,TRUE,maternal zygotic
evm.TU.scaffold_1.1299,FALSE,FALSE,neither
evm.TU.scaffold_1.130,FALSE,FALSE,neither
evm.TU.scaffold_1.1300,FALSE,FALSE,neither
evm.TU.scaffold_1.1301,TRUE,TRUE,maternal zygotic
evm.TU.scaffold_1.1302,TRUE,TRUE,maternal zygotic
evm.TU.scaffold_1.1303,TRUE,TRUE,maternal zygotic
evm.TU.scaffold_1.1304,TRUE,TRUE,maternal zygotic
evm.TU.scaffold_1.1305,TRUE,TRUE,maternal zygotic
evm.TU.scaffold_1.1306,TRUE,TRUE,maternal zygotic
evm.TU.scaffold_1.1307,TRUE,TRUE,maternal zygotic
evm.TU.scaffold_1.1308,TRUE,TRUE,maternal zygotic
evm.TU.scaffold_1.1309,FALSE,TRUE,zygotic
evm.TU.scaffold_1.131,FALSE,FALSE,neither
evm.TU.scaffold_1.1310,FALSE,FALSE,neither
evm.TU.scaffold_1.1312,FALSE,FALSE,neither
evm.TU.scaffold_1.1313,TRUE,TRUE,maternal zygotic
evm.TU.scaffold_1.1314,TRUE,TRUE,maternal zygotic
evm.TU.scaffold_1.1316,FALSE,FALSE,neither
evm.TU.scaffold_1.1317,FALSE,FALSE,neither
evm.TU.scaffold_1.1319,FALSE,FALSE,neither
evm.TU.scaffold_1.132,TRUE,TRUE,maternal zygotic
evm.TU.scaffold_1.1320,TRUE,TRUE,maternal zygotic
evm.TU.scaffold_1.1321,TRUE,TRUE,maternal zygotic
evm.TU.scaffold_1.1322,TRUE,TRUE,maternal zygotic
evm.TU.scaffold_1.1323,FALSE,FALSE,neither
evm.TU.scaffold_1.1324,FALSE,FALSE,neither
evm.TU.scaffold_1.1325,FALSE,FALSE,neither
evm.TU.scaffold_1.1326,FALSE,FALSE,neither
evm.TU.scaffold_1.1327,TRUE,TRUE,maternal zygotic
evm.TU.scaffold_1.1328,FALSE,FALSE,neither
evm.TU.scaffold_1.1329,TRUE,TRUE,maternal zygotic
evm.TU.scaffold_1.133,TRUE,TRUE,maternal zygotic
evm.TU.scaffold_1.1330,FALSE,FALSE,neither
evm.TU.scaffold_1.1331,TRUE,TRUE,maternal zygotic
evm.TU.scaffold_1.1332,TRUE,TRUE,maternal zygotic
evm.TU.scaffold_1.1334,FALSE,FALSE,neither
evm.TU.scaffold_1.1335,FALSE,FALSE,neither
evm.TU.scaffold_1.1336,FALSE,FALSE,neither
evm.TU.scaffold_1.1337,TRUE,TRUE,maternal zygotic
evm.TU.scaffold_1.1338,FALSE,FALSE,neither
evm.TU.scaffold_1.1339,FALSE,FALSE,neither
evm.TU.scaffold_1.134,TRUE,TRUE,maternal zygotic
evm.TU.scaffold_1.1340,FALSE,FALSE,neither
evm.TU.scaffold_1.1341,FALSE,FALSE,neither
evm.TU.scaffold_1.1342,TRUE,TRUE,maternal zygotic
evm.TU.scaffold_1.1345,FALSE,FALSE,neither
evm.TU.scaffold_1.1346,FALSE,FALSE,neither
evm.TU.scaffold_1.1347,FALSE,TRUE,zygotic
evm.TU.scaffold_1.1348,FALSE,TRUE,zygotic
evm.TU.scaffold_1.135,TRUE,TRUE,maternal zygotic
evm.TU.scaffold_1.1351,TRUE,TRUE,maternal zygotic
evm.TU.scaffold_1.1352,TRUE,TRUE,maternal zygotic
evm.TU.scaffold_1.1353,TRUE,TRUE,maternal zygotic
evm.TU.scaffold_1.1354,TRUE,TRUE,maternal zygotic
evm.TU.scaffold_1.1355,TRUE,TRUE,maternal zygotic
evm.TU.scaffold_1.1356,FALSE,FALSE,neither
evm.TU.scaffold_1.1357,FALSE,FALSE,neither
evm.TU.scaffold_1.1358,FALSE,FALSE,neither
evm.TU.scaffold_1.1359,TRUE,TRUE,maternal zygotic
evm.TU.scaffold_1.136,TRUE,TRUE,maternal zygotic
evm.TU.scaffold_1.1360,TRUE,TRUE,maternal zygotic
evm.TU.scaffold_1.1361,TRUE,TRUE,maternal zygotic
evm.TU.scaffold_1.1362,FALSE,TRUE,zygotic
evm.TU.scaffold_1.1363,FALSE,FALSE,neither
evm.TU.scaffold_1.1364,FALSE,FALSE,neither
evm.TU.scaffold_1.1365,TRUE,TRUE,maternal zygotic
evm.TU.scaffold_1.1366,FALSE,FALSE,neither
evm.TU.scaffold_1.1367,FALSE,FALSE,neither
evm.TU.scaffold_1.1368,FALSE,FALSE,neither
evm.TU.scaffold_1.1369,TRUE,TRUE,maternal zygotic
evm.TU.scaffold_1.137,TRUE,TRUE,maternal zygotic
evm.TU.scaffold_1.1370,TRUE,FALSE,maternal
evm.TU.scaffold_1.1371,TRUE,TRUE,maternal zygotic
evm.TU.scaffold_1.1372,FALSE,FALSE,neither
evm.TU.scaffold_1.1373,FALSE,FALSE,neither
evm.TU.scaffold_1.1374,TRUE,TRUE,maternal zygotic
evm.TU.scaffold_1.1375,FALSE,FALSE,neither
evm.TU.scaffold_1.1376,FALSE,FALSE,neither
evm.TU.scaffold_1.1377,FALSE,FALSE,neither
evm.TU.scaffold_1.1378,FALSE,FALSE,neither
evm.TU.scaffold_1.1379,FALSE,FALSE,neither
evm.TU.scaffold_1.138,FALSE,FALSE,neither
evm.TU.scaffold_1.1380,FALSE,FALSE,neither
evm.TU.scaffold_1.1381,TRUE,TRUE,maternal zygotic
evm.TU.scaffold_1.1383,TRUE,TRUE,maternal zygotic
evm.TU.scaffold_1.1384,FALSE,FALSE,neither
evm.TU.scaffold_1.1385,TRUE,TRUE,maternal zygotic
evm.TU.scaffold_1.1386,TRUE,TRUE,maternal zygotic
evm.TU.scaffold_1.1387,TRUE,TRUE,maternal zygotic
evm.TU.scaffold_1.1388,TRUE,TRUE,maternal zygotic
evm.TU.scaffold_1.1389,FALSE,FALSE,neither
evm.TU.scaffold_1.139,TRUE,TRUE,maternal zygotic
evm.TU.scaffold_1.1390,TRUE,TRUE,maternal zygotic
evm.TU.scaffold_1.1392,TRUE,TRUE,maternal zygotic
evm.TU.scaffold_1.1393,TRUE,TRUE,maternal zygotic
evm.TU.scaffold_1.1394,TRUE,TRUE,maternal zygotic
evm.TU.scaffold_1.1395,FALSE,FALSE,neither
evm.TU.scaffold_1.1396,FALSE,FALSE,neither
evm.TU.scaffold_1.1397,FALSE,FALSE,neither
evm.TU.scaffold_1.1398,TRUE,TRUE,maternal zygotic
evm.TU.scaffold_1.1399,FALSE,FALSE,neither
evm.TU.scaffold_1.14,FALSE,FALSE,neither
evm.TU.scaffold_1.140,TRUE,TRUE,maternal zygotic
evm.TU.scaffold_1.1400,FALSE,FALSE,neither
evm.TU.scaffold_1.1401,FALSE,FALSE,neither
evm.TU.scaffold_1.1403,FALSE,FALSE,neither
evm.TU.scaffold_1.1404,FALSE,FALSE,neither
evm.TU.scaffold_1.1405,FALSE,FALSE,neither
evm.TU.scaffold_1.1406,TRUE,TRUE,maternal zygotic
evm.TU.scaffold_1.1407,TRUE,TRUE,maternal zygotic
evm.TU.scaffold_1.1408,TRUE,TRUE,maternal zygotic
evm.TU.scaffold_1.1409,FALSE,FALSE,neither
evm.TU.scaffold_1.141,TRUE,TRUE,maternal zygotic
evm.TU.scaffold_1.1410,FALSE,FALSE,neither
evm.TU.scaffold_1.1411,FALSE,FALSE,neither
evm.TU.scaffold_1.1412,TRUE,TRUE,maternal zygotic
evm.TU.scaffold_1.1413,TRUE,TRUE,maternal zygotic
evm.TU.scaffold_1.1414,FALSE,FALSE,neither
evm.TU.scaffold_1.1415,TRUE,TRUE,maternal zygotic
evm.TU.scaffold_1.1416,FALSE,FALSE,neither
evm.TU.scaffold_1.1417,FALSE,FALSE,neither
evm.TU.scaffold_1.1418,TRUE,TRUE,maternal zygotic
evm.TU.scaffold_1.1419,TRUE,TRUE,maternal zygotic
evm.TU.scaffold_1.142,TRUE,TRUE,maternal zygotic
evm.TU.scaffold_1.1420,TRUE,TRUE,maternal zygotic
evm.TU.scaffold_1.1421,TRUE,TRUE,maternal zygotic
evm.TU.scaffold_1.1422,TRUE,TRUE,maternal zygotic
evm.TU.scaffold_1.1423,FALSE,FALSE,neither
evm.TU.scaffold_1.1424,TRUE,TRUE,maternal zygotic
evm.TU.scaffold_1.1425,TRUE,TRUE,maternal zygotic
evm.TU.scaffold_1.1426,TRUE,TRUE,maternal zygotic
evm.TU.scaffold_1.1427,TRUE,TRUE,maternal zygotic
evm.TU.scaffold_1.1428,TRUE,TRUE,maternal zygotic
evm.TU.scaffold_1.1429,TRUE,TRUE,maternal zygotic
evm.TU.scaffold_1.143,FALSE,TRUE,zygotic
evm.TU.scaffold_1.1430,TRUE,TRUE,maternal zygotic
evm.TU.scaffold_1.1431,TRUE,TRUE,maternal zygotic
evm.TU.scaffold_1.1432,FALSE,TRUE,zygotic
evm.TU.scaffold_1.1433,FALSE,TRUE,zygotic
evm.TU.scaffold_1.1434,FALSE,FALSE,neither
evm.TU.scaffold_1.1435,FALSE,TRUE,zygotic
evm.TU.scaffold_1.1436,TRUE,TRUE,maternal zygotic
evm.TU.scaffold_1.1437,TRUE,TRUE,maternal zygotic
evm.TU.scaffold_1.1438,TRUE,TRUE,maternal zygotic
evm.TU.scaffold_1.1439,TRUE,TRUE,maternal zygotic
evm.TU.scaffold_1.1440,FALSE,TRUE,zygotic
evm.TU.scaffold_1.1441,TRUE,TRUE,maternal zygotic
evm.TU.scaffold_1.1442,TRUE,TRUE,maternal zygotic
evm.TU.scaffold_1.1443,TRUE,TRUE,maternal zygotic
evm.TU.scaffold_1.1444,TRUE,TRUE,maternal zygotic
evm.TU.scaffold_1.1445,TRUE,TRUE,maternal zygotic
evm.TU.scaffold_1.1446,FALSE,FALSE,neither
evm.TU.scaffold_1.1447,FALSE,FALSE,neither
evm.TU.scaffold_1.1448,FALSE,TRUE,zygotic
evm.TU.scaffold_1.1449,FALSE,FALSE,neither
evm.TU.scaffold_1.145,FALSE,FALSE,neither
evm.TU.scaffold_1.1450,FALSE,FALSE,neither
evm.TU.scaffold_1.1452,FALSE,FALSE,neither
evm.TU.scaffold_1.1454,TRUE,TRUE,maternal zygotic
evm.TU.scaffold_1.1455,TRUE,TRUE,maternal zygotic
evm.TU.scaffold_1.1456,TRUE,TRUE,maternal zygotic
evm.TU.scaffold_1.1457,TRUE,TRUE,maternal zygotic
evm.TU.scaffold_1.1458,TRUE,TRUE,maternal zygotic
evm.TU.scaffold_1.1459,FALSE,TRUE,zygotic
evm.TU.scaffold_1.146,TRUE,TRUE,maternal zygotic
evm.TU.scaffold_1.1462,TRUE,TRUE,maternal zygotic
evm.TU.scaffold_1.1463,TRUE,TRUE,maternal zygotic
evm.TU.scaffold_1.1464,TRUE,FALSE,maternal
evm.TU.scaffold_1.1465,FALSE,FALSE,neither
evm.TU.scaffold_1.1466,FALSE,FALSE,neither
evm.TU.scaffold_1.1467,FALSE,FALSE,neither
evm.TU.scaffold_1.1468,FALSE,FALSE,neither
evm.TU.scaffold_1.1469,TRUE,TRUE,maternal zygotic
evm.TU.scaffold_1.1470,TRUE,TRUE,maternal zygotic
evm.TU.scaffold_1.1471,TRUE,TRUE,maternal zygotic
evm.TU.scaffold_1.1472,TRUE,TRUE,maternal zygotic
evm.TU.scaffold_1.1473,TRUE,TRUE,maternal zygotic
evm.TU.scaffold_1.1474,TRUE,TRUE,maternal zygotic
evm.TU.scaffold_1.1475,TRUE,TRUE,maternal zygotic
evm.TU.scaffold_1.1476,FALSE,FALSE,neither
evm.TU.scaffold_1.1479,FALSE,FALSE,neither
evm.TU.scaffold_1.148,TRUE,TRUE,maternal zygotic
evm.TU.scaffold_1.1480,FALSE,FALSE,neither
evm.TU.scaffold_1.1481,TRUE,TRUE,maternal zygotic
evm.TU.scaffold_1.1482,FALSE,FALSE,neither
evm.TU.scaffold_1.1483,TRUE,TRUE,maternal zygotic
evm.TU.scaffold_1.1484,TRUE,TRUE,maternal zygotic
evm.TU.scaffold_1.1485,TRUE,TRUE,maternal zygotic
evm.TU.scaffold_1.1486,TRUE,TRUE,maternal zygotic
evm.TU.scaffold_1.1487,FALSE,FALSE,neither
evm.TU.scaffold_1.1488,FALSE,FALSE,neither
evm.TU.scaffold_1.1489,TRUE,TRUE,maternal zygotic
evm.TU.scaffold_1.1490,FALSE,FALSE,neither
evm.TU.scaffold_1.1491,TRUE,TRUE,maternal zygotic
evm.TU.scaffold_1.1492,FALSE,FALSE,neither
evm.TU.scaffold_1.1493,FALSE,FALSE,neither
evm.TU.scaffold_1.1494,TRUE,TRUE,maternal zygotic
evm.TU.scaffold_1.1495,TRUE,TRUE,maternal zygotic
evm.TU.scaffold_1.1496,FALSE,FALSE,neither
evm.TU.scaffold_1.1497,FALSE,TRUE,zygotic
evm.TU.scaffold_1.1499,FALSE,FALSE,neither
evm.TU.scaffold_1.1500,FALSE,FALSE,neither
evm.TU.scaffold_1.1501,FALSE,FALSE,neither
evm.TU.scaffold_1.1502,FALSE,TRUE,zygotic
evm.TU.scaffold_1.1503,FALSE,TRUE,zygotic
evm.TU.scaffold_1.1504,TRUE,TRUE,maternal zygotic
evm.TU.scaffold_1.1505,TRUE,TRUE,maternal zygotic
evm.TU.scaffold_1.1506,TRUE,TRUE,maternal zygotic
evm.TU.scaffold_1.1507,TRUE,TRUE,maternal zygotic
evm.TU.scaffold_1.1508,TRUE,TRUE,maternal zygotic
evm.TU.scaffold_1.1509,TRUE,FALSE,maternal
evm.TU.scaffold_1.151,FALSE,FALSE,neither
evm.TU.scaffold_1.1510,FALSE,FALSE,neither
evm.TU.scaffold_1.1511,TRUE,TRUE,maternal zygotic
evm.TU.scaffold_1.1512,FALSE,FALSE,neither
evm.TU.scaffold_1.1513,TRUE,TRUE,maternal zygotic
evm.TU.scaffold_1.1514,TRUE,TRUE,maternal zygotic
evm.TU.scaffold_1.1515,FALSE,FALSE,neither
evm.TU.scaffold_1.1516,FALSE,FALSE,neither
evm.TU.scaffold_1.1517,TRUE,TRUE,maternal zygotic
evm.TU.scaffold_1.1518,FALSE,FALSE,neither
evm.TU.scaffold_1.1519,FALSE,FALSE,neither
evm.TU.scaffold_1.152,FALSE,FALSE,neither
evm.TU.scaffold_1.1520,FALSE,FALSE,neither
evm.TU.scaffold_1.1521,FALSE,FALSE,neither
evm.TU.scaffold_1.1522,FALSE,FALSE,neither
evm.TU.scaffold_1.1523,FALSE,FALSE,neither
evm.TU.scaffold_1.1524,TRUE,TRUE,maternal zygotic
evm.TU.scaffold_1.1525,FALSE,TRUE,zygotic
evm.TU.scaffold_1.1526,FALSE,TRUE,zygotic
evm.TU.scaffold_1.1527,TRUE,TRUE,maternal zygotic
evm.TU.scaffold_1.1528,TRUE,TRUE,maternal zygotic
evm.TU.scaffold_1.1529,FALSE,FALSE,neither
evm.TU.scaffold_1.153,FALSE,FALSE,neither
evm.TU.scaffold_1.1530,TRUE,TRUE,maternal zygotic
evm.TU.scaffold_1.1531,TRUE,TRUE,maternal zygotic
evm.TU.scaffold_1.1532,TRUE,TRUE,maternal zygotic
evm.TU.scaffold_1.1533,TRUE,TRUE,maternal zygotic
evm.TU.scaffold_1.1534,FALSE,FALSE,neither
evm.TU.scaffold_1.1535,TRUE,TRUE,maternal zygotic
evm.TU.scaffold_1.1536,FALSE,TRUE,zygotic
evm.TU.scaffold_1.1537,FALSE,FALSE,neither
evm.TU.scaffold_1.1538,FALSE,FALSE,neither
evm.TU.scaffold_1.1539,FALSE,FALSE,neither
evm.TU.scaffold_1.1540,FALSE,FALSE,neither
evm.TU.scaffold_1.1541,FALSE,FALSE,neither
evm.TU.scaffold_1.1542,FALSE,FALSE,neither
evm.TU.scaffold_1.1543,FALSE,FALSE,neither
evm.TU.scaffold_1.1544,FALSE,FALSE,neither
evm.TU.scaffold_1.1545,FALSE,FALSE,neither
evm.TU.scaffold_1.1546,FALSE,FALSE,neither
evm.TU.scaffold_1.1547,FALSE,FALSE,neither
evm.TU.scaffold_1.1548,FALSE,FALSE,neither
evm.TU.scaffold_1.1549,TRUE,TRUE,maternal zygotic
evm.TU.scaffold_1.155,FALSE,FALSE,neither
evm.TU.scaffold_1.1550,FALSE,TRUE,zygotic
evm.TU.scaffold_1.1551,FALSE,FALSE,neither
evm.TU.scaffold_1.1552,FALSE,FALSE,neither
evm.TU.scaffold_1.1553,FALSE,FALSE,neither
evm.TU.scaffold_1.1554,TRUE,TRUE,maternal zygotic
evm.TU.scaffold_1.1555,TRUE,TRUE,maternal zygotic
evm.TU.scaffold_1.1556,FALSE,FALSE,neither
evm.TU.scaffold_1.1557,TRUE,TRUE,maternal zygotic
evm.TU.scaffold_1.1558,TRUE,TRUE,maternal zygotic
evm.TU.scaffold_1.1559,TRUE,TRUE,maternal zygotic
evm.TU.scaffold_1.156,FALSE,FALSE,neither
evm.TU.scaffold_1.1560,TRUE,TRUE,maternal zygotic
evm.TU.scaffold_1.1561,TRUE,TRUE,maternal zygotic
evm.TU.scaffold_1.1562,TRUE,TRUE,maternal zygotic
evm.TU.scaffold_1.1563,TRUE,TRUE,maternal zygotic
evm.TU.scaffold_1.1564,FALSE,FALSE,neither
evm.TU.scaffold_1.1565,TRUE,TRUE,maternal zygotic
evm.TU.scaffold_1.1567,FALSE,FALSE,neither
evm.TU.scaffold_1.1569,FALSE,FALSE,neither
evm.TU.scaffold_1.157,FALSE,FALSE,neither
evm.TU.scaffold_1.1570,FALSE,FALSE,neither
evm.TU.scaffold_1.1571,FALSE,FALSE,neither
evm.TU.scaffold_1.1573,FALSE,FALSE,neither
evm.TU.scaffold_1.1574,FALSE,FALSE,neither
evm.TU.scaffold_1.1579,FALSE,FALSE,neither
evm.TU.scaffold_1.158,FALSE,FALSE,neither
evm.TU.scaffold_1.1582,FALSE,FALSE,neither
evm.TU.scaffold_1.1585,FALSE,FALSE,neither
evm.TU.scaffold_1.159,TRUE,TRUE,maternal zygotic
evm.TU.scaffold_1.1590,FALSE,FALSE,neither
evm.TU.scaffold_1.1591,FALSE,FALSE,neither
evm.TU.scaffold_1.1593,TRUE,TRUE,maternal zygotic
evm.TU.scaffold_1.1594,TRUE,TRUE,maternal zygotic
evm.TU.scaffold_1.1595,TRUE,TRUE,maternal zygotic
evm.TU.scaffold_1.1596,TRUE,TRUE,maternal zygotic
evm.TU.scaffold_1.1599,TRUE,TRUE,maternal zygotic
evm.TU.scaffold_1.160,TRUE,TRUE,maternal zygotic
evm.TU.scaffold_1.1601,TRUE,TRUE,maternal zygotic
evm.TU.scaffold_1.1602,TRUE,TRUE,maternal zygotic
evm.TU.scaffold_1.1604,FALSE,FALSE,neither
evm.TU.scaffold_1.1605,FALSE,FALSE,neither
evm.TU.scaffold_1.1607,FALSE,FALSE,neither
evm.TU.scaffold_1.1608,FALSE,FALSE,neither
evm.TU.scaffold_1.1609,FALSE,FALSE,neither
evm.TU.scaffold_1.161,TRUE,TRUE,maternal zygotic
evm.TU.scaffold_1.1610,TRUE,TRUE,maternal zygotic
evm.TU.scaffold_1.1611,TRUE,TRUE,maternal zygotic
evm.TU.scaffold_1.1612,TRUE,TRUE,maternal zygotic
evm.TU.scaffold_1.1613,TRUE,TRUE,maternal zygotic
evm.TU.scaffold_1.1614,TRUE,FALSE,maternal
evm.TU.scaffold_1.1615,TRUE,TRUE,maternal zygotic
evm.TU.scaffold_1.1616,TRUE,TRUE,maternal zygotic
evm.TU.scaffold_1.1617,TRUE,TRUE,maternal zygotic
evm.TU.scaffold_1.1618,TRUE,TRUE,maternal zygotic
evm.TU.scaffold_1.1619,TRUE,TRUE,maternal zygotic
evm.TU.scaffold_1.162,TRUE,TRUE,maternal zygotic
evm.TU.scaffold_1.1621,TRUE,TRUE,maternal zygotic
evm.TU.scaffold_1.1622,TRUE,TRUE,maternal zygotic
evm.TU.scaffold_1.1623,FALSE,FALSE,neither
evm.TU.scaffold_1.1624,FALSE,FALSE,neither
evm.TU.scaffold_1.1625,FALSE,FALSE,neither
evm.TU.scaffold_1.1626,FALSE,FALSE,neither
evm.TU.scaffold_1.1627,FALSE,FALSE,neither
evm.TU.scaffold_1.1628,FALSE,FALSE,neither
evm.TU.scaffold_1.1629,TRUE,TRUE,maternal zygotic
evm.TU.scaffold_1.163,TRUE,TRUE,maternal zygotic
evm.TU.scaffold_1.1630,TRUE,TRUE,maternal zygotic
evm.TU.scaffold_1.1631,FALSE,FALSE,neither
evm.TU.scaffold_1.1632,FALSE,FALSE,neither
evm.TU.scaffold_1.1633,TRUE,TRUE,maternal zygotic
evm.TU.scaffold_1.1634,TRUE,TRUE,maternal zygotic
evm.TU.scaffold_1.1635,TRUE,FALSE,maternal
evm.TU.scaffold_1.1636,TRUE,TRUE,maternal zygotic
evm.TU.scaffold_1.1637,TRUE,TRUE,maternal zygotic
evm.TU.scaffold_1.1638,TRUE,TRUE,maternal zygotic
evm.TU.scaffold_1.1639,TRUE,TRUE,maternal zygotic
evm.TU.scaffold_1.164,FALSE,FALSE,neither
evm.TU.scaffold_1.1641,FALSE,FALSE,neither
evm.TU.scaffold_1.1642,TRUE,TRUE,maternal zygotic
evm.TU.scaffold_1.1644,FALSE,FALSE,neither
evm.TU.scaffold_1.1645,FALSE,FALSE,neither
evm.TU.scaffold_1.1646,FALSE,FALSE,neither
evm.TU.scaffold_1.1647,TRUE,TRUE,maternal zygotic
evm.TU.scaffold_1.1648,TRUE,TRUE,maternal zygotic
evm.TU.scaffold_1.1649,TRUE,TRUE,maternal zygotic
evm.TU.scaffold_1.1650,FALSE,FALSE,neither
evm.TU.scaffold_1.1651,FALSE,FALSE,neither
evm.TU.scaffold_1.1652,TRUE,TRUE,maternal zygotic
evm.TU.scaffold_1.1653,TRUE,TRUE,maternal zygotic
evm.TU.scaffold_1.1654,TRUE,TRUE,maternal zygotic
evm.TU.scaffold_1.1655,FALSE,FALSE,neither
evm.TU.scaffold_1.1656,FALSE,FALSE,neither
evm.TU.scaffold_1.1657,FALSE,FALSE,neither
evm.TU.scaffold_1.1658,FALSE,FALSE,neither
evm.TU.scaffold_1.1659,FALSE,FALSE,neither
evm.TU.scaffold_1.166,FALSE,FALSE,neither
evm.TU.scaffold_1.1660,FALSE,FALSE,neither
evm.TU.scaffold_1.1661,TRUE,TRUE,maternal zygotic
evm.TU.scaffold_1.1662,TRUE,TRUE,maternal zygotic
evm.TU.scaffold_1.1663,FALSE,FALSE,neither
evm.TU.scaffold_1.1664,FALSE,FALSE,neither
evm.TU.scaffold_1.1665_evm.TU.scaffold_1.1666,FALSE,FALSE,neither
evm.TU.scaffold_1.1667,TRUE,FALSE,maternal
evm.TU.scaffold_1.1668,FALSE,FALSE,neither
evm.TU.scaffold_1.1669,TRUE,TRUE,maternal zygotic
evm.TU.scaffold_1.1670,TRUE,TRUE,maternal zygotic
evm.TU.scaffold_1.1671,FALSE,FALSE,neither
evm.TU.scaffold_1.1672,FALSE,FALSE,neither
evm.TU.scaffold_1.1673,TRUE,TRUE,maternal zygotic
evm.TU.scaffold_1.1674,FALSE,FALSE,neither
evm.TU.scaffold_1.1675,TRUE,TRUE,maternal zygotic
evm.TU.scaffold_1.1676,TRUE,TRUE,maternal zygotic
evm.TU.scaffold_1.1677,TRUE,TRUE,maternal zygotic
evm.TU.scaffold_1.1678_evm.TU.scaffold_1.1679,TRUE,TRUE,maternal zygotic
evm.TU.scaffold_1.168,FALSE,FALSE,neither
evm.TU.scaffold_1.1680,FALSE,FALSE,neither
evm.TU.scaffold_1.1681,TRUE,TRUE,maternal zygotic
evm.TU.scaffold_1.1682,FALSE,TRUE,zygotic
evm.TU.scaffold_1.1683,TRUE,TRUE,maternal zygotic
evm.TU.scaffold_1.1684,TRUE,TRUE,maternal zygotic
evm.TU.scaffold_1.1685,TRUE,TRUE,maternal zygotic
evm.TU.scaffold_1.1686,TRUE,TRUE,maternal zygotic
evm.TU.scaffold_1.1687,TRUE,TRUE,maternal zygotic
evm.TU.scaffold_1.1688,TRUE,FALSE,maternal
evm.TU.scaffold_1.169,FALSE,FALSE,neither
evm.TU.scaffold_1.1690,FALSE,FALSE,neither
evm.TU.scaffold_1.1695,FALSE,FALSE,neither
evm.TU.scaffold_1.1696,TRUE,TRUE,maternal zygotic
evm.TU.scaffold_1.1697,TRUE,TRUE,maternal zygotic
evm.TU.scaffold_1.1698,TRUE,TRUE,maternal zygotic
evm.TU.scaffold_1.1699,FALSE,FALSE,neither
evm.TU.scaffold_1.1700,TRUE,TRUE,maternal zygotic
evm.TU.scaffold_1.1701,FALSE,FALSE,neither
evm.TU.scaffold_1.1702,FALSE,FALSE,neither
evm.TU.scaffold_1.1703,FALSE,FALSE,neither
evm.TU.scaffold_1.1704,TRUE,TRUE,maternal zygotic
evm.TU.scaffold_1.1705,TRUE,FALSE,maternal
evm.TU.scaffold_1.1706,FALSE,FALSE,neither
evm.TU.scaffold_1.1707,TRUE,TRUE,maternal zygotic
evm.TU.scaffold_1.1708,FALSE,FALSE,neither
evm.TU.scaffold_1.1709,TRUE,TRUE,maternal zygotic
evm.TU.scaffold_1.171,FALSE,FALSE,neither
evm.TU.scaffold_1.1710,TRUE,TRUE,maternal zygotic
evm.TU.scaffold_1.1711,TRUE,TRUE,maternal zygotic
evm.TU.scaffold_1.1712,TRUE,TRUE,maternal zygotic
evm.TU.scaffold_1.1713,TRUE,TRUE,maternal zygotic
evm.TU.scaffold_1.1714,FALSE,FALSE,neither
evm.TU.scaffold_1.1715,FALSE,FALSE,neither
evm.TU.scaffold_1.1716,FALSE,FALSE,neither
evm.TU.scaffold_1.1717,TRUE,TRUE,maternal zygotic
evm.TU.scaffold_1.1718,FALSE,FALSE,neither
evm.TU.scaffold_1.1719,FALSE,FALSE,neither
evm.TU.scaffold_1.172,FALSE,FALSE,neither
evm.TU.scaffold_1.1720,FALSE,FALSE,neither
evm.TU.scaffold_1.1721,TRUE,TRUE,maternal zygotic
evm.TU.scaffold_1.1722,TRUE,TRUE,maternal zygotic
evm.TU.scaffold_1.1723,TRUE,TRUE,maternal zygotic
evm.TU.scaffold_1.1724,TRUE,TRUE,maternal zygotic
evm.TU.scaffold_1.1725,TRUE,TRUE,maternal zygotic
evm.TU.scaffold_1.1726,TRUE,TRUE,maternal zygotic
evm.TU.scaffold_1.1727,FALSE,FALSE,neither
evm.TU.scaffold_1.1728,FALSE,TRUE,zygotic
evm.TU.scaffold_1.1729,FALSE,FALSE,neither
evm.TU.scaffold_1.173,FALSE,FALSE,neither
evm.TU.scaffold_1.1730,TRUE,TRUE,maternal zygotic
evm.TU.scaffold_1.1731,FALSE,FALSE,neither
evm.TU.scaffold_1.1732,FALSE,FALSE,neither
evm.TU.scaffold_1.1733,TRUE,TRUE,maternal zygotic
evm.TU.scaffold_1.1734,FALSE,FALSE,neither
evm.TU.scaffold_1.1735,FALSE,FALSE,neither
evm.TU.scaffold_1.1736,FALSE,FALSE,neither
evm.TU.scaffold_1.1737,TRUE,TRUE,maternal zygotic
evm.TU.scaffold_1.1738,TRUE,TRUE,maternal zygotic
evm.TU.scaffold_1.1739,FALSE,FALSE,neither
evm.TU.scaffold_1.1740,FALSE,FALSE,neither
evm.TU.scaffold_1.1741,TRUE,TRUE,maternal zygotic
evm.TU.scaffold_1.1742,TRUE,TRUE,maternal zygotic
evm.TU.scaffold_1.1743,TRUE,FALSE,maternal
evm.TU.scaffold_1.1746_evm.TU.scaffold_1.1745,TRUE,TRUE,maternal zygotic
evm.TU.scaffold_1.1747,TRUE,TRUE,maternal zygotic
evm.TU.scaffold_1.1748,TRUE,TRUE,maternal zygotic
evm.TU.scaffold_1.1749,TRUE,TRUE,maternal zygotic
evm.TU.scaffold_1.175,FALSE,FALSE,neither
evm.TU.scaffold_1.1750,TRUE,TRUE,maternal zygotic
evm.TU.scaffold_1.1751,TRUE,TRUE,maternal zygotic
evm.TU.scaffold_1.1752,FALSE,FALSE,neither
evm.TU.scaffold_1.1754,FALSE,FALSE,neither
evm.TU.scaffold_1.1756,TRUE,TRUE,maternal zygotic
evm.TU.scaffold_1.1757,FALSE,FALSE,neither
evm.TU.scaffold_1.1758,TRUE,TRUE,maternal zygotic
evm.TU.scaffold_1.1759,FALSE,TRUE,zygotic
evm.TU.scaffold_1.176,FALSE,FALSE,neither
evm.TU.scaffold_1.1760,TRUE,TRUE,maternal zygotic
evm.TU.scaffold_1.1761,TRUE,TRUE,maternal zygotic
evm.TU.scaffold_1.1762,FALSE,FALSE,neither
evm.TU.scaffold_1.1763,FALSE,FALSE,neither
evm.TU.scaffold_1.1764,FALSE,FALSE,neither
evm.TU.scaffold_1.1765,TRUE,TRUE,maternal zygotic
evm.TU.scaffold_1.1766_evm.TU.scaffold_1.1767,FALSE,FALSE,neither
evm.TU.scaffold_1.1768,FALSE,FALSE,neither
evm.TU.scaffold_1.1769,FALSE,FALSE,neither
evm.TU.scaffold_1.177,FALSE,FALSE,neither
evm.TU.scaffold_1.1770,FALSE,FALSE,neither
evm.TU.scaffold_1.1771,FALSE,FALSE,neither
evm.TU.scaffold_1.1772,FALSE,FALSE,neither
evm.TU.scaffold_1.1773,TRUE,TRUE,maternal zygotic
evm.TU.scaffold_1.1774,TRUE,TRUE,maternal zygotic
evm.TU.scaffold_1.1775,TRUE,TRUE,maternal zygotic
evm.TU.scaffold_1.1776,TRUE,TRUE,maternal zygotic
evm.TU.scaffold_1.1777,FALSE,FALSE,neither
evm.TU.scaffold_1.1779,FALSE,FALSE,neither
evm.TU.scaffold_1.178,FALSE,FALSE,neither
evm.TU.scaffold_1.1780,FALSE,FALSE,neither
evm.TU.scaffold_1.1781,TRUE,TRUE,maternal zygotic
evm.TU.scaffold_1.1782,TRUE,TRUE,maternal zygotic
evm.TU.scaffold_1.1783,TRUE,TRUE,maternal zygotic
evm.TU.scaffold_1.1785,TRUE,TRUE,maternal zygotic
evm.TU.scaffold_1.1786,TRUE,TRUE,maternal zygotic
evm.TU.scaffold_1.1787,TRUE,TRUE,maternal zygotic
evm.TU.scaffold_1.1788,TRUE,TRUE,maternal zygotic
evm.TU.scaffold_1.1789,TRUE,TRUE,maternal zygotic
evm.TU.scaffold_1.179,TRUE,TRUE,maternal zygotic
evm.TU.scaffold_1.1790,FALSE,FALSE,neither
evm.TU.scaffold_1.1791,TRUE,TRUE,maternal zygotic
evm.TU.scaffold_1.1792,TRUE,TRUE,maternal zygotic
evm.TU.scaffold_1.1793,TRUE,TRUE,maternal zygotic
evm.TU.scaffold_1.1794,TRUE,TRUE,maternal zygotic
evm.TU.scaffold_1.1795,TRUE,TRUE,maternal zygotic
evm.TU.scaffold_1.1796,TRUE,TRUE,maternal zygotic
evm.TU.scaffold_1.1797,TRUE,TRUE,maternal zygotic
evm.TU.scaffold_1.1798,TRUE,TRUE,maternal zygotic
evm.TU.scaffold_1.180,TRUE,TRUE,maternal zygotic
evm.TU.scaffold_1.1800,TRUE,TRUE,maternal zygotic
evm.TU.scaffold_1.1801,TRUE,TRUE,maternal zygotic
evm.TU.scaffold_1.1802,FALSE,FALSE,neither
evm.TU.scaffold_1.1803,TRUE,TRUE,maternal zygotic
evm.TU.scaffold_1.1804,FALSE,FALSE,neither
evm.TU.scaffold_1.1805,FALSE,FALSE,neither
evm.TU.scaffold_1.1807,FALSE,FALSE,neither
evm.TU.scaffold_1.1808,FALSE,FALSE,neither
evm.TU.scaffold_1.1809,FALSE,FALSE,neither
evm.TU.scaffold_1.181,TRUE,TRUE,maternal zygotic
evm.TU.scaffold_1.1810,FALSE,TRUE,zygotic
evm.TU.scaffold_1.1812,FALSE,FALSE,neither
evm.TU.scaffold_1.1813,FALSE,FALSE,neither
evm.TU.scaffold_1.1814,TRUE,TRUE,maternal zygotic
evm.TU.scaffold_1.1816,FALSE,FALSE,neither
evm.TU.scaffold_1.1817,FALSE,FALSE,neither
evm.TU.scaffold_1.1818,FALSE,FALSE,neither
evm.TU.scaffold_1.1819,FALSE,FALSE,neither
evm.TU.scaffold_1.182,TRUE,TRUE,maternal zygotic
evm.TU.scaffold_1.1820,FALSE,FALSE,neither
evm.TU.scaffold_1.1821,TRUE,TRUE,maternal zygotic
evm.TU.scaffold_1.1822,FALSE,FALSE,neither
evm.TU.scaffold_1.1823,FALSE,FALSE,neither
evm.TU.scaffold_1.1824,TRUE,TRUE,maternal zygotic
evm.TU.scaffold_1.1825,TRUE,TRUE,maternal zygotic
evm.TU.scaffold_1.1826,TRUE,TRUE,maternal zygotic
evm.TU.scaffold_1.1827,TRUE,FALSE,maternal
evm.TU.scaffold_1.1828,FALSE,FALSE,neither
evm.TU.scaffold_1.1829,TRUE,TRUE,maternal zygotic
evm.TU.scaffold_1.183,TRUE,TRUE,maternal zygotic
evm.TU.scaffold_1.1830,TRUE,TRUE,maternal zygotic
evm.TU.scaffold_1.1831,TRUE,TRUE,maternal zygotic
evm.TU.scaffold_1.1832,TRUE,TRUE,maternal zygotic
evm.TU.scaffold_1.1833,TRUE,TRUE,maternal zygotic
evm.TU.scaffold_1.1834,FALSE,TRUE,zygotic
evm.TU.scaffold_1.1835,FALSE,FALSE,neither
evm.TU.scaffold_1.1836,TRUE,TRUE,maternal zygotic
evm.TU.scaffold_1.1837,TRUE,TRUE,maternal zygotic
evm.TU.scaffold_1.1838,FALSE,FALSE,neither
evm.TU.scaffold_1.1839,TRUE,TRUE,maternal zygotic
evm.TU.scaffold_1.184,TRUE,TRUE,maternal zygotic
evm.TU.scaffold_1.1840,TRUE,TRUE,maternal zygotic
evm.TU.scaffold_1.1841,TRUE,TRUE,maternal zygotic
evm.TU.scaffold_1.1842,TRUE,TRUE,maternal zygotic
evm.TU.scaffold_1.1843,TRUE,TRUE,maternal zygotic
evm.TU.scaffold_1.1844,TRUE,FALSE,maternal
evm.TU.scaffold_1.1845,TRUE,TRUE,maternal zygotic
evm.TU.scaffold_1.1847,FALSE,FALSE,neither
evm.TU.scaffold_1.1848,TRUE,TRUE,maternal zygotic
evm.TU.scaffold_1.1849,TRUE,TRUE,maternal zygotic
evm.TU.scaffold_1.185,TRUE,TRUE,maternal zygotic
evm.TU.scaffold_1.1851,FALSE,FALSE,neither
evm.TU.scaffold_1.1852,TRUE,TRUE,maternal zygotic
evm.TU.scaffold_1.1853,TRUE,TRUE,maternal zygotic
evm.TU.scaffold_1.1854,TRUE,TRUE,maternal zygotic
evm.TU.scaffold_1.1855,TRUE,TRUE,maternal zygotic
evm.TU.scaffold_1.1856,TRUE,TRUE,maternal zygotic
evm.TU.scaffold_1.1857,TRUE,TRUE,maternal zygotic
evm.TU.scaffold_1.1858,TRUE,TRUE,maternal zygotic
evm.TU.scaffold_1.1859,TRUE,TRUE,maternal zygotic
evm.TU.scaffold_1.186,TRUE,TRUE,maternal zygotic
evm.TU.scaffold_1.1860,TRUE,TRUE,maternal zygotic
evm.TU.scaffold_1.1861,TRUE,TRUE,maternal zygotic
evm.TU.scaffold_1.1862,TRUE,TRUE,maternal zygotic
evm.TU.scaffold_1.1863,TRUE,TRUE,maternal zygotic
evm.TU.scaffold_1.1864,TRUE,TRUE,maternal zygotic
evm.TU.scaffold_1.1865,TRUE,TRUE,maternal zygotic
evm.TU.scaffold_1.1866,TRUE,TRUE,maternal zygotic
evm.TU.scaffold_1.1867,TRUE,TRUE,maternal zygotic
evm.TU.scaffold_1.1868,TRUE,TRUE,maternal zygotic
evm.TU.scaffold_1.187,TRUE,TRUE,maternal zygotic
evm.TU.scaffold_1.1870,TRUE,TRUE,maternal zygotic
evm.TU.scaffold_1.1871,TRUE,TRUE,maternal zygotic
evm.TU.scaffold_1.1872,FALSE,FALSE,neither
evm.TU.scaffold_1.1873,FALSE,FALSE,neither
evm.TU.scaffold_1.1874,TRUE,TRUE,maternal zygotic
evm.TU.scaffold_1.1875,TRUE,TRUE,maternal zygotic
evm.TU.scaffold_1.1876,TRUE,TRUE,maternal zygotic
evm.TU.scaffold_1.1877,FALSE,FALSE,neither
evm.TU.scaffold_1.1878,TRUE,TRUE,maternal zygotic
evm.TU.scaffold_1.1879,TRUE,TRUE,maternal zygotic
evm.TU.scaffold_1.188,FALSE,FALSE,neither
evm.TU.scaffold_1.1881,TRUE,TRUE,maternal zygotic
evm.TU.scaffold_1.1883,FALSE,FALSE,neither
evm.TU.scaffold_1.1884,FALSE,FALSE,neither
evm.TU.scaffold_1.1885,TRUE,TRUE,maternal zygotic
evm.TU.scaffold_1.1886,FALSE,FALSE,neither
evm.TU.scaffold_1.1887,FALSE,FALSE,neither
evm.TU.scaffold_1.1888,FALSE,FALSE,neither
evm.TU.scaffold_1.1889,FALSE,FALSE,neither
evm.TU.scaffold_1.189,FALSE,FALSE,neither
evm.TU.scaffold_1.1890,FALSE,FALSE,neither
evm.TU.scaffold_1.1891,FALSE,FALSE,neither
evm.TU.scaffold_1.1892,FALSE,TRUE,zygotic
evm.TU.scaffold_1.1893,TRUE,TRUE,maternal zygotic
evm.TU.scaffold_1.1894,TRUE,TRUE,maternal zygotic
evm.TU.scaffold_1.1895,TRUE,TRUE,maternal zygotic
evm.TU.scaffold_1.1896,TRUE,TRUE,maternal zygotic
evm.TU.scaffold_1.1897,TRUE,TRUE,maternal zygotic
evm.TU.scaffold_1.1898,FALSE,FALSE,neither
evm.TU.scaffold_1.1899,TRUE,TRUE,maternal zygotic
evm.TU.scaffold_1.190,FALSE,FALSE,neither
evm.TU.scaffold_1.1900,TRUE,TRUE,maternal zygotic
evm.TU.scaffold_1.1901,TRUE,TRUE,maternal zygotic
evm.TU.scaffold_1.1905,TRUE,TRUE,maternal zygotic
evm.TU.scaffold_1.1906,TRUE,TRUE,maternal zygotic
evm.TU.scaffold_1.1907,TRUE,TRUE,maternal zygotic
evm.TU.scaffold_1.1908,FALSE,FALSE,neither
evm.TU.scaffold_1.1909,TRUE,TRUE,maternal zygotic
evm.TU.scaffold_1.191,FALSE,FALSE,neither
evm.TU.scaffold_1.1910,TRUE,TRUE,maternal zygotic
evm.TU.scaffold_1.1911,TRUE,TRUE,maternal zygotic
evm.TU.scaffold_1.1912,TRUE,TRUE,maternal zygotic
evm.TU.scaffold_1.1913,TRUE,TRUE,maternal zygotic
evm.TU.scaffold_1.1914,TRUE,TRUE,maternal zygotic
evm.TU.scaffold_1.1915,FALSE,FALSE,neither
evm.TU.scaffold_1.1916,FALSE,FALSE,neither
evm.TU.scaffold_1.1917,TRUE,TRUE,maternal zygotic
evm.TU.scaffold_1.1918,TRUE,TRUE,maternal zygotic
evm.TU.scaffold_1.1919,TRUE,TRUE,maternal zygotic
evm.TU.scaffold_1.192,FALSE,FALSE,neither
evm.TU.scaffold_1.1920,TRUE,TRUE,maternal zygotic
evm.TU.scaffold_1.1921,FALSE,FALSE,neither
evm.TU.scaffold_1.1922_evm.TU.scaffold_1.1923,FALSE,FALSE,neither
evm.TU.scaffold_1.1924,FALSE,FALSE,neither
evm.TU.scaffold_1.1925,TRUE,TRUE,maternal zygotic
evm.TU.scaffold_1.1926,TRUE,TRUE,maternal zygotic
evm.TU.scaffold_1.1927,TRUE,TRUE,maternal zygotic
evm.TU.scaffold_1.1928,FALSE,FALSE,neither
evm.TU.scaffold_1.1929,TRUE,TRUE,maternal zygotic
evm.TU.scaffold_1.193,FALSE,FALSE,neither
evm.TU.scaffold_1.1930,FALSE,TRUE,zygotic
evm.TU.scaffold_1.1931,FALSE,FALSE,neither
evm.TU.scaffold_1.1932,FALSE,FALSE,neither
evm.TU.scaffold_1.1933,FALSE,FALSE,neither
evm.TU.scaffold_1.1934,TRUE,TRUE,maternal zygotic
evm.TU.scaffold_1.1935,FALSE,FALSE,neither
evm.TU.scaffold_1.1936,TRUE,TRUE,maternal zygotic
evm.TU.scaffold_1.1937,FALSE,FALSE,neither
evm.TU.scaffold_1.1938,FALSE,FALSE,neither
evm.TU.scaffold_1.1939,TRUE,TRUE,maternal zygotic
evm.TU.scaffold_1.194,FALSE,FALSE,neither
evm.TU.scaffold_1.1940,FALSE,FALSE,neither
evm.TU.scaffold_1.1941,FALSE,FALSE,neither
evm.TU.scaffold_1.1946,FALSE,FALSE,neither
evm.TU.scaffold_1.1947,FALSE,FALSE,neither
evm.TU.scaffold_1.1948,FALSE,TRUE,zygotic
evm.TU.scaffold_1.195,FALSE,FALSE,neither
evm.TU.scaffold_1.1954,TRUE,TRUE,maternal zygotic
evm.TU.scaffold_1.1955,FALSE,FALSE,neither
evm.TU.scaffold_1.1956,FALSE,FALSE,neither
evm.TU.scaffold_1.1957,FALSE,FALSE,neither
evm.TU.scaffold_1.1958,FALSE,FALSE,neither
evm.TU.scaffold_1.1959,FALSE,FALSE,neither
evm.TU.scaffold_1.196,FALSE,FALSE,neither
evm.TU.scaffold_1.1960,FALSE,FALSE,neither
evm.TU.scaffold_1.1961,FALSE,FALSE,neither
evm.TU.scaffold_1.1962,FALSE,FALSE,neither
evm.TU.scaffold_1.1963,TRUE,TRUE,maternal zygotic
evm.TU.scaffold_1.1964,TRUE,TRUE,maternal zygotic
evm.TU.scaffold_1.1965,TRUE,TRUE,maternal zygotic
evm.TU.scaffold_1.1966,TRUE,TRUE,maternal zygotic
evm.TU.scaffold_1.1967,TRUE,TRUE,maternal zygotic
evm.TU.scaffold_1.1969,TRUE,TRUE,maternal zygotic
evm.TU.scaffold_1.1970,TRUE,TRUE,maternal zygotic
evm.TU.scaffold_1.1971,TRUE,TRUE,maternal zygotic
evm.TU.scaffold_1.1972,TRUE,TRUE,maternal zygotic
evm.TU.scaffold_1.1973,FALSE,FALSE,neither
evm.TU.scaffold_1.1974,FALSE,FALSE,neither
evm.TU.scaffold_1.1975,FALSE,FALSE,neither
evm.TU.scaffold_1.1976,TRUE,TRUE,maternal zygotic
evm.TU.scaffold_1.1977,TRUE,TRUE,maternal zygotic
evm.TU.scaffold_1.1978,TRUE,TRUE,maternal zygotic
evm.TU.scaffold_1.1979,TRUE,TRUE,maternal zygotic
evm.TU.scaffold_1.198,TRUE,TRUE,maternal zygotic
evm.TU.scaffold_1.1980,TRUE,TRUE,maternal zygotic
evm.TU.scaffold_1.1981,TRUE,TRUE,maternal zygotic
evm.TU.scaffold_1.1982,TRUE,TRUE,maternal zygotic
evm.TU.scaffold_1.1983,TRUE,TRUE,maternal zygotic
evm.TU.scaffold_1.1984,FALSE,FALSE,neither
evm.TU.scaffold_1.1985,TRUE,TRUE,maternal zygotic
evm.TU.scaffold_1.1986,FALSE,TRUE,zygotic
evm.TU.scaffold_1.1987,TRUE,TRUE,maternal zygotic
evm.TU.scaffold_1.1988,TRUE,TRUE,maternal zygotic
evm.TU.scaffold_1.1989,TRUE,TRUE,maternal zygotic
evm.TU.scaffold_1.1994,TRUE,TRUE,maternal zygotic
evm.TU.scaffold_1.1995,TRUE,TRUE,maternal zygotic
evm.TU.scaffold_1.1996,TRUE,TRUE,maternal zygotic
evm.TU.scaffold_1.1998,FALSE,FALSE,neither
evm.TU.scaffold_1.1999,TRUE,TRUE,maternal zygotic
evm.TU.scaffold_1.2,FALSE,FALSE,neither
evm.TU.scaffold_1.20,FALSE,FALSE,neither
evm.TU.scaffold_1.200,FALSE,FALSE,neither
evm.TU.scaffold_1.2000,TRUE,TRUE,maternal zygotic
evm.TU.scaffold_1.2001,FALSE,FALSE,neither
evm.TU.scaffold_1.2002,FALSE,TRUE,zygotic
evm.TU.scaffold_1.2003,FALSE,TRUE,zygotic
evm.TU.scaffold_1.2004,TRUE,TRUE,maternal zygotic
evm.TU.scaffold_1.2005,FALSE,FALSE,neither
evm.TU.scaffold_1.2006,TRUE,TRUE,maternal zygotic
evm.TU.scaffold_1.2007,TRUE,TRUE,maternal zygotic
evm.TU.scaffold_1.2008,FALSE,FALSE,neither
evm.TU.scaffold_1.2009,FALSE,FALSE,neither
evm.TU.scaffold_1.201,FALSE,FALSE,neither
evm.TU.scaffold_1.2010,TRUE,TRUE,maternal zygotic
evm.TU.scaffold_1.2011,FALSE,FALSE,neither
evm.TU.scaffold_1.2012,FALSE,FALSE,neither
evm.TU.scaffold_1.2013,TRUE,TRUE,maternal zygotic
evm.TU.scaffold_1.2014,TRUE,TRUE,maternal zygotic
evm.TU.scaffold_1.2015,TRUE,TRUE,maternal zygotic
evm.TU.scaffold_1.2016,TRUE,TRUE,maternal zygotic
evm.TU.scaffold_1.2017,TRUE,TRUE,maternal zygotic
evm.TU.scaffold_1.2018,TRUE,TRUE,maternal zygotic
evm.TU.scaffold_1.2019,TRUE,TRUE,maternal zygotic
evm.TU.scaffold_1.202,FALSE,FALSE,neither
evm.TU.scaffold_1.2020,TRUE,TRUE,maternal zygotic
evm.TU.scaffold_1.2021,TRUE,TRUE,maternal zygotic
evm.TU.scaffold_1.2022,FALSE,TRUE,zygotic
evm.TU.scaffold_1.2024,FALSE,TRUE,zygotic
evm.TU.scaffold_1.2026,FALSE,FALSE,neither
evm.TU.scaffold_1.2027,TRUE,TRUE,maternal zygotic
evm.TU.scaffold_1.2028,FALSE,FALSE,neither
evm.TU.scaffold_1.2029,FALSE,FALSE,neither
evm.TU.scaffold_1.2030,FALSE,FALSE,neither
evm.TU.scaffold_1.2032,FALSE,FALSE,neither
evm.TU.scaffold_1.2033,FALSE,FALSE,neither
evm.TU.scaffold_1.2034,FALSE,FALSE,neither
evm.TU.scaffold_1.2035,FALSE,FALSE,neither
evm.TU.scaffold_1.2036,FALSE,FALSE,neither
evm.TU.scaffold_1.2037,FALSE,FALSE,neither
evm.TU.scaffold_1.2038,FALSE,FALSE,neither
evm.TU.scaffold_1.2039,TRUE,TRUE,maternal zygotic
evm.TU.scaffold_1.204,TRUE,TRUE,maternal zygotic
evm.TU.scaffold_1.2040,TRUE,TRUE,maternal zygotic
evm.TU.scaffold_1.2041,FALSE,FALSE,neither
evm.TU.scaffold_1.2042,TRUE,TRUE,maternal zygotic
evm.TU.scaffold_1.2043,TRUE,TRUE,maternal zygotic
evm.TU.scaffold_1.2044,TRUE,TRUE,maternal zygotic
evm.TU.scaffold_1.2045,TRUE,TRUE,maternal zygotic
evm.TU.scaffold_1.2046,TRUE,TRUE,maternal zygotic
evm.TU.scaffold_1.2047,TRUE,TRUE,maternal zygotic
evm.TU.scaffold_1.2049,FALSE,FALSE,neither
evm.TU.scaffold_1.205,TRUE,TRUE,maternal zygotic
evm.TU.scaffold_1.2050,FALSE,FALSE,neither
evm.TU.scaffold_1.2051,FALSE,FALSE,neither
evm.TU.scaffold_1.2052,FALSE,FALSE,neither
evm.TU.scaffold_1.2053,TRUE,TRUE,maternal zygotic
evm.TU.scaffold_1.2054,FALSE,FALSE,neither
evm.TU.scaffold_1.2055,TRUE,TRUE,maternal zygotic
evm.TU.scaffold_1.2056,TRUE,TRUE,maternal zygotic
evm.TU.scaffold_1.2057,TRUE,FALSE,maternal
evm.TU.scaffold_1.2058,FALSE,FALSE,neither
evm.TU.scaffold_1.2059,FALSE,TRUE,zygotic
evm.TU.scaffold_1.206,TRUE,TRUE,maternal zygotic
evm.TU.scaffold_1.2060,TRUE,TRUE,maternal zygotic
evm.TU.scaffold_1.2061,FALSE,FALSE,neither
evm.TU.scaffold_1.2062,FALSE,FALSE,neither
evm.TU.scaffold_1.2063,FALSE,TRUE,zygotic
evm.TU.scaffold_1.2064,FALSE,TRUE,zygotic
evm.TU.scaffold_1.2065,FALSE,TRUE,zygotic
evm.TU.scaffold_1.2066,TRUE,TRUE,maternal zygotic
evm.TU.scaffold_1.2067,FALSE,TRUE,zygotic
evm.TU.scaffold_1.2068,TRUE,TRUE,maternal zygotic
evm.TU.scaffold_1.2069,TRUE,TRUE,maternal zygotic
evm.TU.scaffold_1.207,FALSE,TRUE,zygotic
evm.TU.scaffold_1.2070,TRUE,TRUE,maternal zygotic
evm.TU.scaffold_1.2071,TRUE,TRUE,maternal zygotic
evm.TU.scaffold_1.2072,TRUE,TRUE,maternal zygotic
evm.TU.scaffold_1.2073,FALSE,FALSE,neither
evm.TU.scaffold_1.2074,TRUE,TRUE,maternal zygotic
evm.TU.scaffold_1.2075,TRUE,TRUE,maternal zygotic
evm.TU.scaffold_1.2076,TRUE,TRUE,maternal zygotic
evm.TU.scaffold_1.2077,TRUE,TRUE,maternal zygotic
evm.TU.scaffold_1.2078,TRUE,TRUE,maternal zygotic
evm.TU.scaffold_1.2079,TRUE,TRUE,maternal zygotic
evm.TU.scaffold_1.208,FALSE,FALSE,neither
evm.TU.scaffold_1.2080,FALSE,FALSE,neither
evm.TU.scaffold_1.2081,FALSE,FALSE,neither
evm.TU.scaffold_1.2083,FALSE,FALSE,neither
evm.TU.scaffold_1.2085,TRUE,TRUE,maternal zygotic
evm.TU.scaffold_1.2086,FALSE,FALSE,neither
evm.TU.scaffold_1.2087,FALSE,FALSE,neither
evm.TU.scaffold_1.2088,FALSE,FALSE,neither
evm.TU.scaffold_1.2089,FALSE,TRUE,zygotic
evm.TU.scaffold_1.209,TRUE,TRUE,maternal zygotic
evm.TU.scaffold_1.2090,FALSE,TRUE,zygotic
evm.TU.scaffold_1.2091,FALSE,FALSE,neither
evm.TU.scaffold_1.2092,FALSE,FALSE,neither
evm.TU.scaffold_1.2094,FALSE,FALSE,neither
evm.TU.scaffold_1.2095,FALSE,FALSE,neither
evm.TU.scaffold_1.2096,FALSE,FALSE,neither
evm.TU.scaffold_1.2097_evm.TU.scaffold_1.2093,TRUE,TRUE,maternal zygotic
evm.TU.scaffold_1.2098,TRUE,TRUE,maternal zygotic
evm.TU.scaffold_1.2099,FALSE,FALSE,neither
evm.TU.scaffold_1.21,TRUE,TRUE,maternal zygotic
evm.TU.scaffold_1.2100,TRUE,TRUE,maternal zygotic
evm.TU.scaffold_1.2101,TRUE,TRUE,maternal zygotic
evm.TU.scaffold_1.2102,TRUE,TRUE,maternal zygotic
evm.TU.scaffold_1.2104,TRUE,TRUE,maternal zygotic
evm.TU.scaffold_1.2106,TRUE,TRUE,maternal zygotic
evm.TU.scaffold_1.2107,TRUE,TRUE,maternal zygotic
evm.TU.scaffold_1.2108,TRUE,TRUE,maternal zygotic
evm.TU.scaffold_1.2109,FALSE,FALSE,neither
evm.TU.scaffold_1.2110,TRUE,TRUE,maternal zygotic
evm.TU.scaffold_1.2111,TRUE,TRUE,maternal zygotic
evm.TU.scaffold_1.2112,TRUE,TRUE,maternal zygotic
evm.TU.scaffold_1.2113,FALSE,FALSE,neither
evm.TU.scaffold_1.2114,FALSE,FALSE,neither
evm.TU.scaffold_1.2116,FALSE,FALSE,neither
evm.TU.scaffold_1.2117,FALSE,FALSE,neither
evm.TU.scaffold_1.2118,FALSE,FALSE,neither
evm.TU.scaffold_1.2119,FALSE,FALSE,neither
evm.TU.scaffold_1.212,TRUE,TRUE,maternal zygotic
evm.TU.scaffold_1.2120,FALSE,FALSE,neither
evm.TU.scaffold_1.2123,TRUE,TRUE,maternal zygotic
evm.TU.scaffold_1.2124,FALSE,FALSE,neither
evm.TU.scaffold_1.2126,FALSE,FALSE,neither
evm.TU.scaffold_1.213,TRUE,TRUE,maternal zygotic
evm.TU.scaffold_1.2133,FALSE,FALSE,neither
evm.TU.scaffold_1.2135,FALSE,FALSE,neither
evm.TU.scaffold_1.2137,FALSE,FALSE,neither
evm.TU.scaffold_1.2138,FALSE,FALSE,neither
evm.TU.scaffold_1.2139,TRUE,TRUE,maternal zygotic
evm.TU.scaffold_1.214,TRUE,TRUE,maternal zygotic
evm.TU.scaffold_1.2140,TRUE,TRUE,maternal zygotic
evm.TU.scaffold_1.2141,TRUE,TRUE,maternal zygotic
evm.TU.scaffold_1.2142,TRUE,TRUE,maternal zygotic
evm.TU.scaffold_1.2143,TRUE,TRUE,maternal zygotic
evm.TU.scaffold_1.2144,TRUE,TRUE,maternal zygotic
evm.TU.scaffold_1.2145,TRUE,TRUE,maternal zygotic
evm.TU.scaffold_1.2147,FALSE,FALSE,neither
evm.TU.scaffold_1.2148,TRUE,TRUE,maternal zygotic
evm.TU.scaffold_1.2149,FALSE,FALSE,neither
evm.TU.scaffold_1.215,TRUE,TRUE,maternal zygotic
evm.TU.scaffold_1.2150,TRUE,TRUE,maternal zygotic
evm.TU.scaffold_1.2151,TRUE,TRUE,maternal zygotic
evm.TU.scaffold_1.2152,FALSE,FALSE,neither
evm.TU.scaffold_1.2153,FALSE,FALSE,neither
evm.TU.scaffold_1.2154,FALSE,FALSE,neither
evm.TU.scaffold_1.2157,FALSE,FALSE,neither
evm.TU.scaffold_1.216,TRUE,TRUE,maternal zygotic
evm.TU.scaffold_1.2160,FALSE,FALSE,neither
evm.TU.scaffold_1.2161,FALSE,FALSE,neither
evm.TU.scaffold_1.2162,TRUE,TRUE,maternal zygotic
evm.TU.scaffold_1.2164,TRUE,TRUE,maternal zygotic
evm.TU.scaffold_1.2166,FALSE,TRUE,zygotic
evm.TU.scaffold_1.2168,TRUE,TRUE,maternal zygotic
evm.TU.scaffold_1.2169,FALSE,FALSE,neither
evm.TU.scaffold_1.217,FALSE,FALSE,neither
evm.TU.scaffold_1.2170,FALSE,FALSE,neither
evm.TU.scaffold_1.2171,FALSE,FALSE,neither
evm.TU.scaffold_1.2172,FALSE,FALSE,neither
evm.TU.scaffold_1.2174,TRUE,TRUE,maternal zygotic
evm.TU.scaffold_1.2178,TRUE,TRUE,maternal zygotic
evm.TU.scaffold_1.2179,FALSE,FALSE,neither
evm.TU.scaffold_1.218,FALSE,FALSE,neither
evm.TU.scaffold_1.2181,FALSE,FALSE,neither
evm.TU.scaffold_1.2182,FALSE,FALSE,neither
evm.TU.scaffold_1.2183,FALSE,FALSE,neither
evm.TU.scaffold_1.2184,FALSE,FALSE,neither
evm.TU.scaffold_1.2185,FALSE,FALSE,neither
evm.TU.scaffold_1.2186,FALSE,FALSE,neither
evm.TU.scaffold_1.2187,FALSE,FALSE,neither
evm.TU.scaffold_1.2188,FALSE,FALSE,neither
evm.TU.scaffold_1.2189,FALSE,FALSE,neither
evm.TU.scaffold_1.219,FALSE,FALSE,neither
evm.TU.scaffold_1.2190,TRUE,TRUE,maternal zygotic
evm.TU.scaffold_1.2191,TRUE,TRUE,maternal zygotic
evm.TU.scaffold_1.2192,TRUE,TRUE,maternal zygotic
evm.TU.scaffold_1.2193,TRUE,TRUE,maternal zygotic
evm.TU.scaffold_1.2194,FALSE,FALSE,neither
evm.TU.scaffold_1.2195,TRUE,TRUE,maternal zygotic
evm.TU.scaffold_1.2196,TRUE,TRUE,maternal zygotic
evm.TU.scaffold_1.2197,TRUE,TRUE,maternal zygotic
evm.TU.scaffold_1.2198,TRUE,TRUE,maternal zygotic
evm.TU.scaffold_1.2199,TRUE,TRUE,maternal zygotic
evm.TU.scaffold_1.22,TRUE,TRUE,maternal zygotic
evm.TU.scaffold_1.2200,TRUE,TRUE,maternal zygotic
evm.TU.scaffold_1.2201,FALSE,FALSE,neither
evm.TU.scaffold_1.2202,TRUE,TRUE,maternal zygotic
evm.TU.scaffold_1.2203,TRUE,TRUE,maternal zygotic
evm.TU.scaffold_1.2204,TRUE,TRUE,maternal zygotic
evm.TU.scaffold_1.2205,TRUE,TRUE,maternal zygotic
evm.TU.scaffold_1.2206,TRUE,TRUE,maternal zygotic
evm.TU.scaffold_1.2207,TRUE,TRUE,maternal zygotic
evm.TU.scaffold_1.2208,TRUE,TRUE,maternal zygotic
evm.TU.scaffold_1.2209,FALSE,TRUE,zygotic
evm.TU.scaffold_1.2210,TRUE,TRUE,maternal zygotic
evm.TU.scaffold_1.2211,FALSE,FALSE,neither
evm.TU.scaffold_1.2212,FALSE,FALSE,neither
evm.TU.scaffold_1.2213,FALSE,FALSE,neither
evm.TU.scaffold_1.2214,FALSE,FALSE,neither
evm.TU.scaffold_1.2215,FALSE,FALSE,neither
evm.TU.scaffold_1.2216,FALSE,FALSE,neither
evm.TU.scaffold_1.2217,FALSE,FALSE,neither
evm.TU.scaffold_1.2218,FALSE,FALSE,neither
evm.TU.scaffold_1.222,FALSE,FALSE,neither
evm.TU.scaffold_1.2220,FALSE,FALSE,neither
evm.TU.scaffold_1.2221,FALSE,FALSE,neither
evm.TU.scaffold_1.2222,FALSE,TRUE,zygotic
evm.TU.scaffold_1.2223,TRUE,TRUE,maternal zygotic
evm.TU.scaffold_1.2224,FALSE,FALSE,neither
evm.TU.scaffold_1.2225,TRUE,TRUE,maternal zygotic
evm.TU.scaffold_1.2226,TRUE,TRUE,maternal zygotic
evm.TU.scaffold_1.2227,TRUE,TRUE,maternal zygotic
evm.TU.scaffold_1.2228,FALSE,FALSE,neither
evm.TU.scaffold_1.2229,FALSE,FALSE,neither
evm.TU.scaffold_1.223,FALSE,FALSE,neither
evm.TU.scaffold_1.2230,FALSE,FALSE,neither
evm.TU.scaffold_1.2231,FALSE,FALSE,neither
evm.TU.scaffold_1.2232,FALSE,FALSE,neither
evm.TU.scaffold_1.2233,FALSE,FALSE,neither
evm.TU.scaffold_1.2234,FALSE,FALSE,neither
evm.TU.scaffold_1.2235,FALSE,TRUE,zygotic
evm.TU.scaffold_1.2236,FALSE,TRUE,zygotic
evm.TU.scaffold_1.2237,TRUE,TRUE,maternal zygotic
evm.TU.scaffold_1.2238,FALSE,TRUE,zygotic
evm.TU.scaffold_1.224,FALSE,FALSE,neither
evm.TU.scaffold_1.2240,TRUE,TRUE,maternal zygotic
evm.TU.scaffold_1.2241,TRUE,TRUE,maternal zygotic
evm.TU.scaffold_1.2242,TRUE,TRUE,maternal zygotic
evm.TU.scaffold_1.2243,TRUE,TRUE,maternal zygotic
evm.TU.scaffold_1.2244,FALSE,FALSE,neither
evm.TU.scaffold_1.2245,TRUE,TRUE,maternal zygotic
evm.TU.scaffold_1.2246,FALSE,FALSE,neither
evm.TU.scaffold_1.2247,TRUE,TRUE,maternal zygotic
evm.TU.scaffold_1.2248,TRUE,TRUE,maternal zygotic
evm.TU.scaffold_1.2249,TRUE,TRUE,maternal zygotic
evm.TU.scaffold_1.2250,FALSE,FALSE,neither
evm.TU.scaffold_1.2251,TRUE,TRUE,maternal zygotic
evm.TU.scaffold_1.2253,TRUE,TRUE,maternal zygotic
evm.TU.scaffold_1.2254,TRUE,TRUE,maternal zygotic
evm.TU.scaffold_1.2255,TRUE,TRUE,maternal zygotic
evm.TU.scaffold_1.2257,TRUE,TRUE,maternal zygotic
evm.TU.scaffold_1.2258,TRUE,TRUE,maternal zygotic
evm.TU.scaffold_1.2259,FALSE,FALSE,neither
evm.TU.scaffold_1.226,FALSE,FALSE,neither
evm.TU.scaffold_1.2260,FALSE,FALSE,neither
evm.TU.scaffold_1.2263,TRUE,TRUE,maternal zygotic
evm.TU.scaffold_1.2264,TRUE,FALSE,maternal
evm.TU.scaffold_1.2267,FALSE,FALSE,neither
evm.TU.scaffold_1.2268,FALSE,FALSE,neither
evm.TU.scaffold_1.2269,FALSE,FALSE,neither
evm.TU.scaffold_1.227,FALSE,FALSE,neither
evm.TU.scaffold_1.2271,FALSE,FALSE,neither
evm.TU.scaffold_1.2272,FALSE,FALSE,neither
evm.TU.scaffold_1.2273,TRUE,TRUE,maternal zygotic
evm.TU.scaffold_1.2274,TRUE,TRUE,maternal zygotic
evm.TU.scaffold_1.2275,TRUE,TRUE,maternal zygotic
evm.TU.scaffold_1.2277,TRUE,TRUE,maternal zygotic
evm.TU.scaffold_1.2278,TRUE,TRUE,maternal zygotic
evm.TU.scaffold_1.2279,TRUE,TRUE,maternal zygotic
evm.TU.scaffold_1.228,FALSE,FALSE,neither
evm.TU.scaffold_1.2280,TRUE,TRUE,maternal zygotic
evm.TU.scaffold_1.2281,FALSE,TRUE,zygotic
evm.TU.scaffold_1.2282,FALSE,FALSE,neither
evm.TU.scaffold_1.2283,TRUE,TRUE,maternal zygotic
evm.TU.scaffold_1.2284,FALSE,FALSE,neither
evm.TU.scaffold_1.2285,FALSE,FALSE,neither
evm.TU.scaffold_1.2286,FALSE,FALSE,neither
evm.TU.scaffold_1.2287,FALSE,FALSE,neither
evm.TU.scaffold_1.2288,FALSE,FALSE,neither
evm.TU.scaffold_1.2289,FALSE,FALSE,neither
evm.TU.scaffold_1.2291,FALSE,FALSE,neither
evm.TU.scaffold_1.2293,FALSE,FALSE,neither
evm.TU.scaffold_1.2294,FALSE,FALSE,neither
evm.TU.scaffold_1.2295,TRUE,TRUE,maternal zygotic
evm.TU.scaffold_1.2296,TRUE,TRUE,maternal zygotic
evm.TU.scaffold_1.2297,TRUE,TRUE,maternal zygotic
evm.TU.scaffold_1.2298,TRUE,TRUE,maternal zygotic
evm.TU.scaffold_1.2299,TRUE,TRUE,maternal zygotic
evm.TU.scaffold_1.23,FALSE,FALSE,neither
evm.TU.scaffold_1.230,FALSE,FALSE,neither
evm.TU.scaffold_1.2300,FALSE,FALSE,neither
evm.TU.scaffold_1.2301,FALSE,FALSE,neither
evm.TU.scaffold_1.2302,FALSE,FALSE,neither
evm.TU.scaffold_1.2303,FALSE,FALSE,neither
evm.TU.scaffold_1.2304,FALSE,FALSE,neither
evm.TU.scaffold_1.2306,FALSE,FALSE,neither
evm.TU.scaffold_1.2307,FALSE,FALSE,neither
evm.TU.scaffold_1.2308,FALSE,FALSE,neither
evm.TU.scaffold_1.2309,FALSE,FALSE,neither
evm.TU.scaffold_1.2310,FALSE,FALSE,neither
evm.TU.scaffold_1.2311,FALSE,FALSE,neither
evm.TU.scaffold_1.2312,FALSE,FALSE,neither
evm.TU.scaffold_1.2313,FALSE,FALSE,neither
evm.TU.scaffold_1.2314,FALSE,FALSE,neither
evm.TU.scaffold_1.2316,FALSE,FALSE,neither
evm.TU.scaffold_1.2317,TRUE,TRUE,maternal zygotic
evm.TU.scaffold_1.2318,TRUE,TRUE,maternal zygotic
evm.TU.scaffold_1.232,FALSE,FALSE,neither
evm.TU.scaffold_1.2320,FALSE,FALSE,neither
evm.TU.scaffold_1.2321,TRUE,TRUE,maternal zygotic
evm.TU.scaffold_1.2322,TRUE,TRUE,maternal zygotic
evm.TU.scaffold_1.2323,TRUE,TRUE,maternal zygotic
evm.TU.scaffold_1.2324,FALSE,FALSE,neither
evm.TU.scaffold_1.2325,TRUE,TRUE,maternal zygotic
evm.TU.scaffold_1.2326,TRUE,TRUE,maternal zygotic
evm.TU.scaffold_1.2327,FALSE,FALSE,neither
evm.TU.scaffold_1.2328,TRUE,TRUE,maternal zygotic
evm.TU.scaffold_1.2329,TRUE,TRUE,maternal zygotic
evm.TU.scaffold_1.233,FALSE,FALSE,neither
evm.TU.scaffold_1.2330,TRUE,TRUE,maternal zygotic
evm.TU.scaffold_1.2331,TRUE,TRUE,maternal zygotic
evm.TU.scaffold_1.2334,FALSE,FALSE,neither
evm.TU.scaffold_1.2340,FALSE,FALSE,neither
evm.TU.scaffold_1.2343,FALSE,FALSE,neither
evm.TU.scaffold_1.2346,FALSE,FALSE,neither
evm.TU.scaffold_1.2347,FALSE,FALSE,neither
evm.TU.scaffold_1.2348,FALSE,FALSE,neither
evm.TU.scaffold_1.2349,FALSE,FALSE,neither
evm.TU.scaffold_1.2350,TRUE,TRUE,maternal zygotic
evm.TU.scaffold_1.2351,FALSE,FALSE,neither
evm.TU.scaffold_1.2352,FALSE,FALSE,neither
evm.TU.scaffold_1.2353,FALSE,TRUE,zygotic
evm.TU.scaffold_1.2354,TRUE,TRUE,maternal zygotic
evm.TU.scaffold_1.2355,TRUE,TRUE,maternal zygotic
evm.TU.scaffold_1.2356,TRUE,TRUE,maternal zygotic
evm.TU.scaffold_1.2357,TRUE,TRUE,maternal zygotic
evm.TU.scaffold_1.2358,TRUE,TRUE,maternal zygotic
evm.TU.scaffold_1.2359,FALSE,FALSE,neither
evm.TU.scaffold_1.2360,TRUE,TRUE,maternal zygotic
evm.TU.scaffold_1.2361,TRUE,TRUE,maternal zygotic
evm.TU.scaffold_1.2362,TRUE,TRUE,maternal zygotic
evm.TU.scaffold_1.2363,TRUE,TRUE,maternal zygotic
evm.TU.scaffold_1.2364,TRUE,TRUE,maternal zygotic
evm.TU.scaffold_1.2365,TRUE,TRUE,maternal zygotic
evm.TU.scaffold_1.2366,TRUE,TRUE,maternal zygotic
evm.TU.scaffold_1.2367,TRUE,TRUE,maternal zygotic
evm.TU.scaffold_1.2368,FALSE,TRUE,zygotic
evm.TU.scaffold_1.2369,TRUE,TRUE,maternal zygotic
evm.TU.scaffold_1.237,FALSE,FALSE,neither
evm.TU.scaffold_1.2370,TRUE,TRUE,maternal zygotic
evm.TU.scaffold_1.2371,TRUE,TRUE,maternal zygotic
evm.TU.scaffold_1.2372,TRUE,TRUE,maternal zygotic
evm.TU.scaffold_1.2373,TRUE,TRUE,maternal zygotic
evm.TU.scaffold_1.2374,TRUE,TRUE,maternal zygotic
evm.TU.scaffold_1.2375,TRUE,TRUE,maternal zygotic
evm.TU.scaffold_1.2376,TRUE,TRUE,maternal zygotic
evm.TU.scaffold_1.2377,TRUE,TRUE,maternal zygotic
evm.TU.scaffold_1.2378,TRUE,TRUE,maternal zygotic
evm.TU.scaffold_1.2379,TRUE,TRUE,maternal zygotic
evm.TU.scaffold_1.2380,TRUE,TRUE,maternal zygotic
evm.TU.scaffold_1.2381,TRUE,TRUE,maternal zygotic
evm.TU.scaffold_1.2382,TRUE,TRUE,maternal zygotic
evm.TU.scaffold_1.2383,TRUE,TRUE,maternal zygotic
evm.TU.scaffold_1.2384,FALSE,FALSE,neither
evm.TU.scaffold_1.2385,FALSE,FALSE,neither
evm.TU.scaffold_1.2386,TRUE,TRUE,maternal zygotic
evm.TU.scaffold_1.2387,TRUE,TRUE,maternal zygotic
evm.TU.scaffold_1.2388,TRUE,FALSE,maternal
evm.TU.scaffold_1.239,TRUE,TRUE,maternal zygotic
evm.TU.scaffold_1.2397,FALSE,FALSE,neither
evm.TU.scaffold_1.24,TRUE,TRUE,maternal zygotic
evm.TU.scaffold_1.2400,FALSE,FALSE,neither
evm.TU.scaffold_1.2401,TRUE,TRUE,maternal zygotic
evm.TU.scaffold_1.2402,TRUE,TRUE,maternal zygotic
evm.TU.scaffold_1.2403,TRUE,TRUE,maternal zygotic
evm.TU.scaffold_1.2404,TRUE,TRUE,maternal zygotic
evm.TU.scaffold_1.2405,TRUE,TRUE,maternal zygotic
evm.TU.scaffold_1.2406,TRUE,TRUE,maternal zygotic
evm.TU.scaffold_1.2407,TRUE,TRUE,maternal zygotic
evm.TU.scaffold_1.2408,TRUE,TRUE,maternal zygotic
evm.TU.scaffold_1.2409,TRUE,TRUE,maternal zygotic
evm.TU.scaffold_1.241,FALSE,FALSE,neither
evm.TU.scaffold_1.2410,TRUE,TRUE,maternal zygotic
evm.TU.scaffold_1.2411,FALSE,FALSE,neither
evm.TU.scaffold_1.2412,TRUE,TRUE,maternal zygotic
evm.TU.scaffold_1.2413,TRUE,TRUE,maternal zygotic
evm.TU.scaffold_1.2414,TRUE,TRUE,maternal zygotic
evm.TU.scaffold_1.2415,TRUE,FALSE,maternal
evm.TU.scaffold_1.2417,FALSE,FALSE,neither
evm.TU.scaffold_1.2418,FALSE,FALSE,neither
evm.TU.scaffold_1.2421,FALSE,FALSE,neither
evm.TU.scaffold_1.2422,FALSE,FALSE,neither
evm.TU.scaffold_1.2423,FALSE,FALSE,neither
evm.TU.scaffold_1.2424,TRUE,TRUE,maternal zygotic
evm.TU.scaffold_1.2425,TRUE,TRUE,maternal zygotic
evm.TU.scaffold_1.2426,TRUE,TRUE,maternal zygotic
evm.TU.scaffold_1.2427,TRUE,TRUE,maternal zygotic
evm.TU.scaffold_1.2428,TRUE,TRUE,maternal zygotic
evm.TU.scaffold_1.2429,TRUE,TRUE,maternal zygotic
evm.TU.scaffold_1.243,TRUE,TRUE,maternal zygotic
evm.TU.scaffold_1.2430,TRUE,TRUE,maternal zygotic
evm.TU.scaffold_1.2431,FALSE,FALSE,neither
evm.TU.scaffold_1.2432,FALSE,FALSE,neither
evm.TU.scaffold_1.2433_evm.TU.scaffold_1.2433_evm.TU.scaffold_1.2434,FALSE,FALSE,neither
evm.TU.scaffold_1.2435,FALSE,FALSE,neither
evm.TU.scaffold_1.2436,TRUE,TRUE,maternal zygotic
evm.TU.scaffold_1.2437,TRUE,TRUE,maternal zygotic
evm.TU.scaffold_1.2438,TRUE,TRUE,maternal zygotic
evm.TU.scaffold_1.2439,TRUE,TRUE,maternal zygotic
evm.TU.scaffold_1.244,TRUE,TRUE,maternal zygotic
evm.TU.scaffold_1.2440,TRUE,TRUE,maternal zygotic
evm.TU.scaffold_1.2441,TRUE,TRUE,maternal zygotic
evm.TU.scaffold_1.2442,TRUE,TRUE,maternal zygotic
evm.TU.scaffold_1.2443,TRUE,TRUE,maternal zygotic
evm.TU.scaffold_1.2444,TRUE,TRUE,maternal zygotic
evm.TU.scaffold_1.2445,TRUE,TRUE,maternal zygotic
evm.TU.scaffold_1.2446,FALSE,FALSE,neither
evm.TU.scaffold_1.2447,TRUE,FALSE,maternal
evm.TU.scaffold_1.2448,FALSE,FALSE,neither
evm.TU.scaffold_1.245,TRUE,TRUE,maternal zygotic
evm.TU.scaffold_1.2450,TRUE,TRUE,maternal zygotic
evm.TU.scaffold_1.2451,TRUE,TRUE,maternal zygotic
evm.TU.scaffold_1.2452,TRUE,TRUE,maternal zygotic
evm.TU.scaffold_1.2453,TRUE,TRUE,maternal zygotic
evm.TU.scaffold_1.2454,TRUE,TRUE,maternal zygotic
evm.TU.scaffold_1.2455,FALSE,FALSE,neither
evm.TU.scaffold_1.2456,TRUE,TRUE,maternal zygotic
evm.TU.scaffold_1.2457,TRUE,TRUE,maternal zygotic
evm.TU.scaffold_1.2458,TRUE,TRUE,maternal zygotic
evm.TU.scaffold_1.2459,TRUE,TRUE,maternal zygotic
evm.TU.scaffold_1.246,TRUE,TRUE,maternal zygotic
evm.TU.scaffold_1.2460,TRUE,TRUE,maternal zygotic
evm.TU.scaffold_1.2465,TRUE,TRUE,maternal zygotic
evm.TU.scaffold_1.2466,TRUE,TRUE,maternal zygotic
evm.TU.scaffold_1.2467,FALSE,FALSE,neither
evm.TU.scaffold_1.247,TRUE,TRUE,maternal zygotic
evm.TU.scaffold_1.2472,FALSE,FALSE,neither
evm.TU.scaffold_1.2473,FALSE,FALSE,neither
evm.TU.scaffold_1.2474,FALSE,FALSE,neither
evm.TU.scaffold_1.2475,FALSE,FALSE,neither
evm.TU.scaffold_1.2477,FALSE,FALSE,neither
evm.TU.scaffold_1.2479,FALSE,FALSE,neither
evm.TU.scaffold_1.248,FALSE,TRUE,zygotic
evm.TU.scaffold_1.2481,FALSE,FALSE,neither
evm.TU.scaffold_1.2482,FALSE,FALSE,neither
evm.TU.scaffold_1.2487,FALSE,FALSE,neither
evm.TU.scaffold_1.249,FALSE,TRUE,zygotic
evm.TU.scaffold_1.2492,FALSE,FALSE,neither
evm.TU.scaffold_1.2493,FALSE,FALSE,neither
evm.TU.scaffold_1.2494,FALSE,FALSE,neither
evm.TU.scaffold_1.2495,FALSE,FALSE,neither
evm.TU.scaffold_1.2496,TRUE,TRUE,maternal zygotic
evm.TU.scaffold_1.2497,FALSE,FALSE,neither
evm.TU.scaffold_1.2498,TRUE,TRUE,maternal zygotic
evm.TU.scaffold_1.2499,FALSE,FALSE,neither
evm.TU.scaffold_1.25,TRUE,TRUE,maternal zygotic
evm.TU.scaffold_1.2500,TRUE,TRUE,maternal zygotic
evm.TU.scaffold_1.2502,FALSE,FALSE,neither
evm.TU.scaffold_1.2505,FALSE,FALSE,neither
evm.TU.scaffold_1.2506,FALSE,FALSE,neither
evm.TU.scaffold_1.2507,FALSE,FALSE,neither
evm.TU.scaffold_1.2508,FALSE,TRUE,zygotic
evm.TU.scaffold_1.2509,FALSE,TRUE,zygotic
evm.TU.scaffold_1.2511,TRUE,TRUE,maternal zygotic
evm.TU.scaffold_1.2512,FALSE,FALSE,neither
evm.TU.scaffold_1.2513,TRUE,TRUE,maternal zygotic
evm.TU.scaffold_1.2514,TRUE,TRUE,maternal zygotic
evm.TU.scaffold_1.2515,TRUE,TRUE,maternal zygotic
evm.TU.scaffold_1.2516,FALSE,FALSE,neither
evm.TU.scaffold_1.2517,FALSE,TRUE,zygotic
evm.TU.scaffold_1.2518,FALSE,TRUE,zygotic
evm.TU.scaffold_1.2519,FALSE,FALSE,neither
evm.TU.scaffold_1.2520,FALSE,FALSE,neither
evm.TU.scaffold_1.2521,FALSE,FALSE,neither
evm.TU.scaffold_1.2522,FALSE,FALSE,neither
evm.TU.scaffold_1.2523,FALSE,TRUE,zygotic
evm.TU.scaffold_1.2524,FALSE,FALSE,neither
evm.TU.scaffold_1.2525,TRUE,TRUE,maternal zygotic
evm.TU.scaffold_1.2526,TRUE,FALSE,maternal
evm.TU.scaffold_1.2529,TRUE,TRUE,maternal zygotic
evm.TU.scaffold_1.2530,FALSE,FALSE,neither
evm.TU.scaffold_1.2533,FALSE,FALSE,neither
evm.TU.scaffold_1.2534,FALSE,FALSE,neither
evm.TU.scaffold_1.2535,FALSE,FALSE,neither
evm.TU.scaffold_1.2536,FALSE,FALSE,neither
evm.TU.scaffold_1.2537,FALSE,FALSE,neither
evm.TU.scaffold_1.2538,FALSE,FALSE,neither
evm.TU.scaffold_1.2539,TRUE,TRUE,maternal zygotic
evm.TU.scaffold_1.254,TRUE,TRUE,maternal zygotic
evm.TU.scaffold_1.2540,FALSE,FALSE,neither
evm.TU.scaffold_1.2541,FALSE,FALSE,neither
evm.TU.scaffold_1.2543,FALSE,TRUE,zygotic
evm.TU.scaffold_1.2544,FALSE,FALSE,neither
evm.TU.scaffold_1.2545,TRUE,TRUE,maternal zygotic
evm.TU.scaffold_1.2546,TRUE,TRUE,maternal zygotic
evm.TU.scaffold_1.2547,TRUE,TRUE,maternal zygotic
evm.TU.scaffold_1.2549,TRUE,TRUE,maternal zygotic
evm.TU.scaffold_1.255,FALSE,FALSE,neither
evm.TU.scaffold_1.2550,TRUE,TRUE,maternal zygotic
evm.TU.scaffold_1.2551,FALSE,FALSE,neither
evm.TU.scaffold_1.2552,TRUE,TRUE,maternal zygotic
evm.TU.scaffold_1.2553,TRUE,TRUE,maternal zygotic
evm.TU.scaffold_1.2554,TRUE,TRUE,maternal zygotic
evm.TU.scaffold_1.2555,TRUE,TRUE,maternal zygotic
evm.TU.scaffold_1.2556,TRUE,TRUE,maternal zygotic
evm.TU.scaffold_1.2558,FALSE,FALSE,neither
evm.TU.scaffold_1.2559,FALSE,TRUE,zygotic
evm.TU.scaffold_1.256,FALSE,FALSE,neither
evm.TU.scaffold_1.2560,TRUE,TRUE,maternal zygotic
evm.TU.scaffold_1.2561,TRUE,TRUE,maternal zygotic
evm.TU.scaffold_1.2563,FALSE,FALSE,neither
evm.TU.scaffold_1.2564,FALSE,FALSE,neither
evm.TU.scaffold_1.2567,TRUE,TRUE,maternal zygotic
evm.TU.scaffold_1.2568,FALSE,FALSE,neither
evm.TU.scaffold_1.2569,FALSE,FALSE,neither
evm.TU.scaffold_1.257,FALSE,FALSE,neither
evm.TU.scaffold_1.2573,FALSE,FALSE,neither
evm.TU.scaffold_1.2574,FALSE,FALSE,neither
evm.TU.scaffold_1.2575,FALSE,FALSE,neither
evm.TU.scaffold_1.2576,FALSE,FALSE,neither
evm.TU.scaffold_1.2577,TRUE,TRUE,maternal zygotic
evm.TU.scaffold_1.2578,TRUE,TRUE,maternal zygotic
evm.TU.scaffold_1.2579,FALSE,FALSE,neither
evm.TU.scaffold_1.258,FALSE,FALSE,neither
evm.TU.scaffold_1.2580,TRUE,TRUE,maternal zygotic
evm.TU.scaffold_1.2581,TRUE,TRUE,maternal zygotic
evm.TU.scaffold_1.2582,TRUE,TRUE,maternal zygotic
evm.TU.scaffold_1.2583,TRUE,TRUE,maternal zygotic
evm.TU.scaffold_1.2584,TRUE,TRUE,maternal zygotic
evm.TU.scaffold_1.2585,FALSE,FALSE,neither
evm.TU.scaffold_1.2586,TRUE,TRUE,maternal zygotic
evm.TU.scaffold_1.2587,TRUE,TRUE,maternal zygotic
evm.TU.scaffold_1.2588,TRUE,TRUE,maternal zygotic
evm.TU.scaffold_1.2589,FALSE,FALSE,neither
evm.TU.scaffold_1.259,FALSE,FALSE,neither
evm.TU.scaffold_1.2590,FALSE,FALSE,neither
evm.TU.scaffold_1.2592,FALSE,FALSE,neither
evm.TU.scaffold_1.2593,FALSE,FALSE,neither
evm.TU.scaffold_1.2594,TRUE,TRUE,maternal zygotic
evm.TU.scaffold_1.2595,FALSE,FALSE,neither
evm.TU.scaffold_1.2596,FALSE,FALSE,neither
evm.TU.scaffold_1.2597,FALSE,FALSE,neither
evm.TU.scaffold_1.2598,FALSE,FALSE,neither
evm.TU.scaffold_1.26,TRUE,TRUE,maternal zygotic
evm.TU.scaffold_1.260,FALSE,FALSE,neither
evm.TU.scaffold_1.2600,FALSE,FALSE,neither
evm.TU.scaffold_1.2601,FALSE,FALSE,neither
evm.TU.scaffold_1.2602,FALSE,FALSE,neither
evm.TU.scaffold_1.2603,FALSE,FALSE,neither
evm.TU.scaffold_1.2604,FALSE,FALSE,neither
evm.TU.scaffold_1.2607,FALSE,FALSE,neither
evm.TU.scaffold_1.2609,FALSE,FALSE,neither
evm.TU.scaffold_1.261,TRUE,TRUE,maternal zygotic
evm.TU.scaffold_1.2610,FALSE,FALSE,neither
evm.TU.scaffold_1.2611,FALSE,FALSE,neither
evm.TU.scaffold_1.2615,FALSE,FALSE,neither
evm.TU.scaffold_1.2616,FALSE,FALSE,neither
evm.TU.scaffold_1.2617,TRUE,TRUE,maternal zygotic
evm.TU.scaffold_1.2618,TRUE,TRUE,maternal zygotic
evm.TU.scaffold_1.2619,TRUE,TRUE,maternal zygotic
evm.TU.scaffold_1.262,TRUE,TRUE,maternal zygotic
evm.TU.scaffold_1.2620,TRUE,TRUE,maternal zygotic
evm.TU.scaffold_1.2621,TRUE,TRUE,maternal zygotic
evm.TU.scaffold_1.2622,TRUE,TRUE,maternal zygotic
evm.TU.scaffold_1.2623,TRUE,TRUE,maternal zygotic
evm.TU.scaffold_1.2624,TRUE,TRUE,maternal zygotic
evm.TU.scaffold_1.2625,FALSE,FALSE,neither
evm.TU.scaffold_1.2626,TRUE,TRUE,maternal zygotic
evm.TU.scaffold_1.2627,TRUE,TRUE,maternal zygotic
evm.TU.scaffold_1.2628,TRUE,TRUE,maternal zygotic
evm.TU.scaffold_1.2629,FALSE,FALSE,neither
evm.TU.scaffold_1.263,FALSE,FALSE,neither
evm.TU.scaffold_1.2630,FALSE,FALSE,neither
evm.TU.scaffold_1.2631,TRUE,TRUE,maternal zygotic
evm.TU.scaffold_1.2632,TRUE,TRUE,maternal zygotic
evm.TU.scaffold_1.2633,TRUE,TRUE,maternal zygotic
evm.TU.scaffold_1.2634,TRUE,TRUE,maternal zygotic
evm.TU.scaffold_1.2635,TRUE,TRUE,maternal zygotic
evm.TU.scaffold_1.2636,TRUE,TRUE,maternal zygotic
evm.TU.scaffold_1.2637,TRUE,TRUE,maternal zygotic
evm.TU.scaffold_1.2638,TRUE,TRUE,maternal zygotic
evm.TU.scaffold_1.2639,TRUE,TRUE,maternal zygotic
evm.TU.scaffold_1.2640,FALSE,TRUE,zygotic
evm.TU.scaffold_1.2643,TRUE,TRUE,maternal zygotic
evm.TU.scaffold_1.2644,FALSE,TRUE,zygotic
evm.TU.scaffold_1.2645,TRUE,TRUE,maternal zygotic
evm.TU.scaffold_1.2646,TRUE,TRUE,maternal zygotic
evm.TU.scaffold_1.2647,FALSE,FALSE,neither
evm.TU.scaffold_1.2648,TRUE,TRUE,maternal zygotic
evm.TU.scaffold_1.2649,FALSE,TRUE,zygotic
evm.TU.scaffold_1.265,FALSE,TRUE,zygotic
evm.TU.scaffold_1.2651,TRUE,TRUE,maternal zygotic
evm.TU.scaffold_1.2652,FALSE,TRUE,zygotic
evm.TU.scaffold_1.2653,TRUE,TRUE,maternal zygotic
evm.TU.scaffold_1.2654,TRUE,TRUE,maternal zygotic
evm.TU.scaffold_1.2658,FALSE,FALSE,neither
evm.TU.scaffold_1.2659,TRUE,TRUE,maternal zygotic
evm.TU.scaffold_1.266,FALSE,FALSE,neither
evm.TU.scaffold_1.2660,FALSE,FALSE,neither
evm.TU.scaffold_1.2661,FALSE,FALSE,neither
evm.TU.scaffold_1.2665,FALSE,FALSE,neither
evm.TU.scaffold_1.2666,FALSE,FALSE,neither
evm.TU.scaffold_1.267,FALSE,FALSE,neither
evm.TU.scaffold_1.2670,FALSE,FALSE,neither
evm.TU.scaffold_1.2671,TRUE,TRUE,maternal zygotic
evm.TU.scaffold_1.2672,TRUE,TRUE,maternal zygotic
evm.TU.scaffold_1.2673,TRUE,TRUE,maternal zygotic
evm.TU.scaffold_1.2674,TRUE,TRUE,maternal zygotic
evm.TU.scaffold_1.2675,TRUE,TRUE,maternal zygotic
evm.TU.scaffold_1.2676,FALSE,FALSE,neither
evm.TU.scaffold_1.2677,FALSE,TRUE,zygotic
evm.TU.scaffold_1.2678,TRUE,TRUE,maternal zygotic
evm.TU.scaffold_1.2679,TRUE,TRUE,maternal zygotic
evm.TU.scaffold_1.268,TRUE,TRUE,maternal zygotic
evm.TU.scaffold_1.2680,FALSE,TRUE,zygotic
evm.TU.scaffold_1.2681,TRUE,TRUE,maternal zygotic
evm.TU.scaffold_1.2682,FALSE,FALSE,neither
evm.TU.scaffold_1.2683,FALSE,FALSE,neither
evm.TU.scaffold_1.2684,FALSE,FALSE,neither
evm.TU.scaffold_1.2685,FALSE,TRUE,zygotic
evm.TU.scaffold_1.2686,FALSE,FALSE,neither
evm.TU.scaffold_1.2687,TRUE,TRUE,maternal zygotic
evm.TU.scaffold_1.2688,FALSE,FALSE,neither
evm.TU.scaffold_1.2692,FALSE,TRUE,zygotic
evm.TU.scaffold_1.2693,TRUE,TRUE,maternal zygotic
evm.TU.scaffold_1.2694,TRUE,TRUE,maternal zygotic
evm.TU.scaffold_1.2695,TRUE,TRUE,maternal zygotic
evm.TU.scaffold_1.2696,TRUE,TRUE,maternal zygotic
evm.TU.scaffold_1.2697,TRUE,FALSE,maternal
evm.TU.scaffold_1.2698,TRUE,TRUE,maternal zygotic
evm.TU.scaffold_1.2699,TRUE,TRUE,maternal zygotic
evm.TU.scaffold_1.27,TRUE,TRUE,maternal zygotic
evm.TU.scaffold_1.270,TRUE,FALSE,maternal
evm.TU.scaffold_1.2700,TRUE,TRUE,maternal zygotic
evm.TU.scaffold_1.2701,TRUE,TRUE,maternal zygotic
evm.TU.scaffold_1.2702,FALSE,FALSE,neither
evm.TU.scaffold_1.2703,FALSE,TRUE,zygotic
evm.TU.scaffold_1.2704,FALSE,TRUE,zygotic
evm.TU.scaffold_1.2705,FALSE,FALSE,neither
evm.TU.scaffold_1.2706,FALSE,FALSE,neither
evm.TU.scaffold_1.2707,FALSE,FALSE,neither
evm.TU.scaffold_1.2708,TRUE,TRUE,maternal zygotic
evm.TU.scaffold_1.2709,FALSE,TRUE,zygotic
evm.TU.scaffold_1.271,FALSE,FALSE,neither
evm.TU.scaffold_1.2710,TRUE,TRUE,maternal zygotic
evm.TU.scaffold_1.2711,FALSE,FALSE,neither
evm.TU.scaffold_1.2712,FALSE,FALSE,neither
evm.TU.scaffold_1.2713_evm.TU.scaffold_1.2714,TRUE,TRUE,maternal zygotic
evm.TU.scaffold_1.2715,TRUE,TRUE,maternal zygotic
evm.TU.scaffold_1.2716,TRUE,TRUE,maternal zygotic
evm.TU.scaffold_1.2717,TRUE,TRUE,maternal zygotic
evm.TU.scaffold_1.2718,TRUE,TRUE,maternal zygotic
evm.TU.scaffold_1.2719,TRUE,TRUE,maternal zygotic
evm.TU.scaffold_1.272,FALSE,FALSE,neither
evm.TU.scaffold_1.2720,TRUE,TRUE,maternal zygotic
evm.TU.scaffold_1.2721,FALSE,FALSE,neither
evm.TU.scaffold_1.2722,FALSE,FALSE,neither
evm.TU.scaffold_1.2723,TRUE,TRUE,maternal zygotic
evm.TU.scaffold_1.2724,FALSE,TRUE,zygotic
evm.TU.scaffold_1.2725,TRUE,TRUE,maternal zygotic
evm.TU.scaffold_1.2728,FALSE,FALSE,neither
evm.TU.scaffold_1.273,TRUE,TRUE,maternal zygotic
evm.TU.scaffold_1.2730,FALSE,FALSE,neither
evm.TU.scaffold_1.2733,FALSE,TRUE,zygotic
evm.TU.scaffold_1.2734,TRUE,TRUE,maternal zygotic
evm.TU.scaffold_1.2739,TRUE,TRUE,maternal zygotic
evm.TU.scaffold_1.274,TRUE,TRUE,maternal zygotic
evm.TU.scaffold_1.2745,TRUE,TRUE,maternal zygotic
evm.TU.scaffold_1.2746,TRUE,TRUE,maternal zygotic
evm.TU.scaffold_1.2747,TRUE,TRUE,maternal zygotic
evm.TU.scaffold_1.2748,TRUE,TRUE,maternal zygotic
evm.TU.scaffold_1.2749,FALSE,FALSE,neither
evm.TU.scaffold_1.275,TRUE,TRUE,maternal zygotic
evm.TU.scaffold_1.2750,FALSE,FALSE,neither
evm.TU.scaffold_1.2751,FALSE,FALSE,neither
evm.TU.scaffold_1.2752,FALSE,FALSE,neither
evm.TU.scaffold_1.2753,FALSE,FALSE,neither
evm.TU.scaffold_1.2754,FALSE,FALSE,neither
evm.TU.scaffold_1.2755,FALSE,FALSE,neither
evm.TU.scaffold_1.2756,FALSE,FALSE,neither
evm.TU.scaffold_1.2759,FALSE,FALSE,neither
evm.TU.scaffold_1.276,FALSE,TRUE,zygotic
evm.TU.scaffold_1.2760,FALSE,FALSE,neither
evm.TU.scaffold_1.2761,TRUE,TRUE,maternal zygotic
evm.TU.scaffold_1.2762,FALSE,TRUE,zygotic
evm.TU.scaffold_1.2763,FALSE,FALSE,neither
evm.TU.scaffold_1.2764,TRUE,TRUE,maternal zygotic
evm.TU.scaffold_1.2767_evm.TU.scaffold_1.2768_evm.TU.scaffold_1.2769,FALSE,FALSE,neither
evm.TU.scaffold_1.277,FALSE,FALSE,neither
evm.TU.scaffold_1.2770,TRUE,TRUE,maternal zygotic
evm.TU.scaffold_1.2771,TRUE,TRUE,maternal zygotic
evm.TU.scaffold_1.2772,TRUE,TRUE,maternal zygotic
evm.TU.scaffold_1.2773,TRUE,TRUE,maternal zygotic
evm.TU.scaffold_1.2774,FALSE,FALSE,neither
evm.TU.scaffold_1.2775,TRUE,TRUE,maternal zygotic
evm.TU.scaffold_1.2776,TRUE,TRUE,maternal zygotic
evm.TU.scaffold_1.2777,FALSE,FALSE,neither
evm.TU.scaffold_1.2778,FALSE,FALSE,neither
evm.TU.scaffold_1.2779,FALSE,FALSE,neither
evm.TU.scaffold_1.278,FALSE,FALSE,neither
evm.TU.scaffold_1.2780,TRUE,TRUE,maternal zygotic
evm.TU.scaffold_1.2781,TRUE,TRUE,maternal zygotic
evm.TU.scaffold_1.2782,TRUE,TRUE,maternal zygotic
evm.TU.scaffold_1.2783,FALSE,FALSE,neither
evm.TU.scaffold_1.2785,TRUE,TRUE,maternal zygotic
evm.TU.scaffold_1.2786,TRUE,TRUE,maternal zygotic
evm.TU.scaffold_1.2788,TRUE,TRUE,maternal zygotic
evm.TU.scaffold_1.2789,TRUE,TRUE,maternal zygotic
evm.TU.scaffold_1.2792,FALSE,FALSE,neither
evm.TU.scaffold_1.2793,FALSE,FALSE,neither
evm.TU.scaffold_1.2794,FALSE,TRUE,zygotic
evm.TU.scaffold_1.2795,FALSE,FALSE,neither
evm.TU.scaffold_1.2796,FALSE,FALSE,neither
evm.TU.scaffold_1.2797,FALSE,FALSE,neither
evm.TU.scaffold_1.2798,FALSE,FALSE,neither
evm.TU.scaffold_1.2799,FALSE,FALSE,neither
evm.TU.scaffold_1.28,TRUE,TRUE,maternal zygotic
evm.TU.scaffold_1.2801,FALSE,FALSE,neither
evm.TU.scaffold_1.2802,FALSE,FALSE,neither
evm.TU.scaffold_1.2803,FALSE,FALSE,neither
evm.TU.scaffold_1.2804,FALSE,FALSE,neither
evm.TU.scaffold_1.2806,FALSE,FALSE,neither
evm.TU.scaffold_1.2807,FALSE,FALSE,neither
evm.TU.scaffold_1.2808,FALSE,FALSE,neither
evm.TU.scaffold_1.2809,FALSE,FALSE,neither
evm.TU.scaffold_1.2814,FALSE,FALSE,neither
evm.TU.scaffold_1.2815,FALSE,FALSE,neither
evm.TU.scaffold_1.2816,TRUE,TRUE,maternal zygotic
evm.TU.scaffold_1.2817,TRUE,TRUE,maternal zygotic
evm.TU.scaffold_1.2818,TRUE,TRUE,maternal zygotic
evm.TU.scaffold_1.2819,TRUE,TRUE,maternal zygotic
evm.TU.scaffold_1.282,TRUE,TRUE,maternal zygotic
evm.TU.scaffold_1.2820,TRUE,TRUE,maternal zygotic
evm.TU.scaffold_1.2821,TRUE,TRUE,maternal zygotic
evm.TU.scaffold_1.2822,TRUE,TRUE,maternal zygotic
evm.TU.scaffold_1.2823,TRUE,TRUE,maternal zygotic
evm.TU.scaffold_1.2824,TRUE,TRUE,maternal zygotic
evm.TU.scaffold_1.2825,TRUE,TRUE,maternal zygotic
evm.TU.scaffold_1.2826,TRUE,TRUE,maternal zygotic
evm.TU.scaffold_1.2827,TRUE,TRUE,maternal zygotic
evm.TU.scaffold_1.2828,TRUE,TRUE,maternal zygotic
evm.TU.scaffold_1.2829,FALSE,FALSE,neither
evm.TU.scaffold_1.283,FALSE,FALSE,neither
evm.TU.scaffold_1.2830,TRUE,TRUE,maternal zygotic
evm.TU.scaffold_1.2831,FALSE,FALSE,neither
evm.TU.scaffold_1.2832,TRUE,TRUE,maternal zygotic
evm.TU.scaffold_1.2833,TRUE,TRUE,maternal zygotic
evm.TU.scaffold_1.2834,TRUE,TRUE,maternal zygotic
evm.TU.scaffold_1.2835,FALSE,TRUE,zygotic
evm.TU.scaffold_1.2836,FALSE,FALSE,neither
evm.TU.scaffold_1.2837,FALSE,FALSE,neither
evm.TU.scaffold_1.2838,FALSE,FALSE,neither
evm.TU.scaffold_1.284,FALSE,FALSE,neither
evm.TU.scaffold_1.2840,FALSE,FALSE,neither
evm.TU.scaffold_1.2841,FALSE,FALSE,neither
evm.TU.scaffold_1.2842,FALSE,FALSE,neither
evm.TU.scaffold_1.2843,FALSE,FALSE,neither
evm.TU.scaffold_1.2846,TRUE,TRUE,maternal zygotic
evm.TU.scaffold_1.2847,TRUE,TRUE,maternal zygotic
evm.TU.scaffold_1.2848,FALSE,TRUE,zygotic
evm.TU.scaffold_1.2849,FALSE,FALSE,neither
evm.TU.scaffold_1.285,FALSE,FALSE,neither
evm.TU.scaffold_1.2850,FALSE,FALSE,neither
evm.TU.scaffold_1.2851,FALSE,FALSE,neither
evm.TU.scaffold_1.2852,FALSE,FALSE,neither
evm.TU.scaffold_1.2853,FALSE,FALSE,neither
evm.TU.scaffold_1.2854,FALSE,FALSE,neither
evm.TU.scaffold_1.2855,FALSE,FALSE,neither
evm.TU.scaffold_1.2856,FALSE,FALSE,neither
evm.TU.scaffold_1.2857,FALSE,TRUE,zygotic
evm.TU.scaffold_1.2858,FALSE,FALSE,neither
evm.TU.scaffold_1.2859,FALSE,FALSE,neither
evm.TU.scaffold_1.286,FALSE,FALSE,neither
evm.TU.scaffold_1.2860,FALSE,FALSE,neither
evm.TU.scaffold_1.2861,FALSE,FALSE,neither
evm.TU.scaffold_1.2862,TRUE,TRUE,maternal zygotic
evm.TU.scaffold_1.2863,FALSE,FALSE,neither
evm.TU.scaffold_1.2864,TRUE,TRUE,maternal zygotic
evm.TU.scaffold_1.2865,FALSE,FALSE,neither
evm.TU.scaffold_1.2866,TRUE,TRUE,maternal zygotic
evm.TU.scaffold_1.2867,TRUE,TRUE,maternal zygotic
evm.TU.scaffold_1.2868,FALSE,FALSE,neither
evm.TU.scaffold_1.2869,FALSE,FALSE,neither
evm.TU.scaffold_1.287,FALSE,FALSE,neither
evm.TU.scaffold_1.2870,TRUE,FALSE,maternal
evm.TU.scaffold_1.2871,FALSE,FALSE,neither
evm.TU.scaffold_1.2872,FALSE,FALSE,neither
evm.TU.scaffold_1.2873,TRUE,TRUE,maternal zygotic
evm.TU.scaffold_1.2874,TRUE,TRUE,maternal zygotic
evm.TU.scaffold_1.2875,TRUE,TRUE,maternal zygotic
evm.TU.scaffold_1.2876,FALSE,FALSE,neither
evm.TU.scaffold_1.2877,FALSE,FALSE,neither
evm.TU.scaffold_1.2879,TRUE,TRUE,maternal zygotic
evm.TU.scaffold_1.288,FALSE,FALSE,neither
evm.TU.scaffold_1.2880,TRUE,TRUE,maternal zygotic
evm.TU.scaffold_1.2881,TRUE,TRUE,maternal zygotic
evm.TU.scaffold_1.2883,FALSE,FALSE,neither
evm.TU.scaffold_1.2886,TRUE,TRUE,maternal zygotic
evm.TU.scaffold_1.2889,FALSE,FALSE,neither
evm.TU.scaffold_1.289,FALSE,FALSE,neither
evm.TU.scaffold_1.2890,TRUE,TRUE,maternal zygotic
evm.TU.scaffold_1.2891,TRUE,TRUE,maternal zygotic
evm.TU.scaffold_1.2892,TRUE,TRUE,maternal zygotic
evm.TU.scaffold_1.2893,TRUE,TRUE,maternal zygotic
evm.TU.scaffold_1.2894,FALSE,FALSE,neither
evm.TU.scaffold_1.2895,FALSE,FALSE,neither
evm.TU.scaffold_1.2896,FALSE,FALSE,neither
evm.TU.scaffold_1.2897,FALSE,FALSE,neither
evm.TU.scaffold_1.2898_evm.TU.scaffold_1.2899,FALSE,TRUE,zygotic
evm.TU.scaffold_1.290,FALSE,FALSE,neither
evm.TU.scaffold_1.2900,FALSE,FALSE,neither
evm.TU.scaffold_1.2901,FALSE,FALSE,neither
evm.TU.scaffold_1.2902,FALSE,FALSE,neither
evm.TU.scaffold_1.2903,FALSE,FALSE,neither
evm.TU.scaffold_1.2904,FALSE,FALSE,neither
evm.TU.scaffold_1.2905,FALSE,FALSE,neither
evm.TU.scaffold_1.2906,FALSE,FALSE,neither
evm.TU.scaffold_1.2907,FALSE,FALSE,neither
evm.TU.scaffold_1.2908,FALSE,TRUE,zygotic
evm.TU.scaffold_1.2909,FALSE,FALSE,neither
evm.TU.scaffold_1.291,FALSE,FALSE,neither
evm.TU.scaffold_1.2910,TRUE,TRUE,maternal zygotic
evm.TU.scaffold_1.2911,TRUE,TRUE,maternal zygotic
evm.TU.scaffold_1.2912,TRUE,TRUE,maternal zygotic
evm.TU.scaffold_1.2913,TRUE,TRUE,maternal zygotic
evm.TU.scaffold_1.2914,TRUE,TRUE,maternal zygotic
evm.TU.scaffold_1.2915,FALSE,FALSE,neither
evm.TU.scaffold_1.2916,FALSE,FALSE,neither
evm.TU.scaffold_1.2917,TRUE,TRUE,maternal zygotic
evm.TU.scaffold_1.2918,TRUE,TRUE,maternal zygotic
evm.TU.scaffold_1.2919,TRUE,TRUE,maternal zygotic
evm.TU.scaffold_1.292,FALSE,FALSE,neither
evm.TU.scaffold_1.2920,TRUE,TRUE,maternal zygotic
evm.TU.scaffold_1.2921,TRUE,TRUE,maternal zygotic
evm.TU.scaffold_1.2922,TRUE,TRUE,maternal zygotic
evm.TU.scaffold_1.2923,TRUE,TRUE,maternal zygotic
evm.TU.scaffold_1.2924,TRUE,TRUE,maternal zygotic
evm.TU.scaffold_1.2925,TRUE,TRUE,maternal zygotic
evm.TU.scaffold_1.2926,TRUE,TRUE,maternal zygotic
evm.TU.scaffold_1.2927,TRUE,TRUE,maternal zygotic
evm.TU.scaffold_1.2928,FALSE,TRUE,zygotic
evm.TU.scaffold_1.293,FALSE,FALSE,neither
evm.TU.scaffold_1.2930,FALSE,FALSE,neither
evm.TU.scaffold_1.2931,FALSE,FALSE,neither
evm.TU.scaffold_1.2933,FALSE,FALSE,neither
evm.TU.scaffold_1.2934,FALSE,FALSE,neither
evm.TU.scaffold_1.2935,TRUE,TRUE,maternal zygotic
evm.TU.scaffold_1.2936,TRUE,TRUE,maternal zygotic
evm.TU.scaffold_1.2937,TRUE,TRUE,maternal zygotic
evm.TU.scaffold_1.2938,TRUE,TRUE,maternal zygotic
evm.TU.scaffold_1.2939,FALSE,FALSE,neither
evm.TU.scaffold_1.294,FALSE,FALSE,neither
evm.TU.scaffold_1.2940,FALSE,FALSE,neither
evm.TU.scaffold_1.2941,FALSE,FALSE,neither
evm.TU.scaffold_1.2943,FALSE,FALSE,neither
evm.TU.scaffold_1.2944_evm.TU.scaffold_1.2945,FALSE,FALSE,neither
evm.TU.scaffold_1.2948,FALSE,FALSE,neither
evm.TU.scaffold_1.2949,FALSE,FALSE,neither
evm.TU.scaffold_1.295,FALSE,FALSE,neither
evm.TU.scaffold_1.2950,FALSE,FALSE,neither
evm.TU.scaffold_1.2951,FALSE,FALSE,neither
evm.TU.scaffold_1.2953,FALSE,FALSE,neither
evm.TU.scaffold_1.2954,FALSE,FALSE,neither
evm.TU.scaffold_1.2955,FALSE,FALSE,neither
evm.TU.scaffold_1.2956,FALSE,FALSE,neither
evm.TU.scaffold_1.2957,FALSE,TRUE,zygotic
evm.TU.scaffold_1.2958,TRUE,TRUE,maternal zygotic
evm.TU.scaffold_1.2959,TRUE,TRUE,maternal zygotic
evm.TU.scaffold_1.296,FALSE,FALSE,neither
evm.TU.scaffold_1.2960,TRUE,TRUE,maternal zygotic
evm.TU.scaffold_1.2961,TRUE,TRUE,maternal zygotic
evm.TU.scaffold_1.2962,FALSE,FALSE,neither
evm.TU.scaffold_1.2963,FALSE,FALSE,neither
evm.TU.scaffold_1.2964,FALSE,FALSE,neither
evm.TU.scaffold_1.2965,TRUE,TRUE,maternal zygotic
evm.TU.scaffold_1.2966,FALSE,TRUE,zygotic
evm.TU.scaffold_1.2967,TRUE,TRUE,maternal zygotic
evm.TU.scaffold_1.2968,TRUE,TRUE,maternal zygotic
evm.TU.scaffold_1.2969,TRUE,TRUE,maternal zygotic
evm.TU.scaffold_1.297,FALSE,FALSE,neither
evm.TU.scaffold_1.2970,TRUE,TRUE,maternal zygotic
evm.TU.scaffold_1.2971,TRUE,TRUE,maternal zygotic
evm.TU.scaffold_1.2974,FALSE,FALSE,neither
evm.TU.scaffold_1.2976,FALSE,FALSE,neither
evm.TU.scaffold_1.2977,FALSE,FALSE,neither
evm.TU.scaffold_1.2978,FALSE,FALSE,neither
evm.TU.scaffold_1.2979,FALSE,FALSE,neither
evm.TU.scaffold_1.298,FALSE,FALSE,neither
evm.TU.scaffold_1.2980,FALSE,FALSE,neither
evm.TU.scaffold_1.2981,FALSE,FALSE,neither
evm.TU.scaffold_1.2983,FALSE,FALSE,neither
evm.TU.scaffold_1.2984,FALSE,FALSE,neither
evm.TU.scaffold_1.2985,FALSE,FALSE,neither
evm.TU.scaffold_1.2988,FALSE,FALSE,neither
evm.TU.scaffold_1.2989,FALSE,FALSE,neither
evm.TU.scaffold_1.299,FALSE,FALSE,neither
evm.TU.scaffold_1.2994,FALSE,FALSE,neither
evm.TU.scaffold_1.3,FALSE,FALSE,neither
evm.TU.scaffold_1.30,TRUE,TRUE,maternal zygotic
evm.TU.scaffold_1.300,FALSE,FALSE,neither
evm.TU.scaffold_1.301,FALSE,FALSE,neither
evm.TU.scaffold_1.302,FALSE,FALSE,neither
evm.TU.scaffold_1.305,FALSE,FALSE,neither
evm.TU.scaffold_1.306,FALSE,FALSE,neither
evm.TU.scaffold_1.307,FALSE,FALSE,neither
evm.TU.scaffold_1.308,FALSE,FALSE,neither
evm.TU.scaffold_1.309,FALSE,FALSE,neither
evm.TU.scaffold_1.31,TRUE,TRUE,maternal zygotic
evm.TU.scaffold_1.310,FALSE,FALSE,neither
evm.TU.scaffold_1.311,FALSE,FALSE,neither
evm.TU.scaffold_1.312,FALSE,FALSE,neither
evm.TU.scaffold_1.313,FALSE,FALSE,neither
evm.TU.scaffold_1.314,FALSE,TRUE,zygotic
evm.TU.scaffold_1.315,TRUE,TRUE,maternal zygotic
evm.TU.scaffold_1.316,FALSE,FALSE,neither
evm.TU.scaffold_1.317,TRUE,TRUE,maternal zygotic
evm.TU.scaffold_1.318,FALSE,FALSE,neither
evm.TU.scaffold_1.319,TRUE,TRUE,maternal zygotic
evm.TU.scaffold_1.32,TRUE,TRUE,maternal zygotic
evm.TU.scaffold_1.320,TRUE,TRUE,maternal zygotic
evm.TU.scaffold_1.321,FALSE,FALSE,neither
evm.TU.scaffold_1.323,FALSE,FALSE,neither
evm.TU.scaffold_1.325,TRUE,TRUE,maternal zygotic
evm.TU.scaffold_1.326,FALSE,FALSE,neither
evm.TU.scaffold_1.327,FALSE,FALSE,neither
evm.TU.scaffold_1.328,FALSE,FALSE,neither
evm.TU.scaffold_1.329,FALSE,FALSE,neither
evm.TU.scaffold_1.33,TRUE,TRUE,maternal zygotic
evm.TU.scaffold_1.330,FALSE,FALSE,neither
evm.TU.scaffold_1.331,FALSE,FALSE,neither
evm.TU.scaffold_1.332,TRUE,TRUE,maternal zygotic
evm.TU.scaffold_1.333,TRUE,TRUE,maternal zygotic
evm.TU.scaffold_1.334,TRUE,TRUE,maternal zygotic
evm.TU.scaffold_1.335,FALSE,TRUE,zygotic
evm.TU.scaffold_1.336,TRUE,TRUE,maternal zygotic
evm.TU.scaffold_1.337,TRUE,TRUE,maternal zygotic
evm.TU.scaffold_1.338,FALSE,FALSE,neither
evm.TU.scaffold_1.339,TRUE,FALSE,maternal
evm.TU.scaffold_1.34,TRUE,TRUE,maternal zygotic
evm.TU.scaffold_1.340,TRUE,TRUE,maternal zygotic
evm.TU.scaffold_1.341,TRUE,TRUE,maternal zygotic
evm.TU.scaffold_1.342,TRUE,TRUE,maternal zygotic
evm.TU.scaffold_1.343,TRUE,TRUE,maternal zygotic
evm.TU.scaffold_1.344,TRUE,TRUE,maternal zygotic
evm.TU.scaffold_1.345,TRUE,TRUE,maternal zygotic
evm.TU.scaffold_1.346,FALSE,FALSE,neither
evm.TU.scaffold_1.347,FALSE,FALSE,neither
evm.TU.scaffold_1.348,TRUE,TRUE,maternal zygotic
evm.TU.scaffold_1.349,TRUE,TRUE,maternal zygotic
evm.TU.scaffold_1.35,TRUE,TRUE,maternal zygotic
evm.TU.scaffold_1.350,TRUE,TRUE,maternal zygotic
evm.TU.scaffold_1.352,FALSE,FALSE,neither
evm.TU.scaffold_1.353,TRUE,TRUE,maternal zygotic
evm.TU.scaffold_1.354,FALSE,FALSE,neither
evm.TU.scaffold_1.357,FALSE,FALSE,neither
evm.TU.scaffold_1.358,FALSE,FALSE,neither
evm.TU.scaffold_1.359,FALSE,FALSE,neither
evm.TU.scaffold_1.36,TRUE,TRUE,maternal zygotic
evm.TU.scaffold_1.362,FALSE,FALSE,neither
evm.TU.scaffold_1.364,TRUE,TRUE,maternal zygotic
evm.TU.scaffold_1.365,TRUE,TRUE,maternal zygotic
evm.TU.scaffold_1.366,FALSE,FALSE,neither
evm.TU.scaffold_1.367,TRUE,TRUE,maternal zygotic
evm.TU.scaffold_1.368,FALSE,FALSE,neither
evm.TU.scaffold_1.369,FALSE,FALSE,neither
evm.TU.scaffold_1.37,FALSE,TRUE,zygotic
evm.TU.scaffold_1.370,FALSE,FALSE,neither
evm.TU.scaffold_1.372,FALSE,FALSE,neither
evm.TU.scaffold_1.373,FALSE,FALSE,neither
evm.TU.scaffold_1.374,FALSE,FALSE,neither
evm.TU.scaffold_1.375,FALSE,FALSE,neither
evm.TU.scaffold_1.377,TRUE,TRUE,maternal zygotic
evm.TU.scaffold_1.378,FALSE,FALSE,neither
evm.TU.scaffold_1.379,FALSE,FALSE,neither
evm.TU.scaffold_1.38,FALSE,FALSE,neither
evm.TU.scaffold_1.380,FALSE,FALSE,neither
evm.TU.scaffold_1.381,FALSE,FALSE,neither
evm.TU.scaffold_1.382,FALSE,FALSE,neither
evm.TU.scaffold_1.383,FALSE,FALSE,neither
evm.TU.scaffold_1.384,FALSE,FALSE,neither
evm.TU.scaffold_1.385,FALSE,FALSE,neither
evm.TU.scaffold_1.386,FALSE,FALSE,neither
evm.TU.scaffold_1.387,FALSE,FALSE,neither
evm.TU.scaffold_1.390,TRUE,FALSE,maternal
evm.TU.scaffold_1.391,FALSE,FALSE,neither
evm.TU.scaffold_1.392,TRUE,TRUE,maternal zygotic
evm.TU.scaffold_1.393,FALSE,FALSE,neither
evm.TU.scaffold_1.394,FALSE,FALSE,neither
evm.TU.scaffold_1.395,FALSE,FALSE,neither
evm.TU.scaffold_1.398,FALSE,FALSE,neither
evm.TU.scaffold_1.399,FALSE,FALSE,neither
evm.TU.scaffold_1.4,FALSE,FALSE,neither
evm.TU.scaffold_1.40,TRUE,TRUE,maternal zygotic
evm.TU.scaffold_1.400,FALSE,TRUE,zygotic
evm.TU.scaffold_1.402,FALSE,TRUE,zygotic
evm.TU.scaffold_1.403,TRUE,TRUE,maternal zygotic
evm.TU.scaffold_1.404,FALSE,TRUE,zygotic
evm.TU.scaffold_1.405,TRUE,TRUE,maternal zygotic
evm.TU.scaffold_1.406,TRUE,TRUE,maternal zygotic
evm.TU.scaffold_1.407,TRUE,TRUE,maternal zygotic
evm.TU.scaffold_1.408,TRUE,TRUE,maternal zygotic
evm.TU.scaffold_1.409,FALSE,FALSE,neither
evm.TU.scaffold_1.410,FALSE,FALSE,neither
evm.TU.scaffold_1.411,FALSE,FALSE,neither
evm.TU.scaffold_1.412,TRUE,TRUE,maternal zygotic
evm.TU.scaffold_1.413,TRUE,TRUE,maternal zygotic
evm.TU.scaffold_1.414,FALSE,FALSE,neither
evm.TU.scaffold_1.415,FALSE,FALSE,neither
evm.TU.scaffold_1.416,FALSE,FALSE,neither
evm.TU.scaffold_1.417,FALSE,FALSE,neither
evm.TU.scaffold_1.418,FALSE,TRUE,zygotic
evm.TU.scaffold_1.419,FALSE,FALSE,neither
evm.TU.scaffold_1.422,FALSE,FALSE,neither
evm.TU.scaffold_1.424,FALSE,FALSE,neither
evm.TU.scaffold_1.425,FALSE,FALSE,neither
evm.TU.scaffold_1.426,FALSE,FALSE,neither
evm.TU.scaffold_1.427_evm.TU.scaffold_1.428,TRUE,TRUE,maternal zygotic
evm.TU.scaffold_1.429,FALSE,FALSE,neither
evm.TU.scaffold_1.43,FALSE,FALSE,neither
evm.TU.scaffold_1.430,FALSE,FALSE,neither
evm.TU.scaffold_1.431,TRUE,FALSE,maternal
evm.TU.scaffold_1.432,TRUE,TRUE,maternal zygotic
evm.TU.scaffold_1.433,FALSE,FALSE,neither
evm.TU.scaffold_1.436,FALSE,FALSE,neither
evm.TU.scaffold_1.438,FALSE,FALSE,neither
evm.TU.scaffold_1.439,FALSE,FALSE,neither
evm.TU.scaffold_1.44,FALSE,TRUE,zygotic
evm.TU.scaffold_1.440,FALSE,FALSE,neither
evm.TU.scaffold_1.441,FALSE,FALSE,neither
evm.TU.scaffold_1.442,TRUE,TRUE,maternal zygotic
evm.TU.scaffold_1.443,FALSE,TRUE,zygotic
evm.TU.scaffold_1.444,FALSE,FALSE,neither
evm.TU.scaffold_1.447_evm.TU.scaffold_1.448,TRUE,TRUE,maternal zygotic
evm.TU.scaffold_1.449,TRUE,TRUE,maternal zygotic
evm.TU.scaffold_1.45,FALSE,FALSE,neither
evm.TU.scaffold_1.450,TRUE,TRUE,maternal zygotic
evm.TU.scaffold_1.451,FALSE,FALSE,neither
evm.TU.scaffold_1.452,TRUE,TRUE,maternal zygotic
evm.TU.scaffold_1.453,FALSE,FALSE,neither
evm.TU.scaffold_1.454,TRUE,TRUE,maternal zygotic
evm.TU.scaffold_1.455,TRUE,TRUE,maternal zygotic
evm.TU.scaffold_1.456,TRUE,TRUE,maternal zygotic
evm.TU.scaffold_1.458,FALSE,TRUE,zygotic
evm.TU.scaffold_1.459,FALSE,FALSE,neither
evm.TU.scaffold_1.460,FALSE,TRUE,zygotic
evm.TU.scaffold_1.461,FALSE,TRUE,zygotic
evm.TU.scaffold_1.462,FALSE,FALSE,neither
evm.TU.scaffold_1.463,FALSE,FALSE,neither
evm.TU.scaffold_1.464,FALSE,FALSE,neither
evm.TU.scaffold_1.465,FALSE,FALSE,neither
evm.TU.scaffold_1.466,FALSE,FALSE,neither
evm.TU.scaffold_1.467,FALSE,FALSE,neither
evm.TU.scaffold_1.468,FALSE,FALSE,neither
evm.TU.scaffold_1.469,FALSE,FALSE,neither
evm.TU.scaffold_1.470,FALSE,FALSE,neither
evm.TU.scaffold_1.471,FALSE,FALSE,neither
evm.TU.scaffold_1.472,FALSE,FALSE,neither
evm.TU.scaffold_1.473,FALSE,FALSE,neither
evm.TU.scaffold_1.474,FALSE,FALSE,neither
evm.TU.scaffold_1.479,FALSE,FALSE,neither
evm.TU.scaffold_1.48,FALSE,FALSE,neither
evm.TU.scaffold_1.480,FALSE,FALSE,neither
evm.TU.scaffold_1.482,FALSE,FALSE,neither
evm.TU.scaffold_1.484,FALSE,FALSE,neither
evm.TU.scaffold_1.487,FALSE,FALSE,neither
evm.TU.scaffold_1.488,TRUE,TRUE,maternal zygotic
evm.TU.scaffold_1.494,TRUE,TRUE,maternal zygotic
evm.TU.scaffold_1.495,TRUE,TRUE,maternal zygotic
evm.TU.scaffold_1.496,TRUE,TRUE,maternal zygotic
evm.TU.scaffold_1.497,TRUE,TRUE,maternal zygotic
evm.TU.scaffold_1.498,TRUE,TRUE,maternal zygotic
evm.TU.scaffold_1.499,TRUE,TRUE,maternal zygotic
evm.TU.scaffold_1.5,FALSE,FALSE,neither
evm.TU.scaffold_1.50,FALSE,FALSE,neither
evm.TU.scaffold_1.500,TRUE,TRUE,maternal zygotic
evm.TU.scaffold_1.501,TRUE,TRUE,maternal zygotic
evm.TU.scaffold_1.502,TRUE,TRUE,maternal zygotic
evm.TU.scaffold_1.503,TRUE,TRUE,maternal zygotic
evm.TU.scaffold_1.504,FALSE,FALSE,neither
evm.TU.scaffold_1.505,FALSE,FALSE,neither
evm.TU.scaffold_1.507,TRUE,TRUE,maternal zygotic
evm.TU.scaffold_1.508,FALSE,FALSE,neither
evm.TU.scaffold_1.509,FALSE,FALSE,neither
evm.TU.scaffold_1.510,FALSE,FALSE,neither
evm.TU.scaffold_1.511,FALSE,FALSE,neither
evm.TU.scaffold_1.512,FALSE,FALSE,neither
evm.TU.scaffold_1.513,FALSE,FALSE,neither
evm.TU.scaffold_1.514,FALSE,FALSE,neither
evm.TU.scaffold_1.515,FALSE,FALSE,neither
evm.TU.scaffold_1.516,FALSE,FALSE,neither
evm.TU.scaffold_1.517,FALSE,FALSE,neither
evm.TU.scaffold_1.518,FALSE,FALSE,neither
evm.TU.scaffold_1.519,FALSE,FALSE,neither
evm.TU.scaffold_1.520,FALSE,FALSE,neither
evm.TU.scaffold_1.521,FALSE,FALSE,neither
evm.TU.scaffold_1.522,FALSE,FALSE,neither
evm.TU.scaffold_1.523,FALSE,FALSE,neither
evm.TU.scaffold_1.525,FALSE,FALSE,neither
evm.TU.scaffold_1.526,FALSE,FALSE,neither
evm.TU.scaffold_1.527,FALSE,FALSE,neither
evm.TU.scaffold_1.528,FALSE,FALSE,neither
evm.TU.scaffold_1.529,FALSE,FALSE,neither
evm.TU.scaffold_1.530,FALSE,FALSE,neither
evm.TU.scaffold_1.531,FALSE,FALSE,neither
evm.TU.scaffold_1.532,FALSE,FALSE,neither
evm.TU.scaffold_1.533,FALSE,FALSE,neither
evm.TU.scaffold_1.537,FALSE,FALSE,neither
evm.TU.scaffold_1.538,FALSE,FALSE,neither
evm.TU.scaffold_1.539,FALSE,FALSE,neither
evm.TU.scaffold_1.548,FALSE,FALSE,neither
evm.TU.scaffold_1.55,FALSE,FALSE,neither
evm.TU.scaffold_1.550,FALSE,FALSE,neither
evm.TU.scaffold_1.551,FALSE,FALSE,neither
evm.TU.scaffold_1.552,TRUE,TRUE,maternal zygotic
evm.TU.scaffold_1.553,TRUE,TRUE,maternal zygotic
evm.TU.scaffold_1.554,FALSE,FALSE,neither
evm.TU.scaffold_1.555,FALSE,FALSE,neither
evm.TU.scaffold_1.556,TRUE,TRUE,maternal zygotic
evm.TU.scaffold_1.557,TRUE,TRUE,maternal zygotic
evm.TU.scaffold_1.558,TRUE,TRUE,maternal zygotic
evm.TU.scaffold_1.559,TRUE,TRUE,maternal zygotic
evm.TU.scaffold_1.56,FALSE,FALSE,neither
evm.TU.scaffold_1.560,TRUE,TRUE,maternal zygotic
evm.TU.scaffold_1.561,TRUE,TRUE,maternal zygotic
evm.TU.scaffold_1.562,TRUE,TRUE,maternal zygotic
evm.TU.scaffold_1.563,FALSE,FALSE,neither
evm.TU.scaffold_1.565_evm.TU.scaffold_1.564,FALSE,TRUE,zygotic
evm.TU.scaffold_1.566,TRUE,TRUE,maternal zygotic
evm.TU.scaffold_1.567,TRUE,TRUE,maternal zygotic
evm.TU.scaffold_1.568,TRUE,TRUE,maternal zygotic
evm.TU.scaffold_1.569,FALSE,FALSE,neither
evm.TU.scaffold_1.570,FALSE,FALSE,neither
evm.TU.scaffold_1.571,FALSE,FALSE,neither
evm.TU.scaffold_1.572,FALSE,FALSE,neither
evm.TU.scaffold_1.573,FALSE,FALSE,neither
evm.TU.scaffold_1.575,FALSE,FALSE,neither
evm.TU.scaffold_1.576,FALSE,TRUE,zygotic
evm.TU.scaffold_1.577,FALSE,FALSE,neither
evm.TU.scaffold_1.578,FALSE,FALSE,neither
evm.TU.scaffold_1.579,FALSE,FALSE,neither
evm.TU.scaffold_1.580,FALSE,FALSE,neither
evm.TU.scaffold_1.581,FALSE,FALSE,neither
evm.TU.scaffold_1.582,FALSE,FALSE,neither
evm.TU.scaffold_1.583,FALSE,FALSE,neither
evm.TU.scaffold_1.586,TRUE,TRUE,maternal zygotic
evm.TU.scaffold_1.587,TRUE,TRUE,maternal zygotic
evm.TU.scaffold_1.588,TRUE,TRUE,maternal zygotic
evm.TU.scaffold_1.589,TRUE,TRUE,maternal zygotic
evm.TU.scaffold_1.590,TRUE,TRUE,maternal zygotic
evm.TU.scaffold_1.591,TRUE,TRUE,maternal zygotic
evm.TU.scaffold_1.592,TRUE,TRUE,maternal zygotic
evm.TU.scaffold_1.593,TRUE,TRUE,maternal zygotic
evm.TU.scaffold_1.594,TRUE,TRUE,maternal zygotic
evm.TU.scaffold_1.595,TRUE,TRUE,maternal zygotic
evm.TU.scaffold_1.596,TRUE,TRUE,maternal zygotic
evm.TU.scaffold_1.598,TRUE,TRUE,maternal zygotic
evm.TU.scaffold_1.599,FALSE,FALSE,neither
evm.TU.scaffold_1.60,FALSE,FALSE,neither
evm.TU.scaffold_1.600,FALSE,FALSE,neither
evm.TU.scaffold_1.601,FALSE,FALSE,neither
evm.TU.scaffold_1.602,TRUE,TRUE,maternal zygotic
evm.TU.scaffold_1.603,TRUE,TRUE,maternal zygotic
evm.TU.scaffold_1.604,TRUE,TRUE,maternal zygotic
evm.TU.scaffold_1.605,TRUE,TRUE,maternal zygotic
evm.TU.scaffold_1.606,TRUE,TRUE,maternal zygotic
evm.TU.scaffold_1.607,TRUE,TRUE,maternal zygotic
evm.TU.scaffold_1.609,FALSE,FALSE,neither
evm.TU.scaffold_1.610,TRUE,FALSE,maternal
evm.TU.scaffold_1.611,FALSE,FALSE,neither
evm.TU.scaffold_1.612_evm.TU.scaffold_1.613,FALSE,FALSE,neither
evm.TU.scaffold_1.614,FALSE,FALSE,neither
evm.TU.scaffold_1.615,FALSE,TRUE,zygotic
evm.TU.scaffold_1.617,FALSE,FALSE,neither
evm.TU.scaffold_1.621,FALSE,FALSE,neither
evm.TU.scaffold_1.623,FALSE,TRUE,zygotic
evm.TU.scaffold_1.624,FALSE,TRUE,zygotic
evm.TU.scaffold_1.625,FALSE,FALSE,neither
evm.TU.scaffold_1.627,FALSE,FALSE,neither
evm.TU.scaffold_1.628,FALSE,FALSE,neither
evm.TU.scaffold_1.629,FALSE,FALSE,neither
evm.TU.scaffold_1.630,FALSE,FALSE,neither
evm.TU.scaffold_1.631,TRUE,TRUE,maternal zygotic
evm.TU.scaffold_1.632,TRUE,TRUE,maternal zygotic
evm.TU.scaffold_1.633,TRUE,TRUE,maternal zygotic
evm.TU.scaffold_1.635,FALSE,FALSE,neither
evm.TU.scaffold_1.636,FALSE,FALSE,neither
evm.TU.scaffold_1.637,TRUE,TRUE,maternal zygotic
evm.TU.scaffold_1.638,TRUE,TRUE,maternal zygotic
evm.TU.scaffold_1.639,FALSE,FALSE,neither
evm.TU.scaffold_1.640,TRUE,TRUE,maternal zygotic
evm.TU.scaffold_1.641,TRUE,TRUE,maternal zygotic
evm.TU.scaffold_1.642,TRUE,TRUE,maternal zygotic
evm.TU.scaffold_1.643,TRUE,TRUE,maternal zygotic
evm.TU.scaffold_1.644,TRUE,TRUE,maternal zygotic
evm.TU.scaffold_1.645,TRUE,TRUE,maternal zygotic
evm.TU.scaffold_1.646,TRUE,TRUE,maternal zygotic
evm.TU.scaffold_1.647,TRUE,TRUE,maternal zygotic
evm.TU.scaffold_1.649,TRUE,TRUE,maternal zygotic
evm.TU.scaffold_1.650,TRUE,TRUE,maternal zygotic
evm.TU.scaffold_1.651,TRUE,TRUE,maternal zygotic
evm.TU.scaffold_1.652,FALSE,FALSE,neither
evm.TU.scaffold_1.653,FALSE,FALSE,neither
evm.TU.scaffold_1.654,FALSE,FALSE,neither
evm.TU.scaffold_1.655,FALSE,FALSE,neither
evm.TU.scaffold_1.656,TRUE,TRUE,maternal zygotic
evm.TU.scaffold_1.657,FALSE,FALSE,neither
evm.TU.scaffold_1.658,FALSE,FALSE,neither
evm.TU.scaffold_1.659,TRUE,TRUE,maternal zygotic
evm.TU.scaffold_1.660,FALSE,FALSE,neither
evm.TU.scaffold_1.661,FALSE,FALSE,neither
evm.TU.scaffold_1.662,FALSE,FALSE,neither
evm.TU.scaffold_1.663,FALSE,FALSE,neither
evm.TU.scaffold_1.666,FALSE,FALSE,neither
evm.TU.scaffold_1.667,FALSE,FALSE,neither
evm.TU.scaffold_1.668,FALSE,FALSE,neither
evm.TU.scaffold_1.669,FALSE,FALSE,neither
evm.TU.scaffold_1.670,FALSE,FALSE,neither
evm.TU.scaffold_1.671,FALSE,FALSE,neither
evm.TU.scaffold_1.672,FALSE,FALSE,neither
evm.TU.scaffold_1.673,FALSE,FALSE,neither
evm.TU.scaffold_1.674,FALSE,FALSE,neither
evm.TU.scaffold_1.675,FALSE,FALSE,neither
evm.TU.scaffold_1.676,FALSE,FALSE,neither
evm.TU.scaffold_1.677,FALSE,FALSE,neither
evm.TU.scaffold_1.678,FALSE,FALSE,neither
evm.TU.scaffold_1.679,FALSE,FALSE,neither
evm.TU.scaffold_1.68,FALSE,FALSE,neither
evm.TU.scaffold_1.680,FALSE,FALSE,neither
evm.TU.scaffold_1.681,TRUE,TRUE,maternal zygotic
evm.TU.scaffold_1.682,TRUE,TRUE,maternal zygotic
evm.TU.scaffold_1.683,FALSE,FALSE,neither
evm.TU.scaffold_1.684,FALSE,FALSE,neither
evm.TU.scaffold_1.685,TRUE,TRUE,maternal zygotic
evm.TU.scaffold_1.686,TRUE,TRUE,maternal zygotic
evm.TU.scaffold_1.687,FALSE,FALSE,neither
evm.TU.scaffold_1.688,FALSE,FALSE,neither
evm.TU.scaffold_1.689,TRUE,TRUE,maternal zygotic
evm.TU.scaffold_1.690,FALSE,FALSE,neither
evm.TU.scaffold_1.691,FALSE,FALSE,neither
evm.TU.scaffold_1.692,FALSE,FALSE,neither
evm.TU.scaffold_1.693,FALSE,FALSE,neither
evm.TU.scaffold_1.694,FALSE,TRUE,zygotic
evm.TU.scaffold_1.695,TRUE,TRUE,maternal zygotic
evm.TU.scaffold_1.696,TRUE,FALSE,maternal
evm.TU.scaffold_1.697,TRUE,TRUE,maternal zygotic
evm.TU.scaffold_1.698,TRUE,TRUE,maternal zygotic
evm.TU.scaffold_1.699,TRUE,TRUE,maternal zygotic
evm.TU.scaffold_1.7,FALSE,FALSE,neither
evm.TU.scaffold_1.70,FALSE,FALSE,neither
evm.TU.scaffold_1.700,TRUE,TRUE,maternal zygotic
evm.TU.scaffold_1.701,TRUE,TRUE,maternal zygotic
evm.TU.scaffold_1.702,FALSE,FALSE,neither
evm.TU.scaffold_1.703,FALSE,FALSE,neither
evm.TU.scaffold_1.704,TRUE,TRUE,maternal zygotic
evm.TU.scaffold_1.705,TRUE,TRUE,maternal zygotic
evm.TU.scaffold_1.706,TRUE,TRUE,maternal zygotic
evm.TU.scaffold_1.707,TRUE,TRUE,maternal zygotic
evm.TU.scaffold_1.708,TRUE,TRUE,maternal zygotic
evm.TU.scaffold_1.709,TRUE,TRUE,maternal zygotic
evm.TU.scaffold_1.710,TRUE,FALSE,maternal
evm.TU.scaffold_1.711,FALSE,FALSE,neither
evm.TU.scaffold_1.712,TRUE,TRUE,maternal zygotic
evm.TU.scaffold_1.713,TRUE,TRUE,maternal zygotic
evm.TU.scaffold_1.714,TRUE,TRUE,maternal zygotic
evm.TU.scaffold_1.716,TRUE,TRUE,maternal zygotic
evm.TU.scaffold_1.717,TRUE,TRUE,maternal zygotic
evm.TU.scaffold_1.718,TRUE,TRUE,maternal zygotic
evm.TU.scaffold_1.719,FALSE,FALSE,neither
evm.TU.scaffold_1.72,FALSE,FALSE,neither
evm.TU.scaffold_1.720,TRUE,TRUE,maternal zygotic
evm.TU.scaffold_1.721,TRUE,TRUE,maternal zygotic
evm.TU.scaffold_1.722,TRUE,TRUE,maternal zygotic
evm.TU.scaffold_1.723,TRUE,TRUE,maternal zygotic
evm.TU.scaffold_1.724,TRUE,TRUE,maternal zygotic
evm.TU.scaffold_1.725,TRUE,TRUE,maternal zygotic
evm.TU.scaffold_1.726,TRUE,TRUE,maternal zygotic
evm.TU.scaffold_1.727,TRUE,TRUE,maternal zygotic
evm.TU.scaffold_1.728,FALSE,FALSE,neither
evm.TU.scaffold_1.729,FALSE,FALSE,neither
evm.TU.scaffold_1.73,FALSE,FALSE,neither
evm.TU.scaffold_1.730,FALSE,FALSE,neither
evm.TU.scaffold_1.731,TRUE,TRUE,maternal zygotic
evm.TU.scaffold_1.732,TRUE,TRUE,maternal zygotic
evm.TU.scaffold_1.733,TRUE,TRUE,maternal zygotic
evm.TU.scaffold_1.735,FALSE,FALSE,neither
evm.TU.scaffold_1.736,FALSE,FALSE,neither
evm.TU.scaffold_1.737,FALSE,FALSE,neither
evm.TU.scaffold_1.738,TRUE,TRUE,maternal zygotic
evm.TU.scaffold_1.739,TRUE,TRUE,maternal zygotic
evm.TU.scaffold_1.74,FALSE,FALSE,neither
evm.TU.scaffold_1.740,TRUE,TRUE,maternal zygotic
evm.TU.scaffold_1.741,TRUE,TRUE,maternal zygotic
evm.TU.scaffold_1.742,TRUE,TRUE,maternal zygotic
evm.TU.scaffold_1.743,FALSE,FALSE,neither
evm.TU.scaffold_1.744,FALSE,FALSE,neither
evm.TU.scaffold_1.745,FALSE,FALSE,neither
evm.TU.scaffold_1.746,FALSE,FALSE,neither
evm.TU.scaffold_1.747,FALSE,TRUE,zygotic
evm.TU.scaffold_1.748,TRUE,TRUE,maternal zygotic
evm.TU.scaffold_1.749,TRUE,TRUE,maternal zygotic
evm.TU.scaffold_1.75,FALSE,FALSE,neither
evm.TU.scaffold_1.750,TRUE,TRUE,maternal zygotic
evm.TU.scaffold_1.751,TRUE,TRUE,maternal zygotic
evm.TU.scaffold_1.752,FALSE,FALSE,neither
evm.TU.scaffold_1.753,FALSE,FALSE,neither
evm.TU.scaffold_1.754,FALSE,FALSE,neither
evm.TU.scaffold_1.755,TRUE,TRUE,maternal zygotic
evm.TU.scaffold_1.756,TRUE,TRUE,maternal zygotic
evm.TU.scaffold_1.757,TRUE,TRUE,maternal zygotic
evm.TU.scaffold_1.758,TRUE,TRUE,maternal zygotic
evm.TU.scaffold_1.759,FALSE,FALSE,neither
evm.TU.scaffold_1.760,FALSE,FALSE,neither
evm.TU.scaffold_1.761,TRUE,TRUE,maternal zygotic
evm.TU.scaffold_1.762,TRUE,TRUE,maternal zygotic
evm.TU.scaffold_1.763,TRUE,TRUE,maternal zygotic
evm.TU.scaffold_1.764,FALSE,TRUE,zygotic
evm.TU.scaffold_1.765,TRUE,TRUE,maternal zygotic
evm.TU.scaffold_1.766,TRUE,TRUE,maternal zygotic
evm.TU.scaffold_1.767,TRUE,TRUE,maternal zygotic
evm.TU.scaffold_1.768,FALSE,FALSE,neither
evm.TU.scaffold_1.769,TRUE,TRUE,maternal zygotic
evm.TU.scaffold_1.770,TRUE,TRUE,maternal zygotic
evm.TU.scaffold_1.771,TRUE,TRUE,maternal zygotic
evm.TU.scaffold_1.772,FALSE,FALSE,neither
evm.TU.scaffold_1.773,TRUE,TRUE,maternal zygotic
evm.TU.scaffold_1.774,TRUE,TRUE,maternal zygotic
evm.TU.scaffold_1.775,FALSE,FALSE,neither
evm.TU.scaffold_1.776,TRUE,TRUE,maternal zygotic
evm.TU.scaffold_1.777,FALSE,FALSE,neither
evm.TU.scaffold_1.778,FALSE,FALSE,neither
evm.TU.scaffold_1.779,FALSE,FALSE,neither
evm.TU.scaffold_1.780,FALSE,FALSE,neither
evm.TU.scaffold_1.783,TRUE,TRUE,maternal zygotic
evm.TU.scaffold_1.784,TRUE,TRUE,maternal zygotic
evm.TU.scaffold_1.785,TRUE,TRUE,maternal zygotic
evm.TU.scaffold_1.786,FALSE,TRUE,zygotic
evm.TU.scaffold_1.787,TRUE,TRUE,maternal zygotic
evm.TU.scaffold_1.788,TRUE,TRUE,maternal zygotic
evm.TU.scaffold_1.789,TRUE,TRUE,maternal zygotic
evm.TU.scaffold_1.790,FALSE,FALSE,neither
evm.TU.scaffold_1.791,TRUE,TRUE,maternal zygotic
evm.TU.scaffold_1.792,FALSE,FALSE,neither
evm.TU.scaffold_1.793_evm.TU.scaffold_1.794,FALSE,FALSE,neither
evm.TU.scaffold_1.795,FALSE,FALSE,neither
evm.TU.scaffold_1.796,TRUE,FALSE,maternal
evm.TU.scaffold_1.797,FALSE,FALSE,neither
evm.TU.scaffold_1.799,TRUE,TRUE,maternal zygotic
evm.TU.scaffold_1.800,FALSE,FALSE,neither
evm.TU.scaffold_1.801,TRUE,TRUE,maternal zygotic
evm.TU.scaffold_1.802,TRUE,TRUE,maternal zygotic
evm.TU.scaffold_1.803,TRUE,FALSE,maternal
evm.TU.scaffold_1.804,FALSE,FALSE,neither
evm.TU.scaffold_1.805,TRUE,TRUE,maternal zygotic
evm.TU.scaffold_1.808,TRUE,TRUE,maternal zygotic
evm.TU.scaffold_1.809,TRUE,TRUE,maternal zygotic
evm.TU.scaffold_1.81,FALSE,FALSE,neither
evm.TU.scaffold_1.810,FALSE,FALSE,neither
evm.TU.scaffold_1.811,FALSE,FALSE,neither
evm.TU.scaffold_1.812,TRUE,TRUE,maternal zygotic
evm.TU.scaffold_1.813,TRUE,TRUE,maternal zygotic
evm.TU.scaffold_1.814,TRUE,TRUE,maternal zygotic
evm.TU.scaffold_1.815,FALSE,TRUE,zygotic
evm.TU.scaffold_1.816,TRUE,TRUE,maternal zygotic
evm.TU.scaffold_1.817,TRUE,TRUE,maternal zygotic
evm.TU.scaffold_1.818,TRUE,TRUE,maternal zygotic
evm.TU.scaffold_1.819,FALSE,TRUE,zygotic
evm.TU.scaffold_1.820,FALSE,FALSE,neither
evm.TU.scaffold_1.821,FALSE,FALSE,neither
evm.TU.scaffold_1.822,TRUE,TRUE,maternal zygotic
evm.TU.scaffold_1.823,FALSE,FALSE,neither
evm.TU.scaffold_1.824,FALSE,TRUE,zygotic
evm.TU.scaffold_1.825,TRUE,TRUE,maternal zygotic
evm.TU.scaffold_1.826,FALSE,FALSE,neither
evm.TU.scaffold_1.827,FALSE,FALSE,neither
evm.TU.scaffold_1.828,TRUE,TRUE,maternal zygotic
evm.TU.scaffold_1.830,TRUE,TRUE,maternal zygotic
evm.TU.scaffold_1.831,TRUE,TRUE,maternal zygotic
evm.TU.scaffold_1.832,FALSE,FALSE,neither
evm.TU.scaffold_1.833,FALSE,FALSE,neither
evm.TU.scaffold_1.834,FALSE,FALSE,neither
evm.TU.scaffold_1.835,FALSE,FALSE,neither
evm.TU.scaffold_1.836,TRUE,TRUE,maternal zygotic
evm.TU.scaffold_1.837,TRUE,FALSE,maternal
evm.TU.scaffold_1.838,TRUE,TRUE,maternal zygotic
evm.TU.scaffold_1.839,TRUE,TRUE,maternal zygotic
evm.TU.scaffold_1.840,TRUE,TRUE,maternal zygotic
evm.TU.scaffold_1.841,FALSE,FALSE,neither
evm.TU.scaffold_1.844,FALSE,FALSE,neither
evm.TU.scaffold_1.846,FALSE,FALSE,neither
evm.TU.scaffold_1.847,FALSE,FALSE,neither
evm.TU.scaffold_1.848,FALSE,FALSE,neither
evm.TU.scaffold_1.851,FALSE,FALSE,neither
evm.TU.scaffold_1.852,TRUE,TRUE,maternal zygotic
evm.TU.scaffold_1.853,FALSE,FALSE,neither
evm.TU.scaffold_1.857,FALSE,FALSE,neither
evm.TU.scaffold_1.858,FALSE,FALSE,neither
evm.TU.scaffold_1.861,TRUE,TRUE,maternal zygotic
evm.TU.scaffold_1.862,FALSE,FALSE,neither
evm.TU.scaffold_1.863,TRUE,TRUE,maternal zygotic
evm.TU.scaffold_1.864,TRUE,TRUE,maternal zygotic
evm.TU.scaffold_1.865,TRUE,TRUE,maternal zygotic
evm.TU.scaffold_1.866,TRUE,TRUE,maternal zygotic
evm.TU.scaffold_1.867,TRUE,TRUE,maternal zygotic
evm.TU.scaffold_1.868,FALSE,TRUE,zygotic
evm.TU.scaffold_1.869,TRUE,TRUE,maternal zygotic
evm.TU.scaffold_1.870,FALSE,FALSE,neither
evm.TU.scaffold_1.871,TRUE,TRUE,maternal zygotic
evm.TU.scaffold_1.872,FALSE,TRUE,zygotic
evm.TU.scaffold_1.873,TRUE,TRUE,maternal zygotic
evm.TU.scaffold_1.874,TRUE,TRUE,maternal zygotic
evm.TU.scaffold_1.875,TRUE,TRUE,maternal zygotic
evm.TU.scaffold_1.876,TRUE,TRUE,maternal zygotic
evm.TU.scaffold_1.877,FALSE,FALSE,neither
evm.TU.scaffold_1.878,FALSE,FALSE,neither
evm.TU.scaffold_1.88,FALSE,FALSE,neither
evm.TU.scaffold_1.881,FALSE,FALSE,neither
evm.TU.scaffold_1.883,FALSE,FALSE,neither
evm.TU.scaffold_1.885,FALSE,FALSE,neither
evm.TU.scaffold_1.886,FALSE,FALSE,neither
evm.TU.scaffold_1.888,TRUE,TRUE,maternal zygotic
evm.TU.scaffold_1.889,FALSE,FALSE,neither
evm.TU.scaffold_1.890,FALSE,FALSE,neither
evm.TU.scaffold_1.891,FALSE,FALSE,neither
evm.TU.scaffold_1.892,TRUE,TRUE,maternal zygotic
evm.TU.scaffold_1.893,FALSE,FALSE,neither
evm.TU.scaffold_1.894,FALSE,FALSE,neither
evm.TU.scaffold_1.895,FALSE,FALSE,neither
evm.TU.scaffold_1.896,FALSE,FALSE,neither
evm.TU.scaffold_1.897,FALSE,FALSE,neither
evm.TU.scaffold_1.898,FALSE,FALSE,neither
evm.TU.scaffold_1.899,FALSE,FALSE,neither
evm.TU.scaffold_1.9,FALSE,FALSE,neither
evm.TU.scaffold_1.900,TRUE,TRUE,maternal zygotic
evm.TU.scaffold_1.901,TRUE,TRUE,maternal zygotic
evm.TU.scaffold_1.902,FALSE,TRUE,zygotic
evm.TU.scaffold_1.903,TRUE,TRUE,maternal zygotic
evm.TU.scaffold_1.904,TRUE,TRUE,maternal zygotic
evm.TU.scaffold_1.905,TRUE,FALSE,maternal
evm.TU.scaffold_1.906,FALSE,FALSE,neither
evm.TU.scaffold_1.907,FALSE,FALSE,neither
evm.TU.scaffold_1.909,FALSE,FALSE,neither
evm.TU.scaffold_1.91,FALSE,FALSE,neither
evm.TU.scaffold_1.910,FALSE,FALSE,neither
evm.TU.scaffold_1.911,FALSE,FALSE,neither
evm.TU.scaffold_1.912,FALSE,FALSE,neither
evm.TU.scaffold_1.913,FALSE,FALSE,neither
evm.TU.scaffold_1.914,FALSE,FALSE,neither
evm.TU.scaffold_1.915,FALSE,FALSE,neither
evm.TU.scaffold_1.916,TRUE,TRUE,maternal zygotic
evm.TU.scaffold_1.917,FALSE,FALSE,neither
evm.TU.scaffold_1.918,FALSE,FALSE,neither
evm.TU.scaffold_1.919,FALSE,FALSE,neither
evm.TU.scaffold_1.92,FALSE,TRUE,zygotic
evm.TU.scaffold_1.921,FALSE,FALSE,neither
evm.TU.scaffold_1.922,TRUE,TRUE,maternal zygotic
evm.TU.scaffold_1.923,TRUE,TRUE,maternal zygotic
evm.TU.scaffold_1.924,TRUE,TRUE,maternal zygotic
evm.TU.scaffold_1.925,TRUE,TRUE,maternal zygotic
evm.TU.scaffold_1.926,FALSE,FALSE,neither
evm.TU.scaffold_1.927,TRUE,TRUE,maternal zygotic
evm.TU.scaffold_1.928,TRUE,TRUE,maternal zygotic
evm.TU.scaffold_1.930,TRUE,TRUE,maternal zygotic
evm.TU.scaffold_1.931_evm.TU.scaffold_1.932,FALSE,TRUE,zygotic
evm.TU.scaffold_1.933,FALSE,FALSE,neither
evm.TU.scaffold_1.934,TRUE,TRUE,maternal zygotic
evm.TU.scaffold_1.935,TRUE,TRUE,maternal zygotic
evm.TU.scaffold_1.936,TRUE,TRUE,maternal zygotic
evm.TU.scaffold_1.937,TRUE,TRUE,maternal zygotic
evm.TU.scaffold_1.938,TRUE,TRUE,maternal zygotic
evm.TU.scaffold_1.939,TRUE,TRUE,maternal zygotic
evm.TU.scaffold_1.94,FALSE,FALSE,neither
evm.TU.scaffold_1.940,TRUE,TRUE,maternal zygotic
evm.TU.scaffold_1.941_evm.TU.scaffold_1.942,FALSE,FALSE,neither
evm.TU.scaffold_1.943,FALSE,FALSE,neither
evm.TU.scaffold_1.944,TRUE,TRUE,maternal zygotic
evm.TU.scaffold_1.945,TRUE,TRUE,maternal zygotic
evm.TU.scaffold_1.946,FALSE,FALSE,neither
evm.TU.scaffold_1.947,FALSE,FALSE,neither
evm.TU.scaffold_1.948,FALSE,FALSE,neither
evm.TU.scaffold_1.949_evm.TU.scaffold_1.950,FALSE,FALSE,neither
evm.TU.scaffold_1.951,FALSE,FALSE,neither
evm.TU.scaffold_1.953,FALSE,FALSE,neither
evm.TU.scaffold_1.959,FALSE,FALSE,neither
evm.TU.scaffold_1.96,FALSE,FALSE,neither
evm.TU.scaffold_1.960,FALSE,FALSE,neither
evm.TU.scaffold_1.961,TRUE,TRUE,maternal zygotic
evm.TU.scaffold_1.962,TRUE,TRUE,maternal zygotic
evm.TU.scaffold_1.963,TRUE,TRUE,maternal zygotic
evm.TU.scaffold_1.964,TRUE,TRUE,maternal zygotic
evm.TU.scaffold_1.965,FALSE,FALSE,neither
evm.TU.scaffold_1.966,TRUE,TRUE,maternal zygotic
evm.TU.scaffold_1.967,TRUE,TRUE,maternal zygotic
evm.TU.scaffold_1.968,TRUE,TRUE,maternal zygotic
evm.TU.scaffold_1.969,TRUE,TRUE,maternal zygotic
evm.TU.scaffold_1.970,TRUE,TRUE,maternal zygotic
evm.TU.scaffold_1.971,FALSE,FALSE,neither
evm.TU.scaffold_1.972,TRUE,TRUE,maternal zygotic
evm.TU.scaffold_1.973,TRUE,TRUE,maternal zygotic
evm.TU.scaffold_1.975,FALSE,FALSE,neither
evm.TU.scaffold_1.976,FALSE,FALSE,neither
evm.TU.scaffold_1.977,TRUE,TRUE,maternal zygotic
evm.TU.scaffold_1.978,FALSE,FALSE,neither
evm.TU.scaffold_1.979,FALSE,FALSE,neither
evm.TU.scaffold_1.981,FALSE,FALSE,neither
evm.TU.scaffold_1.982,TRUE,TRUE,maternal zygotic
evm.TU.scaffold_1.983,TRUE,TRUE,maternal zygotic
evm.TU.scaffold_1.985,TRUE,TRUE,maternal zygotic
evm.TU.scaffold_1.986,TRUE,TRUE,maternal zygotic
evm.TU.scaffold_1.987,FALSE,FALSE,neither
evm.TU.scaffold_1.988,FALSE,FALSE,neither
evm.TU.scaffold_1.989,FALSE,FALSE,neither
evm.TU.scaffold_1.990,TRUE,TRUE,maternal zygotic
evm.TU.scaffold_1.991,TRUE,TRUE,maternal zygotic
evm.TU.scaffold_1.992,TRUE,TRUE,maternal zygotic
evm.TU.scaffold_1.993,TRUE,TRUE,maternal zygotic
evm.TU.scaffold_1.994,FALSE,FALSE,neither
evm.TU.scaffold_1.995,TRUE,TRUE,maternal zygotic
evm.TU.scaffold_1.996,TRUE,TRUE,maternal zygotic
evm.TU.scaffold_1.997,TRUE,TRUE,maternal zygotic
evm.TU.scaffold_1.998,TRUE,TRUE,maternal zygotic
evm.TU.scaffold_1.999,TRUE,TRUE,maternal zygotic
evm.TU.scaffold_103.1,FALSE,FALSE,neither
evm.TU.scaffold_11.15,FALSE,FALSE,neither
evm.TU.scaffold_11.16,FALSE,FALSE,neither
evm.TU.scaffold_11.18,FALSE,FALSE,neither
evm.TU.scaffold_11.2,FALSE,FALSE,neither
evm.TU.scaffold_11.25,FALSE,FALSE,neither
evm.TU.scaffold_11.26,FALSE,FALSE,neither
evm.TU.scaffold_11.38,FALSE,FALSE,neither
evm.TU.scaffold_111.1,FALSE,FALSE,neither
evm.TU.scaffold_112.1,FALSE,FALSE,neither
evm.TU.scaffold_112.2,FALSE,FALSE,neither
evm.TU.scaffold_114.5,FALSE,FALSE,neither
evm.TU.scaffold_114.7,FALSE,FALSE,neither
evm.TU.scaffold_114.8,FALSE,FALSE,neither
evm.TU.scaffold_118.1,FALSE,FALSE,neither
evm.TU.scaffold_127.2,FALSE,FALSE,neither
evm.TU.scaffold_128.1,FALSE,FALSE,neither
evm.TU.scaffold_128.2,FALSE,FALSE,neither
evm.TU.scaffold_128.3,FALSE,FALSE,neither
evm.TU.scaffold_129.1,FALSE,FALSE,neither
evm.TU.scaffold_129.3,FALSE,FALSE,neither
evm.TU.scaffold_129.6,FALSE,FALSE,neither
evm.TU.scaffold_13.1,FALSE,FALSE,neither
evm.TU.scaffold_13.12,FALSE,FALSE,neither
evm.TU.scaffold_13.15,FALSE,FALSE,neither
evm.TU.scaffold_13.16,FALSE,FALSE,neither
evm.TU.scaffold_13.18,FALSE,FALSE,neither
evm.TU.scaffold_13.20,FALSE,FALSE,neither
evm.TU.scaffold_13.23,FALSE,FALSE,neither
evm.TU.scaffold_13.24,FALSE,FALSE,neither
evm.TU.scaffold_13.26,FALSE,FALSE,neither
evm.TU.scaffold_13.29_evm.TU.scaffold_13.30,FALSE,FALSE,neither
evm.TU.scaffold_13.32,FALSE,FALSE,neither
evm.TU.scaffold_13.36,FALSE,FALSE,neither
evm.TU.scaffold_13.44,FALSE,FALSE,neither
evm.TU.scaffold_13.45,FALSE,FALSE,neither
evm.TU.scaffold_13.55,FALSE,FALSE,neither
evm.TU.scaffold_13.58,FALSE,FALSE,neither
evm.TU.scaffold_13.6,FALSE,FALSE,neither
evm.TU.scaffold_13.66,FALSE,FALSE,neither
evm.TU.scaffold_13.71,FALSE,FALSE,neither
evm.TU.scaffold_13.72,FALSE,FALSE,neither
evm.TU.scaffold_13.74,FALSE,FALSE,neither
evm.TU.scaffold_136.3,FALSE,FALSE,neither
evm.TU.scaffold_136.6,FALSE,FALSE,neither
evm.TU.scaffold_140.1,FALSE,FALSE,neither
evm.TU.scaffold_154.3,FALSE,FALSE,neither
evm.TU.scaffold_162.2,FALSE,FALSE,neither
evm.TU.scaffold_168.2,FALSE,FALSE,neither
evm.TU.scaffold_168.5,FALSE,FALSE,neither
evm.TU.scaffold_184.4,FALSE,FALSE,neither
evm.TU.scaffold_184.6,FALSE,FALSE,neither
evm.TU.scaffold_189.1,FALSE,FALSE,neither
evm.TU.scaffold_197.4,FALSE,FALSE,neither
evm.TU.scaffold_2.10,FALSE,FALSE,neither
evm.TU.scaffold_2.1000,TRUE,TRUE,maternal zygotic
evm.TU.scaffold_2.1001,FALSE,FALSE,neither
evm.TU.scaffold_2.1002,TRUE,TRUE,maternal zygotic
evm.TU.scaffold_2.1003,FALSE,FALSE,neither
evm.TU.scaffold_2.1004,FALSE,FALSE,neither
evm.TU.scaffold_2.1008,TRUE,TRUE,maternal zygotic
evm.TU.scaffold_2.1009,FALSE,FALSE,neither
evm.TU.scaffold_2.101,FALSE,FALSE,neither
evm.TU.scaffold_2.1010,TRUE,TRUE,maternal zygotic
evm.TU.scaffold_2.1011,FALSE,FALSE,neither
evm.TU.scaffold_2.1012,TRUE,TRUE,maternal zygotic
evm.TU.scaffold_2.1013,FALSE,FALSE,neither
evm.TU.scaffold_2.1014,TRUE,TRUE,maternal zygotic
evm.TU.scaffold_2.1015,FALSE,FALSE,neither
evm.TU.scaffold_2.102,FALSE,FALSE,neither
evm.TU.scaffold_2.1020,FALSE,FALSE,neither
evm.TU.scaffold_2.1024,FALSE,FALSE,neither
evm.TU.scaffold_2.1025,TRUE,FALSE,maternal
evm.TU.scaffold_2.1026,FALSE,FALSE,neither
evm.TU.scaffold_2.1027,FALSE,TRUE,zygotic
evm.TU.scaffold_2.1028,TRUE,TRUE,maternal zygotic
evm.TU.scaffold_2.1029,TRUE,TRUE,maternal zygotic
evm.TU.scaffold_2.103,FALSE,FALSE,neither
evm.TU.scaffold_2.1030,TRUE,TRUE,maternal zygotic
evm.TU.scaffold_2.1031,TRUE,TRUE,maternal zygotic
evm.TU.scaffold_2.1032,FALSE,TRUE,zygotic
evm.TU.scaffold_2.1033,FALSE,FALSE,neither
evm.TU.scaffold_2.1034,FALSE,TRUE,zygotic
evm.TU.scaffold_2.1035,TRUE,FALSE,maternal
evm.TU.scaffold_2.1036,TRUE,TRUE,maternal zygotic
evm.TU.scaffold_2.1037,FALSE,FALSE,neither
evm.TU.scaffold_2.1038,TRUE,TRUE,maternal zygotic
evm.TU.scaffold_2.1039,TRUE,TRUE,maternal zygotic
evm.TU.scaffold_2.104,FALSE,FALSE,neither
evm.TU.scaffold_2.1040,TRUE,TRUE,maternal zygotic
evm.TU.scaffold_2.1041,TRUE,TRUE,maternal zygotic
evm.TU.scaffold_2.1042,FALSE,TRUE,zygotic
evm.TU.scaffold_2.1043,TRUE,TRUE,maternal zygotic
evm.TU.scaffold_2.1044,FALSE,FALSE,neither
evm.TU.scaffold_2.1045,TRUE,TRUE,maternal zygotic
evm.TU.scaffold_2.1047,FALSE,FALSE,neither
evm.TU.scaffold_2.1048,TRUE,TRUE,maternal zygotic
evm.TU.scaffold_2.1049,TRUE,TRUE,maternal zygotic
evm.TU.scaffold_2.105,FALSE,FALSE,neither
evm.TU.scaffold_2.1050,TRUE,TRUE,maternal zygotic
evm.TU.scaffold_2.1051,TRUE,FALSE,maternal
evm.TU.scaffold_2.1052,FALSE,FALSE,neither
evm.TU.scaffold_2.1053,TRUE,TRUE,maternal zygotic
evm.TU.scaffold_2.1054,TRUE,TRUE,maternal zygotic
evm.TU.scaffold_2.1055,FALSE,FALSE,neither
evm.TU.scaffold_2.1056,FALSE,FALSE,neither
evm.TU.scaffold_2.1057,FALSE,FALSE,neither
evm.TU.scaffold_2.1058,FALSE,TRUE,zygotic
evm.TU.scaffold_2.106,FALSE,TRUE,zygotic
evm.TU.scaffold_2.1061,FALSE,FALSE,neither
evm.TU.scaffold_2.1062,TRUE,TRUE,maternal zygotic
evm.TU.scaffold_2.1063,TRUE,TRUE,maternal zygotic
evm.TU.scaffold_2.1064,FALSE,FALSE,neither
evm.TU.scaffold_2.1065,FALSE,FALSE,neither
evm.TU.scaffold_2.1066,FALSE,FALSE,neither
evm.TU.scaffold_2.1067,FALSE,FALSE,neither
evm.TU.scaffold_2.1069,FALSE,FALSE,neither
evm.TU.scaffold_2.1071,FALSE,FALSE,neither
evm.TU.scaffold_2.1073,FALSE,FALSE,neither
evm.TU.scaffold_2.1074,FALSE,FALSE,neither
evm.TU.scaffold_2.1076,TRUE,TRUE,maternal zygotic
evm.TU.scaffold_2.1078,FALSE,FALSE,neither
evm.TU.scaffold_2.1079,TRUE,TRUE,maternal zygotic
evm.TU.scaffold_2.1080,TRUE,TRUE,maternal zygotic
evm.TU.scaffold_2.1081,TRUE,TRUE,maternal zygotic
evm.TU.scaffold_2.1082,TRUE,TRUE,maternal zygotic
evm.TU.scaffold_2.1083,TRUE,TRUE,maternal zygotic
evm.TU.scaffold_2.1084,TRUE,TRUE,maternal zygotic
evm.TU.scaffold_2.1085,TRUE,TRUE,maternal zygotic
evm.TU.scaffold_2.1086,FALSE,FALSE,neither
evm.TU.scaffold_2.1087,FALSE,FALSE,neither
evm.TU.scaffold_2.1088_evm.TU.scaffold_2.1089,TRUE,TRUE,maternal zygotic
evm.TU.scaffold_2.1090,FALSE,FALSE,neither
evm.TU.scaffold_2.1091,FALSE,FALSE,neither
evm.TU.scaffold_2.1092,TRUE,TRUE,maternal zygotic
evm.TU.scaffold_2.1093,TRUE,TRUE,maternal zygotic
evm.TU.scaffold_2.1094,TRUE,TRUE,maternal zygotic
evm.TU.scaffold_2.1095,TRUE,TRUE,maternal zygotic
evm.TU.scaffold_2.1096,TRUE,TRUE,maternal zygotic
evm.TU.scaffold_2.1097,FALSE,FALSE,neither
evm.TU.scaffold_2.1098,FALSE,TRUE,zygotic
evm.TU.scaffold_2.1099,FALSE,FALSE,neither
evm.TU.scaffold_2.11,FALSE,FALSE,neither
evm.TU.scaffold_2.110,FALSE,FALSE,neither
evm.TU.scaffold_2.1100,TRUE,TRUE,maternal zygotic
evm.TU.scaffold_2.1101,TRUE,TRUE,maternal zygotic
evm.TU.scaffold_2.1102,FALSE,FALSE,neither
evm.TU.scaffold_2.1103,FALSE,FALSE,neither
evm.TU.scaffold_2.1104,FALSE,FALSE,neither
evm.TU.scaffold_2.1105,TRUE,TRUE,maternal zygotic
evm.TU.scaffold_2.1106,TRUE,TRUE,maternal zygotic
evm.TU.scaffold_2.1108,TRUE,TRUE,maternal zygotic
evm.TU.scaffold_2.1109,TRUE,TRUE,maternal zygotic
evm.TU.scaffold_2.111,FALSE,FALSE,neither
evm.TU.scaffold_2.1110,TRUE,TRUE,maternal zygotic
evm.TU.scaffold_2.1111,TRUE,TRUE,maternal zygotic
evm.TU.scaffold_2.1112,FALSE,FALSE,neither
evm.TU.scaffold_2.1113,TRUE,TRUE,maternal zygotic
evm.TU.scaffold_2.1114,TRUE,TRUE,maternal zygotic
evm.TU.scaffold_2.1115,TRUE,TRUE,maternal zygotic
evm.TU.scaffold_2.1116,TRUE,TRUE,maternal zygotic
evm.TU.scaffold_2.1117,TRUE,TRUE,maternal zygotic
evm.TU.scaffold_2.1118,TRUE,TRUE,maternal zygotic
evm.TU.scaffold_2.112,FALSE,FALSE,neither
evm.TU.scaffold_2.1120,TRUE,TRUE,maternal zygotic
evm.TU.scaffold_2.1121,TRUE,TRUE,maternal zygotic
evm.TU.scaffold_2.1122,FALSE,FALSE,neither
evm.TU.scaffold_2.1123,FALSE,FALSE,neither
evm.TU.scaffold_2.1124,FALSE,FALSE,neither
evm.TU.scaffold_2.1125,FALSE,FALSE,neither
evm.TU.scaffold_2.1126,FALSE,FALSE,neither
evm.TU.scaffold_2.1127,FALSE,FALSE,neither
evm.TU.scaffold_2.1128,TRUE,TRUE,maternal zygotic
evm.TU.scaffold_2.1129,FALSE,FALSE,neither
evm.TU.scaffold_2.113,FALSE,FALSE,neither
evm.TU.scaffold_2.1130,FALSE,FALSE,neither
evm.TU.scaffold_2.1131,TRUE,TRUE,maternal zygotic
evm.TU.scaffold_2.1132,TRUE,TRUE,maternal zygotic
evm.TU.scaffold_2.1133,TRUE,TRUE,maternal zygotic
evm.TU.scaffold_2.1134,TRUE,TRUE,maternal zygotic
evm.TU.scaffold_2.1135,TRUE,TRUE,maternal zygotic
evm.TU.scaffold_2.1136,FALSE,FALSE,neither
evm.TU.scaffold_2.1137,FALSE,FALSE,neither
evm.TU.scaffold_2.1138,FALSE,FALSE,neither
evm.TU.scaffold_2.1139,FALSE,FALSE,neither
evm.TU.scaffold_2.114,FALSE,FALSE,neither
evm.TU.scaffold_2.1140,FALSE,FALSE,neither
evm.TU.scaffold_2.1141,FALSE,FALSE,neither
evm.TU.scaffold_2.1142,FALSE,FALSE,neither
evm.TU.scaffold_2.1143,TRUE,TRUE,maternal zygotic
evm.TU.scaffold_2.1144,TRUE,TRUE,maternal zygotic
evm.TU.scaffold_2.1145,TRUE,TRUE,maternal zygotic
evm.TU.scaffold_2.1146,TRUE,TRUE,maternal zygotic
evm.TU.scaffold_2.1147,TRUE,TRUE,maternal zygotic
evm.TU.scaffold_2.1149,FALSE,TRUE,zygotic
evm.TU.scaffold_2.1150,FALSE,FALSE,neither
evm.TU.scaffold_2.1151,FALSE,FALSE,neither
evm.TU.scaffold_2.1152,FALSE,FALSE,neither
evm.TU.scaffold_2.1153,FALSE,FALSE,neither
evm.TU.scaffold_2.1154,TRUE,FALSE,maternal
evm.TU.scaffold_2.1155,FALSE,FALSE,neither
evm.TU.scaffold_2.1156,FALSE,FALSE,neither
evm.TU.scaffold_2.1157,TRUE,TRUE,maternal zygotic
evm.TU.scaffold_2.1158,TRUE,TRUE,maternal zygotic
evm.TU.scaffold_2.1159,FALSE,FALSE,neither
evm.TU.scaffold_2.1160,FALSE,FALSE,neither
evm.TU.scaffold_2.1164,FALSE,FALSE,neither
evm.TU.scaffold_2.1165_evm.TU.scaffold_2.1166,FALSE,FALSE,neither
evm.TU.scaffold_2.1167,FALSE,FALSE,neither
evm.TU.scaffold_2.1168,TRUE,TRUE,maternal zygotic
evm.TU.scaffold_2.1169,FALSE,FALSE,neither
evm.TU.scaffold_2.1170,TRUE,TRUE,maternal zygotic
evm.TU.scaffold_2.1171,TRUE,TRUE,maternal zygotic
evm.TU.scaffold_2.1172,TRUE,TRUE,maternal zygotic
evm.TU.scaffold_2.1173,FALSE,FALSE,neither
evm.TU.scaffold_2.1174,TRUE,TRUE,maternal zygotic
evm.TU.scaffold_2.1175,TRUE,TRUE,maternal zygotic
evm.TU.scaffold_2.1176,TRUE,TRUE,maternal zygotic
evm.TU.scaffold_2.1177,TRUE,TRUE,maternal zygotic
evm.TU.scaffold_2.1178,FALSE,TRUE,zygotic
evm.TU.scaffold_2.1179_evm.TU.scaffold_2.1179_evm.TU.scaffold_2.1180,TRUE,TRUE,maternal zygotic
evm.TU.scaffold_2.1181,FALSE,TRUE,zygotic
evm.TU.scaffold_2.1182,FALSE,TRUE,zygotic
evm.TU.scaffold_2.1183,TRUE,TRUE,maternal zygotic
evm.TU.scaffold_2.1184,FALSE,TRUE,zygotic
evm.TU.scaffold_2.1185,TRUE,TRUE,maternal zygotic
evm.TU.scaffold_2.1186,FALSE,TRUE,zygotic
evm.TU.scaffold_2.1187,FALSE,TRUE,zygotic
evm.TU.scaffold_2.1188,FALSE,FALSE,neither
evm.TU.scaffold_2.1189,FALSE,FALSE,neither
evm.TU.scaffold_2.119,FALSE,FALSE,neither
evm.TU.scaffold_2.1190_evm.TU.scaffold_2.1191,FALSE,TRUE,zygotic
evm.TU.scaffold_2.1192,FALSE,FALSE,neither
evm.TU.scaffold_2.1193,TRUE,TRUE,maternal zygotic
evm.TU.scaffold_2.1194,TRUE,TRUE,maternal zygotic
evm.TU.scaffold_2.1197,FALSE,FALSE,neither
evm.TU.scaffold_2.1198,TRUE,TRUE,maternal zygotic
evm.TU.scaffold_2.1199,TRUE,TRUE,maternal zygotic
evm.TU.scaffold_2.12,FALSE,FALSE,neither
evm.TU.scaffold_2.1200,TRUE,TRUE,maternal zygotic
evm.TU.scaffold_2.1201,FALSE,FALSE,neither
evm.TU.scaffold_2.1203,TRUE,TRUE,maternal zygotic
evm.TU.scaffold_2.1204,TRUE,TRUE,maternal zygotic
evm.TU.scaffold_2.1205,TRUE,TRUE,maternal zygotic
evm.TU.scaffold_2.1206,FALSE,FALSE,neither
evm.TU.scaffold_2.1207,TRUE,TRUE,maternal zygotic
evm.TU.scaffold_2.1208,TRUE,TRUE,maternal zygotic
evm.TU.scaffold_2.1209,TRUE,TRUE,maternal zygotic
evm.TU.scaffold_2.121,FALSE,FALSE,neither
evm.TU.scaffold_2.1210,TRUE,TRUE,maternal zygotic
evm.TU.scaffold_2.1211,TRUE,TRUE,maternal zygotic
evm.TU.scaffold_2.1212,TRUE,TRUE,maternal zygotic
evm.TU.scaffold_2.1213,FALSE,FALSE,neither
evm.TU.scaffold_2.1214,FALSE,FALSE,neither
evm.TU.scaffold_2.1215,FALSE,FALSE,neither
evm.TU.scaffold_2.1216,TRUE,TRUE,maternal zygotic
evm.TU.scaffold_2.1217,FALSE,FALSE,neither
evm.TU.scaffold_2.1218,TRUE,TRUE,maternal zygotic
evm.TU.scaffold_2.1219,TRUE,TRUE,maternal zygotic
evm.TU.scaffold_2.1220,FALSE,FALSE,neither
evm.TU.scaffold_2.1221,TRUE,TRUE,maternal zygotic
evm.TU.scaffold_2.1222,FALSE,FALSE,neither
evm.TU.scaffold_2.1223,FALSE,FALSE,neither
evm.TU.scaffold_2.1224,FALSE,FALSE,neither
evm.TU.scaffold_2.1225,FALSE,FALSE,neither
evm.TU.scaffold_2.1226,TRUE,TRUE,maternal zygotic
evm.TU.scaffold_2.1227,FALSE,FALSE,neither
evm.TU.scaffold_2.1228,FALSE,FALSE,neither
evm.TU.scaffold_2.1229,FALSE,FALSE,neither
evm.TU.scaffold_2.1230,TRUE,TRUE,maternal zygotic
evm.TU.scaffold_2.1231,TRUE,TRUE,maternal zygotic
evm.TU.scaffold_2.1232,TRUE,TRUE,maternal zygotic
evm.TU.scaffold_2.1233,TRUE,TRUE,maternal zygotic
evm.TU.scaffold_2.1234,TRUE,TRUE,maternal zygotic
evm.TU.scaffold_2.1235,TRUE,TRUE,maternal zygotic
evm.TU.scaffold_2.1236,TRUE,TRUE,maternal zygotic
evm.TU.scaffold_2.1237,TRUE,TRUE,maternal zygotic
evm.TU.scaffold_2.1238,TRUE,TRUE,maternal zygotic
evm.TU.scaffold_2.1239,TRUE,TRUE,maternal zygotic
evm.TU.scaffold_2.1240,TRUE,TRUE,maternal zygotic
evm.TU.scaffold_2.1241,FALSE,FALSE,neither
evm.TU.scaffold_2.1242,FALSE,FALSE,neither
evm.TU.scaffold_2.1243,TRUE,TRUE,maternal zygotic
evm.TU.scaffold_2.1244,TRUE,TRUE,maternal zygotic
evm.TU.scaffold_2.1245,TRUE,TRUE,maternal zygotic
evm.TU.scaffold_2.1246,TRUE,TRUE,maternal zygotic
evm.TU.scaffold_2.1247,FALSE,FALSE,neither
evm.TU.scaffold_2.1248,FALSE,FALSE,neither
evm.TU.scaffold_2.1249,FALSE,FALSE,neither
evm.TU.scaffold_2.125,FALSE,FALSE,neither
evm.TU.scaffold_2.1250,FALSE,FALSE,neither
evm.TU.scaffold_2.1251,TRUE,TRUE,maternal zygotic
evm.TU.scaffold_2.1252,FALSE,FALSE,neither
evm.TU.scaffold_2.1253,FALSE,FALSE,neither
evm.TU.scaffold_2.1254,TRUE,TRUE,maternal zygotic
evm.TU.scaffold_2.1255,TRUE,TRUE,maternal zygotic
evm.TU.scaffold_2.1256,FALSE,FALSE,neither
evm.TU.scaffold_2.1257,FALSE,FALSE,neither
evm.TU.scaffold_2.1258,FALSE,FALSE,neither
evm.TU.scaffold_2.1260,FALSE,FALSE,neither
evm.TU.scaffold_2.1261,FALSE,FALSE,neither
evm.TU.scaffold_2.1262,TRUE,TRUE,maternal zygotic
evm.TU.scaffold_2.1263,TRUE,TRUE,maternal zygotic
evm.TU.scaffold_2.1265,TRUE,TRUE,maternal zygotic
evm.TU.scaffold_2.1266,TRUE,TRUE,maternal zygotic
evm.TU.scaffold_2.1268,TRUE,TRUE,maternal zygotic
evm.TU.scaffold_2.1269,TRUE,TRUE,maternal zygotic
evm.TU.scaffold_2.127,TRUE,FALSE,maternal
evm.TU.scaffold_2.1270,TRUE,TRUE,maternal zygotic
evm.TU.scaffold_2.1271,TRUE,TRUE,maternal zygotic
evm.TU.scaffold_2.1272,TRUE,TRUE,maternal zygotic
evm.TU.scaffold_2.1273,TRUE,TRUE,maternal zygotic
evm.TU.scaffold_2.1274,TRUE,TRUE,maternal zygotic
evm.TU.scaffold_2.1275,TRUE,TRUE,maternal zygotic
evm.TU.scaffold_2.1276,TRUE,TRUE,maternal zygotic
evm.TU.scaffold_2.1277,TRUE,TRUE,maternal zygotic
evm.TU.scaffold_2.1278,FALSE,FALSE,neither
evm.TU.scaffold_2.128,FALSE,FALSE,neither
evm.TU.scaffold_2.1280,FALSE,FALSE,neither
evm.TU.scaffold_2.1281,TRUE,TRUE,maternal zygotic
evm.TU.scaffold_2.1282,TRUE,TRUE,maternal zygotic
evm.TU.scaffold_2.1283,TRUE,TRUE,maternal zygotic
evm.TU.scaffold_2.1284,TRUE,TRUE,maternal zygotic
evm.TU.scaffold_2.1285,TRUE,TRUE,maternal zygotic
evm.TU.scaffold_2.1286,TRUE,TRUE,maternal zygotic
evm.TU.scaffold_2.1287,FALSE,TRUE,zygotic
evm.TU.scaffold_2.1288,TRUE,TRUE,maternal zygotic
evm.TU.scaffold_2.1289,TRUE,TRUE,maternal zygotic
evm.TU.scaffold_2.129,FALSE,FALSE,neither
evm.TU.scaffold_2.1290,TRUE,TRUE,maternal zygotic
evm.TU.scaffold_2.1291,TRUE,TRUE,maternal zygotic
evm.TU.scaffold_2.1292,TRUE,TRUE,maternal zygotic
evm.TU.scaffold_2.1293,TRUE,TRUE,maternal zygotic
evm.TU.scaffold_2.1294_evm.TU.scaffold_2.1295,TRUE,TRUE,maternal zygotic
evm.TU.scaffold_2.1296,FALSE,FALSE,neither
evm.TU.scaffold_2.1297,FALSE,FALSE,neither
evm.TU.scaffold_2.1298,TRUE,TRUE,maternal zygotic
evm.TU.scaffold_2.1299,TRUE,TRUE,maternal zygotic
evm.TU.scaffold_2.13,FALSE,FALSE,neither
evm.TU.scaffold_2.130,FALSE,FALSE,neither
evm.TU.scaffold_2.1300,TRUE,TRUE,maternal zygotic
evm.TU.scaffold_2.1301,TRUE,TRUE,maternal zygotic
evm.TU.scaffold_2.1302,TRUE,TRUE,maternal zygotic
evm.TU.scaffold_2.1303,FALSE,FALSE,neither
evm.TU.scaffold_2.1305,FALSE,FALSE,neither
evm.TU.scaffold_2.1306,FALSE,FALSE,neither
evm.TU.scaffold_2.1307,FALSE,FALSE,neither
evm.TU.scaffold_2.1308,TRUE,TRUE,maternal zygotic
evm.TU.scaffold_2.1309,TRUE,TRUE,maternal zygotic
evm.TU.scaffold_2.1311,FALSE,FALSE,neither
evm.TU.scaffold_2.1312,TRUE,TRUE,maternal zygotic
evm.TU.scaffold_2.1313,TRUE,TRUE,maternal zygotic
evm.TU.scaffold_2.1314,TRUE,TRUE,maternal zygotic
evm.TU.scaffold_2.1315,TRUE,TRUE,maternal zygotic
evm.TU.scaffold_2.1316,FALSE,FALSE,neither
evm.TU.scaffold_2.1317,TRUE,TRUE,maternal zygotic
evm.TU.scaffold_2.1318,TRUE,TRUE,maternal zygotic
evm.TU.scaffold_2.1319,FALSE,FALSE,neither
evm.TU.scaffold_2.132,FALSE,FALSE,neither
evm.TU.scaffold_2.1320,FALSE,FALSE,neither
evm.TU.scaffold_2.1321,FALSE,FALSE,neither
evm.TU.scaffold_2.1322,FALSE,FALSE,neither
evm.TU.scaffold_2.1323,TRUE,TRUE,maternal zygotic
evm.TU.scaffold_2.1324,TRUE,TRUE,maternal zygotic
evm.TU.scaffold_2.1331,FALSE,FALSE,neither
evm.TU.scaffold_2.1333,FALSE,FALSE,neither
evm.TU.scaffold_2.1334,FALSE,FALSE,neither
evm.TU.scaffold_2.1335,TRUE,TRUE,maternal zygotic
evm.TU.scaffold_2.1337,FALSE,FALSE,neither
evm.TU.scaffold_2.1338,FALSE,FALSE,neither
evm.TU.scaffold_2.1339,TRUE,TRUE,maternal zygotic
evm.TU.scaffold_2.134,FALSE,FALSE,neither
evm.TU.scaffold_2.1342,FALSE,FALSE,neither
evm.TU.scaffold_2.1343,FALSE,FALSE,neither
evm.TU.scaffold_2.1345,FALSE,FALSE,neither
evm.TU.scaffold_2.1346,FALSE,FALSE,neither
evm.TU.scaffold_2.1347,FALSE,FALSE,neither
evm.TU.scaffold_2.1348,TRUE,TRUE,maternal zygotic
evm.TU.scaffold_2.1349,TRUE,TRUE,maternal zygotic
evm.TU.scaffold_2.135,FALSE,FALSE,neither
evm.TU.scaffold_2.1350,FALSE,FALSE,neither
evm.TU.scaffold_2.1351_evm.TU.scaffold_2.1352,FALSE,FALSE,neither
evm.TU.scaffold_2.1353,TRUE,TRUE,maternal zygotic
evm.TU.scaffold_2.1354,FALSE,FALSE,neither
evm.TU.scaffold_2.1355,TRUE,TRUE,maternal zygotic
evm.TU.scaffold_2.1356,TRUE,TRUE,maternal zygotic
evm.TU.scaffold_2.1357,TRUE,TRUE,maternal zygotic
evm.TU.scaffold_2.1358,FALSE,FALSE,neither
evm.TU.scaffold_2.1359,FALSE,FALSE,neither
evm.TU.scaffold_2.136,TRUE,TRUE,maternal zygotic
evm.TU.scaffold_2.1360,FALSE,FALSE,neither
evm.TU.scaffold_2.1362,FALSE,FALSE,neither
evm.TU.scaffold_2.1363,FALSE,TRUE,zygotic
evm.TU.scaffold_2.1364,TRUE,TRUE,maternal zygotic
evm.TU.scaffold_2.1365,TRUE,TRUE,maternal zygotic
evm.TU.scaffold_2.1366,FALSE,TRUE,zygotic
evm.TU.scaffold_2.1367,TRUE,TRUE,maternal zygotic
evm.TU.scaffold_2.1368,TRUE,TRUE,maternal zygotic
evm.TU.scaffold_2.1369,TRUE,TRUE,maternal zygotic
evm.TU.scaffold_2.137,TRUE,TRUE,maternal zygotic
evm.TU.scaffold_2.1370,TRUE,TRUE,maternal zygotic
evm.TU.scaffold_2.1371,TRUE,TRUE,maternal zygotic
evm.TU.scaffold_2.1372,TRUE,TRUE,maternal zygotic
evm.TU.scaffold_2.1373,TRUE,TRUE,maternal zygotic
evm.TU.scaffold_2.1375,FALSE,FALSE,neither
evm.TU.scaffold_2.1376,FALSE,FALSE,neither
evm.TU.scaffold_2.1377,FALSE,FALSE,neither
evm.TU.scaffold_2.1378,TRUE,TRUE,maternal zygotic
evm.TU.scaffold_2.1379,TRUE,TRUE,maternal zygotic
evm.TU.scaffold_2.138,TRUE,TRUE,maternal zygotic
evm.TU.scaffold_2.1380,TRUE,TRUE,maternal zygotic
evm.TU.scaffold_2.1381,FALSE,FALSE,neither
evm.TU.scaffold_2.1383,TRUE,TRUE,maternal zygotic
evm.TU.scaffold_2.1384,TRUE,TRUE,maternal zygotic
evm.TU.scaffold_2.1385,TRUE,TRUE,maternal zygotic
evm.TU.scaffold_2.1386,TRUE,TRUE,maternal zygotic
evm.TU.scaffold_2.1387,FALSE,FALSE,neither
evm.TU.scaffold_2.1388,FALSE,FALSE,neither
evm.TU.scaffold_2.1389,TRUE,TRUE,maternal zygotic
evm.TU.scaffold_2.139,TRUE,TRUE,maternal zygotic
evm.TU.scaffold_2.1391,FALSE,FALSE,neither
evm.TU.scaffold_2.1392,FALSE,FALSE,neither
evm.TU.scaffold_2.1393,FALSE,FALSE,neither
evm.TU.scaffold_2.1395,FALSE,FALSE,neither
evm.TU.scaffold_2.1397,FALSE,FALSE,neither
evm.TU.scaffold_2.14,FALSE,FALSE,neither
evm.TU.scaffold_2.140,TRUE,TRUE,maternal zygotic
evm.TU.scaffold_2.1400,FALSE,FALSE,neither
evm.TU.scaffold_2.1401,FALSE,FALSE,neither
evm.TU.scaffold_2.1404,FALSE,FALSE,neither
evm.TU.scaffold_2.1405,FALSE,FALSE,neither
evm.TU.scaffold_2.1406,FALSE,TRUE,zygotic
evm.TU.scaffold_2.1407,FALSE,FALSE,neither
evm.TU.scaffold_2.1408,TRUE,TRUE,maternal zygotic
evm.TU.scaffold_2.1409,TRUE,TRUE,maternal zygotic
evm.TU.scaffold_2.141,TRUE,TRUE,maternal zygotic
evm.TU.scaffold_2.1410,TRUE,TRUE,maternal zygotic
evm.TU.scaffold_2.1411,TRUE,TRUE,maternal zygotic
evm.TU.scaffold_2.1412,TRUE,TRUE,maternal zygotic
evm.TU.scaffold_2.1413,TRUE,TRUE,maternal zygotic
evm.TU.scaffold_2.1414_evm.TU.scaffold_2.1415,TRUE,FALSE,maternal
evm.TU.scaffold_2.1416,FALSE,FALSE,neither
evm.TU.scaffold_2.1417,FALSE,FALSE,neither
evm.TU.scaffold_2.1418,FALSE,FALSE,neither
evm.TU.scaffold_2.1419,TRUE,TRUE,maternal zygotic
evm.TU.scaffold_2.1420,TRUE,TRUE,maternal zygotic
evm.TU.scaffold_2.1421,TRUE,TRUE,maternal zygotic
evm.TU.scaffold_2.1422,TRUE,TRUE,maternal zygotic
evm.TU.scaffold_2.1423,TRUE,TRUE,maternal zygotic
evm.TU.scaffold_2.1424,FALSE,FALSE,neither
evm.TU.scaffold_2.1425,TRUE,TRUE,maternal zygotic
evm.TU.scaffold_2.1426,TRUE,TRUE,maternal zygotic
evm.TU.scaffold_2.1427,TRUE,TRUE,maternal zygotic
evm.TU.scaffold_2.1428,TRUE,TRUE,maternal zygotic
evm.TU.scaffold_2.1429,TRUE,TRUE,maternal zygotic
evm.TU.scaffold_2.143,TRUE,TRUE,maternal zygotic
evm.TU.scaffold_2.1430,TRUE,TRUE,maternal zygotic
evm.TU.scaffold_2.1431,TRUE,TRUE,maternal zygotic
evm.TU.scaffold_2.1432,FALSE,FALSE,neither
evm.TU.scaffold_2.1433,TRUE,TRUE,maternal zygotic
evm.TU.scaffold_2.1435,FALSE,FALSE,neither
evm.TU.scaffold_2.1437,TRUE,TRUE,maternal zygotic
evm.TU.scaffold_2.1438,TRUE,TRUE,maternal zygotic
evm.TU.scaffold_2.1439,FALSE,FALSE,neither
evm.TU.scaffold_2.1440,FALSE,FALSE,neither
evm.TU.scaffold_2.1441,FALSE,FALSE,neither
evm.TU.scaffold_2.1446,FALSE,FALSE,neither
evm.TU.scaffold_2.1448,FALSE,FALSE,neither
evm.TU.scaffold_2.1449,FALSE,FALSE,neither
evm.TU.scaffold_2.1450,FALSE,FALSE,neither
evm.TU.scaffold_2.1451,FALSE,FALSE,neither
evm.TU.scaffold_2.1455,FALSE,FALSE,neither
evm.TU.scaffold_2.146,FALSE,FALSE,neither
evm.TU.scaffold_2.1460,FALSE,FALSE,neither
evm.TU.scaffold_2.1465,FALSE,FALSE,neither
evm.TU.scaffold_2.1468,FALSE,FALSE,neither
evm.TU.scaffold_2.1469,FALSE,FALSE,neither
evm.TU.scaffold_2.147,TRUE,TRUE,maternal zygotic
evm.TU.scaffold_2.1470,TRUE,TRUE,maternal zygotic
evm.TU.scaffold_2.1471,TRUE,TRUE,maternal zygotic
evm.TU.scaffold_2.1472,FALSE,FALSE,neither
evm.TU.scaffold_2.1473,FALSE,FALSE,neither
evm.TU.scaffold_2.1474,TRUE,TRUE,maternal zygotic
evm.TU.scaffold_2.1475,TRUE,TRUE,maternal zygotic
evm.TU.scaffold_2.1477,FALSE,FALSE,neither
evm.TU.scaffold_2.1478,FALSE,FALSE,neither
evm.TU.scaffold_2.1479,TRUE,TRUE,maternal zygotic
evm.TU.scaffold_2.148,FALSE,FALSE,neither
evm.TU.scaffold_2.1480,FALSE,FALSE,neither
evm.TU.scaffold_2.1481,FALSE,FALSE,neither
evm.TU.scaffold_2.1482,FALSE,FALSE,neither
evm.TU.scaffold_2.1483,TRUE,TRUE,maternal zygotic
evm.TU.scaffold_2.1484,TRUE,TRUE,maternal zygotic
evm.TU.scaffold_2.1485,TRUE,FALSE,maternal
evm.TU.scaffold_2.1486,FALSE,FALSE,neither
evm.TU.scaffold_2.1487,TRUE,TRUE,maternal zygotic
evm.TU.scaffold_2.1488,FALSE,FALSE,neither
evm.TU.scaffold_2.1489,TRUE,TRUE,maternal zygotic
evm.TU.scaffold_2.149,TRUE,TRUE,maternal zygotic
evm.TU.scaffold_2.1490,FALSE,FALSE,neither
evm.TU.scaffold_2.1491,FALSE,FALSE,neither
evm.TU.scaffold_2.1492,FALSE,FALSE,neither
evm.TU.scaffold_2.1493,FALSE,FALSE,neither
evm.TU.scaffold_2.1494,FALSE,TRUE,zygotic
evm.TU.scaffold_2.1495,FALSE,FALSE,neither
evm.TU.scaffold_2.1496,TRUE,TRUE,maternal zygotic
evm.TU.scaffold_2.1497,TRUE,TRUE,maternal zygotic
evm.TU.scaffold_2.1498,TRUE,TRUE,maternal zygotic
evm.TU.scaffold_2.15,FALSE,FALSE,neither
evm.TU.scaffold_2.150,TRUE,TRUE,maternal zygotic
evm.TU.scaffold_2.1500,FALSE,FALSE,neither
evm.TU.scaffold_2.1502,TRUE,TRUE,maternal zygotic
evm.TU.scaffold_2.1503,TRUE,TRUE,maternal zygotic
evm.TU.scaffold_2.1504,TRUE,TRUE,maternal zygotic
evm.TU.scaffold_2.1505,FALSE,FALSE,neither
evm.TU.scaffold_2.1506,TRUE,TRUE,maternal zygotic
evm.TU.scaffold_2.1507,TRUE,TRUE,maternal zygotic
evm.TU.scaffold_2.1508,TRUE,TRUE,maternal zygotic
evm.TU.scaffold_2.1509,TRUE,FALSE,maternal
evm.TU.scaffold_2.151,TRUE,TRUE,maternal zygotic
evm.TU.scaffold_2.1510,FALSE,FALSE,neither
evm.TU.scaffold_2.1511,FALSE,FALSE,neither
evm.TU.scaffold_2.1512,FALSE,FALSE,neither
evm.TU.scaffold_2.1513,FALSE,FALSE,neither
evm.TU.scaffold_2.1514,FALSE,FALSE,neither
evm.TU.scaffold_2.1516,FALSE,FALSE,neither
evm.TU.scaffold_2.1517,FALSE,FALSE,neither
evm.TU.scaffold_2.1518,FALSE,TRUE,zygotic
evm.TU.scaffold_2.1519,FALSE,FALSE,neither
evm.TU.scaffold_2.152,FALSE,FALSE,neither
evm.TU.scaffold_2.1520,TRUE,TRUE,maternal zygotic
evm.TU.scaffold_2.1521,TRUE,TRUE,maternal zygotic
evm.TU.scaffold_2.1522,FALSE,FALSE,neither
evm.TU.scaffold_2.1523,TRUE,TRUE,maternal zygotic
evm.TU.scaffold_2.1524,TRUE,TRUE,maternal zygotic
evm.TU.scaffold_2.1525,TRUE,TRUE,maternal zygotic
evm.TU.scaffold_2.1526,TRUE,TRUE,maternal zygotic
evm.TU.scaffold_2.1527,TRUE,TRUE,maternal zygotic
evm.TU.scaffold_2.1528,TRUE,TRUE,maternal zygotic
evm.TU.scaffold_2.1529,TRUE,TRUE,maternal zygotic
evm.TU.scaffold_2.153,TRUE,TRUE,maternal zygotic
evm.TU.scaffold_2.1530,TRUE,TRUE,maternal zygotic
evm.TU.scaffold_2.1531,TRUE,TRUE,maternal zygotic
evm.TU.scaffold_2.1532,TRUE,TRUE,maternal zygotic
evm.TU.scaffold_2.1533,FALSE,FALSE,neither
evm.TU.scaffold_2.1534,FALSE,FALSE,neither
evm.TU.scaffold_2.1535,TRUE,TRUE,maternal zygotic
evm.TU.scaffold_2.1536,FALSE,FALSE,neither
evm.TU.scaffold_2.1537,FALSE,FALSE,neither
evm.TU.scaffold_2.1538,TRUE,TRUE,maternal zygotic
evm.TU.scaffold_2.1539,FALSE,FALSE,neither
evm.TU.scaffold_2.154,TRUE,TRUE,maternal zygotic
evm.TU.scaffold_2.1540,FALSE,FALSE,neither
evm.TU.scaffold_2.1541,TRUE,TRUE,maternal zygotic
evm.TU.scaffold_2.1542,FALSE,FALSE,neither
evm.TU.scaffold_2.1543,TRUE,TRUE,maternal zygotic
evm.TU.scaffold_2.1544,TRUE,TRUE,maternal zygotic
evm.TU.scaffold_2.1545,TRUE,TRUE,maternal zygotic
evm.TU.scaffold_2.1546,TRUE,TRUE,maternal zygotic
evm.TU.scaffold_2.1547,FALSE,FALSE,neither
evm.TU.scaffold_2.1548,FALSE,FALSE,neither
evm.TU.scaffold_2.1549,FALSE,FALSE,neither
evm.TU.scaffold_2.155,FALSE,TRUE,zygotic
evm.TU.scaffold_2.1550,FALSE,FALSE,neither
evm.TU.scaffold_2.1551,FALSE,FALSE,neither
evm.TU.scaffold_2.1552,TRUE,TRUE,maternal zygotic
evm.TU.scaffold_2.1553,FALSE,FALSE,neither
evm.TU.scaffold_2.1554,FALSE,FALSE,neither
evm.TU.scaffold_2.1556,TRUE,TRUE,maternal zygotic
evm.TU.scaffold_2.1557,TRUE,TRUE,maternal zygotic
evm.TU.scaffold_2.1558,TRUE,TRUE,maternal zygotic
evm.TU.scaffold_2.1559,TRUE,TRUE,maternal zygotic
evm.TU.scaffold_2.156,FALSE,TRUE,zygotic
evm.TU.scaffold_2.1560,FALSE,FALSE,neither
evm.TU.scaffold_2.1561,FALSE,FALSE,neither
evm.TU.scaffold_2.1562,TRUE,TRUE,maternal zygotic
evm.TU.scaffold_2.1563,FALSE,FALSE,neither
evm.TU.scaffold_2.1564,FALSE,FALSE,neither
evm.TU.scaffold_2.1565,TRUE,TRUE,maternal zygotic
evm.TU.scaffold_2.1566,FALSE,FALSE,neither
evm.TU.scaffold_2.1567,TRUE,TRUE,maternal zygotic
evm.TU.scaffold_2.1568,FALSE,FALSE,neither
evm.TU.scaffold_2.1569,FALSE,TRUE,zygotic
evm.TU.scaffold_2.157,FALSE,FALSE,neither
evm.TU.scaffold_2.1570,FALSE,FALSE,neither
evm.TU.scaffold_2.1571,FALSE,FALSE,neither
evm.TU.scaffold_2.1572,FALSE,TRUE,zygotic
evm.TU.scaffold_2.1573,TRUE,TRUE,maternal zygotic
evm.TU.scaffold_2.1574,TRUE,TRUE,maternal zygotic
evm.TU.scaffold_2.1575,TRUE,TRUE,maternal zygotic
evm.TU.scaffold_2.1576,TRUE,TRUE,maternal zygotic
evm.TU.scaffold_2.1577,TRUE,TRUE,maternal zygotic
evm.TU.scaffold_2.1578,TRUE,TRUE,maternal zygotic
evm.TU.scaffold_2.1579,TRUE,TRUE,maternal zygotic
evm.TU.scaffold_2.158,FALSE,FALSE,neither
evm.TU.scaffold_2.1580,TRUE,TRUE,maternal zygotic
evm.TU.scaffold_2.1581,TRUE,TRUE,maternal zygotic
evm.TU.scaffold_2.1582,TRUE,TRUE,maternal zygotic
evm.TU.scaffold_2.1583,TRUE,TRUE,maternal zygotic
evm.TU.scaffold_2.1584,FALSE,FALSE,neither
evm.TU.scaffold_2.1586,TRUE,TRUE,maternal zygotic
evm.TU.scaffold_2.159,TRUE,TRUE,maternal zygotic
evm.TU.scaffold_2.1591,FALSE,FALSE,neither
evm.TU.scaffold_2.1599,FALSE,FALSE,neither
evm.TU.scaffold_2.16,TRUE,TRUE,maternal zygotic
evm.TU.scaffold_2.160,FALSE,FALSE,neither
evm.TU.scaffold_2.1600,FALSE,TRUE,zygotic
evm.TU.scaffold_2.1601,FALSE,FALSE,neither
evm.TU.scaffold_2.1602,FALSE,FALSE,neither
evm.TU.scaffold_2.1603,FALSE,FALSE,neither
evm.TU.scaffold_2.1604,TRUE,TRUE,maternal zygotic
evm.TU.scaffold_2.1605,TRUE,TRUE,maternal zygotic
evm.TU.scaffold_2.1606,TRUE,TRUE,maternal zygotic
evm.TU.scaffold_2.1607,TRUE,TRUE,maternal zygotic
evm.TU.scaffold_2.1608,FALSE,FALSE,neither
evm.TU.scaffold_2.1609,FALSE,FALSE,neither
evm.TU.scaffold_2.161,FALSE,FALSE,neither
evm.TU.scaffold_2.1610,FALSE,FALSE,neither
evm.TU.scaffold_2.1611,FALSE,FALSE,neither
evm.TU.scaffold_2.1612,TRUE,TRUE,maternal zygotic
evm.TU.scaffold_2.1613,FALSE,FALSE,neither
evm.TU.scaffold_2.1615,TRUE,TRUE,maternal zygotic
evm.TU.scaffold_2.1616,TRUE,TRUE,maternal zygotic
evm.TU.scaffold_2.1617,TRUE,TRUE,maternal zygotic
evm.TU.scaffold_2.1618,TRUE,TRUE,maternal zygotic
evm.TU.scaffold_2.1619,FALSE,FALSE,neither
evm.TU.scaffold_2.162,FALSE,TRUE,zygotic
evm.TU.scaffold_2.1620,FALSE,FALSE,neither
evm.TU.scaffold_2.1624,FALSE,FALSE,neither
evm.TU.scaffold_2.1625,FALSE,FALSE,neither
evm.TU.scaffold_2.1626,TRUE,TRUE,maternal zygotic
evm.TU.scaffold_2.1627,FALSE,FALSE,neither
evm.TU.scaffold_2.163,TRUE,TRUE,maternal zygotic
evm.TU.scaffold_2.1630,FALSE,FALSE,neither
evm.TU.scaffold_2.1631,FALSE,FALSE,neither
evm.TU.scaffold_2.1632,FALSE,FALSE,neither
evm.TU.scaffold_2.1633,FALSE,FALSE,neither
evm.TU.scaffold_2.1636,FALSE,FALSE,neither
evm.TU.scaffold_2.1637,FALSE,FALSE,neither
evm.TU.scaffold_2.164,TRUE,TRUE,maternal zygotic
evm.TU.scaffold_2.1640,FALSE,FALSE,neither
evm.TU.scaffold_2.1641,FALSE,FALSE,neither
evm.TU.scaffold_2.1642,FALSE,FALSE,neither
evm.TU.scaffold_2.1644,FALSE,FALSE,neither
evm.TU.scaffold_2.1645,TRUE,TRUE,maternal zygotic
evm.TU.scaffold_2.1646,FALSE,FALSE,neither
evm.TU.scaffold_2.1647,FALSE,FALSE,neither
evm.TU.scaffold_2.1648,TRUE,TRUE,maternal zygotic
evm.TU.scaffold_2.1649,TRUE,TRUE,maternal zygotic
evm.TU.scaffold_2.165,FALSE,FALSE,neither
evm.TU.scaffold_2.1650,FALSE,FALSE,neither
evm.TU.scaffold_2.1651,FALSE,FALSE,neither
evm.TU.scaffold_2.1652,FALSE,FALSE,neither
evm.TU.scaffold_2.1653,TRUE,TRUE,maternal zygotic
evm.TU.scaffold_2.1654,FALSE,FALSE,neither
evm.TU.scaffold_2.1655,FALSE,FALSE,neither
evm.TU.scaffold_2.1656,TRUE,TRUE,maternal zygotic
evm.TU.scaffold_2.1657,TRUE,TRUE,maternal zygotic
evm.TU.scaffold_2.1658,TRUE,TRUE,maternal zygotic
evm.TU.scaffold_2.166,FALSE,FALSE,neither
evm.TU.scaffold_2.1660,FALSE,FALSE,neither
evm.TU.scaffold_2.1662,FALSE,FALSE,neither
evm.TU.scaffold_2.1663,FALSE,FALSE,neither
evm.TU.scaffold_2.1664,FALSE,FALSE,neither
evm.TU.scaffold_2.1665,FALSE,FALSE,neither
evm.TU.scaffold_2.1666,FALSE,FALSE,neither
evm.TU.scaffold_2.1667,FALSE,TRUE,zygotic
evm.TU.scaffold_2.1668,FALSE,FALSE,neither
evm.TU.scaffold_2.1674,FALSE,FALSE,neither
evm.TU.scaffold_2.1675,FALSE,FALSE,neither
evm.TU.scaffold_2.1677,FALSE,TRUE,zygotic
evm.TU.scaffold_2.1678,FALSE,FALSE,neither
evm.TU.scaffold_2.1679,TRUE,TRUE,maternal zygotic
evm.TU.scaffold_2.1680,TRUE,TRUE,maternal zygotic
evm.TU.scaffold_2.1681,TRUE,TRUE,maternal zygotic
evm.TU.scaffold_2.1682,TRUE,TRUE,maternal zygotic
evm.TU.scaffold_2.1686,TRUE,TRUE,maternal zygotic
evm.TU.scaffold_2.1688,FALSE,FALSE,neither
evm.TU.scaffold_2.1689,FALSE,FALSE,neither
evm.TU.scaffold_2.1690,FALSE,FALSE,neither
evm.TU.scaffold_2.1691,FALSE,FALSE,neither
evm.TU.scaffold_2.1692,FALSE,FALSE,neither
evm.TU.scaffold_2.1693,FALSE,FALSE,neither
evm.TU.scaffold_2.1694,FALSE,FALSE,neither
evm.TU.scaffold_2.1695,TRUE,TRUE,maternal zygotic
evm.TU.scaffold_2.1696,TRUE,TRUE,maternal zygotic
evm.TU.scaffold_2.1697,FALSE,FALSE,neither
evm.TU.scaffold_2.1698,FALSE,FALSE,neither
evm.TU.scaffold_2.17,FALSE,FALSE,neither
evm.TU.scaffold_2.170,FALSE,FALSE,neither
evm.TU.scaffold_2.1701,FALSE,FALSE,neither
evm.TU.scaffold_2.1706,FALSE,FALSE,neither
evm.TU.scaffold_2.1707,TRUE,TRUE,maternal zygotic
evm.TU.scaffold_2.1708,FALSE,FALSE,neither
evm.TU.scaffold_2.171,FALSE,FALSE,neither
evm.TU.scaffold_2.1710,FALSE,FALSE,neither
evm.TU.scaffold_2.1712,FALSE,FALSE,neither
evm.TU.scaffold_2.1714,FALSE,FALSE,neither
evm.TU.scaffold_2.1715,FALSE,FALSE,neither
evm.TU.scaffold_2.1716,FALSE,FALSE,neither
evm.TU.scaffold_2.1717,FALSE,FALSE,neither
evm.TU.scaffold_2.1718,TRUE,TRUE,maternal zygotic
evm.TU.scaffold_2.1721,TRUE,TRUE,maternal zygotic
evm.TU.scaffold_2.1722,FALSE,FALSE,neither
evm.TU.scaffold_2.1723,FALSE,FALSE,neither
evm.TU.scaffold_2.1724,FALSE,FALSE,neither
evm.TU.scaffold_2.1725,FALSE,FALSE,neither
evm.TU.scaffold_2.1726,FALSE,FALSE,neither
evm.TU.scaffold_2.1727,FALSE,FALSE,neither
evm.TU.scaffold_2.1728,FALSE,FALSE,neither
evm.TU.scaffold_2.1729,FALSE,FALSE,neither
evm.TU.scaffold_2.173,FALSE,FALSE,neither
evm.TU.scaffold_2.1730,FALSE,FALSE,neither
evm.TU.scaffold_2.1733,TRUE,TRUE,maternal zygotic
evm.TU.scaffold_2.1734,TRUE,TRUE,maternal zygotic
evm.TU.scaffold_2.1735,TRUE,TRUE,maternal zygotic
evm.TU.scaffold_2.1736,TRUE,TRUE,maternal zygotic
evm.TU.scaffold_2.1737,TRUE,TRUE,maternal zygotic
evm.TU.scaffold_2.1738,TRUE,TRUE,maternal zygotic
evm.TU.scaffold_2.1739,TRUE,TRUE,maternal zygotic
evm.TU.scaffold_2.1740,TRUE,TRUE,maternal zygotic
evm.TU.scaffold_2.1741,TRUE,TRUE,maternal zygotic
evm.TU.scaffold_2.1742,TRUE,TRUE,maternal zygotic
evm.TU.scaffold_2.1743,FALSE,FALSE,neither
evm.TU.scaffold_2.1744,FALSE,FALSE,neither
evm.TU.scaffold_2.1745,FALSE,FALSE,neither
evm.TU.scaffold_2.1747,FALSE,FALSE,neither
evm.TU.scaffold_2.1749,TRUE,TRUE,maternal zygotic
evm.TU.scaffold_2.1750,TRUE,TRUE,maternal zygotic
evm.TU.scaffold_2.1751,TRUE,TRUE,maternal zygotic
evm.TU.scaffold_2.1752,TRUE,TRUE,maternal zygotic
evm.TU.scaffold_2.1753,TRUE,TRUE,maternal zygotic
evm.TU.scaffold_2.1754,TRUE,TRUE,maternal zygotic
evm.TU.scaffold_2.1755,FALSE,FALSE,neither
evm.TU.scaffold_2.1756,TRUE,TRUE,maternal zygotic
evm.TU.scaffold_2.1757,TRUE,TRUE,maternal zygotic
evm.TU.scaffold_2.1758,TRUE,TRUE,maternal zygotic
evm.TU.scaffold_2.1759,TRUE,TRUE,maternal zygotic
evm.TU.scaffold_2.1760,TRUE,TRUE,maternal zygotic
evm.TU.scaffold_2.1761,FALSE,FALSE,neither
evm.TU.scaffold_2.1762,FALSE,FALSE,neither
evm.TU.scaffold_2.1763,TRUE,FALSE,maternal
evm.TU.scaffold_2.1764,TRUE,TRUE,maternal zygotic
evm.TU.scaffold_2.1765,TRUE,TRUE,maternal zygotic
evm.TU.scaffold_2.1766,TRUE,TRUE,maternal zygotic
evm.TU.scaffold_2.1767,TRUE,TRUE,maternal zygotic
evm.TU.scaffold_2.1768,TRUE,TRUE,maternal zygotic
evm.TU.scaffold_2.1769,TRUE,TRUE,maternal zygotic
evm.TU.scaffold_2.177,FALSE,FALSE,neither
evm.TU.scaffold_2.1770,FALSE,FALSE,neither
evm.TU.scaffold_2.1771,TRUE,FALSE,maternal
evm.TU.scaffold_2.1772,FALSE,FALSE,neither
evm.TU.scaffold_2.1773,TRUE,TRUE,maternal zygotic
evm.TU.scaffold_2.1774,FALSE,TRUE,zygotic
evm.TU.scaffold_2.1775,TRUE,TRUE,maternal zygotic
evm.TU.scaffold_2.1776,TRUE,TRUE,maternal zygotic
evm.TU.scaffold_2.1777,FALSE,FALSE,neither
evm.TU.scaffold_2.1778,TRUE,TRUE,maternal zygotic
evm.TU.scaffold_2.1779,FALSE,TRUE,zygotic
evm.TU.scaffold_2.178,FALSE,FALSE,neither
evm.TU.scaffold_2.1780,FALSE,TRUE,zygotic
evm.TU.scaffold_2.1781,TRUE,TRUE,maternal zygotic
evm.TU.scaffold_2.1782,FALSE,FALSE,neither
evm.TU.scaffold_2.1783,TRUE,TRUE,maternal zygotic
evm.TU.scaffold_2.1785,FALSE,TRUE,zygotic
evm.TU.scaffold_2.1786,TRUE,TRUE,maternal zygotic
evm.TU.scaffold_2.1787,FALSE,FALSE,neither
evm.TU.scaffold_2.1788,FALSE,TRUE,zygotic
evm.TU.scaffold_2.1789,TRUE,TRUE,maternal zygotic
evm.TU.scaffold_2.1790,TRUE,TRUE,maternal zygotic
evm.TU.scaffold_2.1792,TRUE,TRUE,maternal zygotic
evm.TU.scaffold_2.1793,TRUE,TRUE,maternal zygotic
evm.TU.scaffold_2.1794,TRUE,TRUE,maternal zygotic
evm.TU.scaffold_2.1795,TRUE,TRUE,maternal zygotic
evm.TU.scaffold_2.1796,FALSE,TRUE,zygotic
evm.TU.scaffold_2.1797,FALSE,TRUE,zygotic
evm.TU.scaffold_2.1798,FALSE,TRUE,zygotic
evm.TU.scaffold_2.1799,TRUE,FALSE,maternal
evm.TU.scaffold_2.1800,TRUE,FALSE,maternal
evm.TU.scaffold_2.1801,FALSE,FALSE,neither
evm.TU.scaffold_2.1802,TRUE,TRUE,maternal zygotic
evm.TU.scaffold_2.1804,FALSE,TRUE,zygotic
evm.TU.scaffold_2.1805,FALSE,FALSE,neither
evm.TU.scaffold_2.1806,FALSE,FALSE,neither
evm.TU.scaffold_2.1807,FALSE,FALSE,neither
evm.TU.scaffold_2.181,FALSE,FALSE,neither
evm.TU.scaffold_2.1811,FALSE,FALSE,neither
evm.TU.scaffold_2.1812,TRUE,TRUE,maternal zygotic
evm.TU.scaffold_2.1813,TRUE,TRUE,maternal zygotic
evm.TU.scaffold_2.1816,FALSE,FALSE,neither
evm.TU.scaffold_2.1817,FALSE,FALSE,neither
evm.TU.scaffold_2.1818,FALSE,FALSE,neither
evm.TU.scaffold_2.1819,FALSE,FALSE,neither
evm.TU.scaffold_2.182,FALSE,FALSE,neither
evm.TU.scaffold_2.1820,FALSE,FALSE,neither
evm.TU.scaffold_2.1821,FALSE,FALSE,neither
evm.TU.scaffold_2.1823,FALSE,FALSE,neither
evm.TU.scaffold_2.1824,FALSE,FALSE,neither
evm.TU.scaffold_2.1825,TRUE,TRUE,maternal zygotic
evm.TU.scaffold_2.1826,TRUE,TRUE,maternal zygotic
evm.TU.scaffold_2.1827,FALSE,FALSE,neither
evm.TU.scaffold_2.1828,TRUE,TRUE,maternal zygotic
evm.TU.scaffold_2.1829,TRUE,TRUE,maternal zygotic
evm.TU.scaffold_2.1830,TRUE,TRUE,maternal zygotic
evm.TU.scaffold_2.1831,TRUE,TRUE,maternal zygotic
evm.TU.scaffold_2.1832,TRUE,TRUE,maternal zygotic
evm.TU.scaffold_2.1833,TRUE,TRUE,maternal zygotic
evm.TU.scaffold_2.1834,TRUE,TRUE,maternal zygotic
evm.TU.scaffold_2.1835,TRUE,TRUE,maternal zygotic
evm.TU.scaffold_2.1836,TRUE,TRUE,maternal zygotic
evm.TU.scaffold_2.1837,TRUE,TRUE,maternal zygotic
evm.TU.scaffold_2.1838,TRUE,TRUE,maternal zygotic
evm.TU.scaffold_2.1839,TRUE,TRUE,maternal zygotic
evm.TU.scaffold_2.184,FALSE,FALSE,neither
evm.TU.scaffold_2.1840,TRUE,TRUE,maternal zygotic
evm.TU.scaffold_2.1841_evm.TU.scaffold_2.1843,FALSE,TRUE,zygotic
evm.TU.scaffold_2.1844,FALSE,FALSE,neither
evm.TU.scaffold_2.1845,TRUE,TRUE,maternal zygotic
evm.TU.scaffold_2.1846,TRUE,TRUE,maternal zygotic
evm.TU.scaffold_2.1847,FALSE,FALSE,neither
evm.TU.scaffold_2.1848,FALSE,FALSE,neither
evm.TU.scaffold_2.1849,FALSE,FALSE,neither
evm.TU.scaffold_2.185,FALSE,FALSE,neither
evm.TU.scaffold_2.1850,TRUE,TRUE,maternal zygotic
evm.TU.scaffold_2.1852,FALSE,FALSE,neither
evm.TU.scaffold_2.1853,FALSE,FALSE,neither
evm.TU.scaffold_2.1854,FALSE,TRUE,zygotic
evm.TU.scaffold_2.1855,FALSE,TRUE,zygotic
evm.TU.scaffold_2.1856,FALSE,FALSE,neither
evm.TU.scaffold_2.1857,FALSE,TRUE,zygotic
evm.TU.scaffold_2.1858,FALSE,TRUE,zygotic
evm.TU.scaffold_2.1859,FALSE,FALSE,neither
evm.TU.scaffold_2.1860,FALSE,TRUE,zygotic
evm.TU.scaffold_2.1861,FALSE,FALSE,neither
evm.TU.scaffold_2.1862,FALSE,TRUE,zygotic
evm.TU.scaffold_2.1863,FALSE,TRUE,zygotic
evm.TU.scaffold_2.1864,FALSE,TRUE,zygotic
evm.TU.scaffold_2.1865,FALSE,TRUE,zygotic
evm.TU.scaffold_2.1866,FALSE,TRUE,zygotic
evm.TU.scaffold_2.1867,FALSE,TRUE,zygotic
evm.TU.scaffold_2.1868,FALSE,FALSE,neither
evm.TU.scaffold_2.1869,FALSE,FALSE,neither
evm.TU.scaffold_2.187,FALSE,FALSE,neither
evm.TU.scaffold_2.1873,FALSE,FALSE,neither
evm.TU.scaffold_2.1874,FALSE,FALSE,neither
evm.TU.scaffold_2.1877,FALSE,FALSE,neither
evm.TU.scaffold_2.1878,FALSE,FALSE,neither
evm.TU.scaffold_2.1879,FALSE,FALSE,neither
evm.TU.scaffold_2.1880,FALSE,FALSE,neither
evm.TU.scaffold_2.1881,TRUE,TRUE,maternal zygotic
evm.TU.scaffold_2.1882,TRUE,TRUE,maternal zygotic
evm.TU.scaffold_2.1883,TRUE,TRUE,maternal zygotic
evm.TU.scaffold_2.1884,TRUE,TRUE,maternal zygotic
evm.TU.scaffold_2.1885,TRUE,TRUE,maternal zygotic
evm.TU.scaffold_2.1886,FALSE,FALSE,neither
evm.TU.scaffold_2.1887,FALSE,FALSE,neither
evm.TU.scaffold_2.1888,FALSE,FALSE,neither
evm.TU.scaffold_2.1889,TRUE,TRUE,maternal zygotic
evm.TU.scaffold_2.1890,TRUE,TRUE,maternal zygotic
evm.TU.scaffold_2.1891,TRUE,TRUE,maternal zygotic
evm.TU.scaffold_2.1892,TRUE,TRUE,maternal zygotic
evm.TU.scaffold_2.1893,FALSE,FALSE,neither
evm.TU.scaffold_2.1894,FALSE,FALSE,neither
evm.TU.scaffold_2.1895,FALSE,FALSE,neither
evm.TU.scaffold_2.1896,FALSE,FALSE,neither
evm.TU.scaffold_2.1897,FALSE,FALSE,neither
evm.TU.scaffold_2.1898,TRUE,TRUE,maternal zygotic
evm.TU.scaffold_2.1899,TRUE,TRUE,maternal zygotic
evm.TU.scaffold_2.19,FALSE,FALSE,neither
evm.TU.scaffold_2.1901,FALSE,FALSE,neither
evm.TU.scaffold_2.1902,FALSE,TRUE,zygotic
evm.TU.scaffold_2.1903,FALSE,FALSE,neither
evm.TU.scaffold_2.1904,TRUE,TRUE,maternal zygotic
evm.TU.scaffold_2.1905,TRUE,TRUE,maternal zygotic
evm.TU.scaffold_2.1908,TRUE,TRUE,maternal zygotic
evm.TU.scaffold_2.1909,FALSE,FALSE,neither
evm.TU.scaffold_2.1910,FALSE,FALSE,neither
evm.TU.scaffold_2.1911,FALSE,FALSE,neither
evm.TU.scaffold_2.1912,TRUE,TRUE,maternal zygotic
evm.TU.scaffold_2.1914,TRUE,TRUE,maternal zygotic
evm.TU.scaffold_2.1915,FALSE,FALSE,neither
evm.TU.scaffold_2.1916,TRUE,TRUE,maternal zygotic
evm.TU.scaffold_2.1917,FALSE,FALSE,neither
evm.TU.scaffold_2.1918,FALSE,FALSE,neither
evm.TU.scaffold_2.1919,FALSE,FALSE,neither
evm.TU.scaffold_2.1920,FALSE,FALSE,neither
evm.TU.scaffold_2.1923,FALSE,FALSE,neither
evm.TU.scaffold_2.1924,TRUE,TRUE,maternal zygotic
evm.TU.scaffold_2.1925,TRUE,TRUE,maternal zygotic
evm.TU.scaffold_2.1926,TRUE,TRUE,maternal zygotic
evm.TU.scaffold_2.1928,TRUE,TRUE,maternal zygotic
evm.TU.scaffold_2.1929,TRUE,TRUE,maternal zygotic
evm.TU.scaffold_2.1930,TRUE,TRUE,maternal zygotic
evm.TU.scaffold_2.1931,TRUE,TRUE,maternal zygotic
evm.TU.scaffold_2.1932,TRUE,TRUE,maternal zygotic
evm.TU.scaffold_2.1935,FALSE,FALSE,neither
evm.TU.scaffold_2.1936,FALSE,FALSE,neither
evm.TU.scaffold_2.1937,FALSE,FALSE,neither
evm.TU.scaffold_2.1938,FALSE,FALSE,neither
evm.TU.scaffold_2.1939,FALSE,FALSE,neither
evm.TU.scaffold_2.194,FALSE,FALSE,neither
evm.TU.scaffold_2.1940,FALSE,FALSE,neither
evm.TU.scaffold_2.1942,FALSE,FALSE,neither
evm.TU.scaffold_2.1943,FALSE,FALSE,neither
evm.TU.scaffold_2.1944,FALSE,FALSE,neither
evm.TU.scaffold_2.1945,FALSE,FALSE,neither
evm.TU.scaffold_2.1946,FALSE,FALSE,neither
evm.TU.scaffold_2.1947,FALSE,FALSE,neither
evm.TU.scaffold_2.1948,FALSE,FALSE,neither
evm.TU.scaffold_2.195,FALSE,FALSE,neither
evm.TU.scaffold_2.1953,FALSE,FALSE,neither
evm.TU.scaffold_2.1954,FALSE,FALSE,neither
evm.TU.scaffold_2.1955,FALSE,FALSE,neither
evm.TU.scaffold_2.1956,FALSE,FALSE,neither
evm.TU.scaffold_2.1958,FALSE,FALSE,neither
evm.TU.scaffold_2.1962,FALSE,FALSE,neither
evm.TU.scaffold_2.1964,FALSE,FALSE,neither
evm.TU.scaffold_2.1966,FALSE,FALSE,neither
evm.TU.scaffold_2.1967,FALSE,FALSE,neither
evm.TU.scaffold_2.1973,FALSE,FALSE,neither
evm.TU.scaffold_2.1974,FALSE,FALSE,neither
evm.TU.scaffold_2.1975,FALSE,FALSE,neither
evm.TU.scaffold_2.1976_evm.TU.scaffold_2.1977,FALSE,FALSE,neither
evm.TU.scaffold_2.1978,TRUE,TRUE,maternal zygotic
evm.TU.scaffold_2.1979,TRUE,TRUE,maternal zygotic
evm.TU.scaffold_2.198,FALSE,FALSE,neither
evm.TU.scaffold_2.1980,TRUE,TRUE,maternal zygotic
evm.TU.scaffold_2.1981,TRUE,TRUE,maternal zygotic
evm.TU.scaffold_2.1982,TRUE,TRUE,maternal zygotic
evm.TU.scaffold_2.1985,TRUE,TRUE,maternal zygotic
evm.TU.scaffold_2.1986,TRUE,TRUE,maternal zygotic
evm.TU.scaffold_2.1987,TRUE,TRUE,maternal zygotic
evm.TU.scaffold_2.1988,TRUE,TRUE,maternal zygotic
evm.TU.scaffold_2.1989,FALSE,FALSE,neither
evm.TU.scaffold_2.1990,FALSE,FALSE,neither
evm.TU.scaffold_2.1992,FALSE,FALSE,neither
evm.TU.scaffold_2.1993,FALSE,FALSE,neither
evm.TU.scaffold_2.1994,TRUE,TRUE,maternal zygotic
evm.TU.scaffold_2.1995,TRUE,TRUE,maternal zygotic
evm.TU.scaffold_2.1996,FALSE,FALSE,neither
evm.TU.scaffold_2.1997_evm.TU.scaffold_2.1998,FALSE,TRUE,zygotic
evm.TU.scaffold_2.1999,FALSE,FALSE,neither
evm.TU.scaffold_2.2,TRUE,TRUE,maternal zygotic
evm.TU.scaffold_2.2000,FALSE,FALSE,neither
evm.TU.scaffold_2.2001,TRUE,TRUE,maternal zygotic
evm.TU.scaffold_2.2002,TRUE,TRUE,maternal zygotic
evm.TU.scaffold_2.2003,FALSE,FALSE,neither
evm.TU.scaffold_2.2005,FALSE,FALSE,neither
evm.TU.scaffold_2.2006,TRUE,TRUE,maternal zygotic
evm.TU.scaffold_2.2007,FALSE,FALSE,neither
evm.TU.scaffold_2.2008,FALSE,FALSE,neither
evm.TU.scaffold_2.2009,FALSE,FALSE,neither
evm.TU.scaffold_2.2012,FALSE,FALSE,neither
evm.TU.scaffold_2.2013,TRUE,TRUE,maternal zygotic
evm.TU.scaffold_2.2014,TRUE,TRUE,maternal zygotic
evm.TU.scaffold_2.2016,TRUE,TRUE,maternal zygotic
evm.TU.scaffold_2.2017,TRUE,TRUE,maternal zygotic
evm.TU.scaffold_2.2018,FALSE,FALSE,neither
evm.TU.scaffold_2.2019,FALSE,FALSE,neither
evm.TU.scaffold_2.202,FALSE,FALSE,neither
evm.TU.scaffold_2.2020,FALSE,FALSE,neither
evm.TU.scaffold_2.2021,TRUE,TRUE,maternal zygotic
evm.TU.scaffold_2.2022,FALSE,FALSE,neither
evm.TU.scaffold_2.2023,FALSE,FALSE,neither
evm.TU.scaffold_2.2024,FALSE,FALSE,neither
evm.TU.scaffold_2.2025,FALSE,FALSE,neither
evm.TU.scaffold_2.2026,FALSE,TRUE,zygotic
evm.TU.scaffold_2.2027,FALSE,FALSE,neither
evm.TU.scaffold_2.2028,FALSE,FALSE,neither
evm.TU.scaffold_2.2029,FALSE,FALSE,neither
evm.TU.scaffold_2.2030,FALSE,FALSE,neither
evm.TU.scaffold_2.2031,FALSE,FALSE,neither
evm.TU.scaffold_2.2032,FALSE,FALSE,neither
evm.TU.scaffold_2.2033,FALSE,FALSE,neither
evm.TU.scaffold_2.2034,FALSE,FALSE,neither
evm.TU.scaffold_2.2035,FALSE,FALSE,neither
evm.TU.scaffold_2.2036,FALSE,FALSE,neither
evm.TU.scaffold_2.2037,TRUE,TRUE,maternal zygotic
evm.TU.scaffold_2.2038,TRUE,TRUE,maternal zygotic
evm.TU.scaffold_2.2039,TRUE,TRUE,maternal zygotic
evm.TU.scaffold_2.204,FALSE,TRUE,zygotic
evm.TU.scaffold_2.2040,TRUE,TRUE,maternal zygotic
evm.TU.scaffold_2.2041,FALSE,FALSE,neither
evm.TU.scaffold_2.2042,FALSE,FALSE,neither
evm.TU.scaffold_2.2045,FALSE,FALSE,neither
evm.TU.scaffold_2.2046,FALSE,FALSE,neither
evm.TU.scaffold_2.2047,FALSE,FALSE,neither
evm.TU.scaffold_2.2048,FALSE,FALSE,neither
evm.TU.scaffold_2.2049,TRUE,TRUE,maternal zygotic
evm.TU.scaffold_2.205,TRUE,TRUE,maternal zygotic
evm.TU.scaffold_2.2050,FALSE,FALSE,neither
evm.TU.scaffold_2.2051,TRUE,TRUE,maternal zygotic
evm.TU.scaffold_2.2052,FALSE,FALSE,neither
evm.TU.scaffold_2.2053,TRUE,TRUE,maternal zygotic
evm.TU.scaffold_2.2054,FALSE,FALSE,neither
evm.TU.scaffold_2.2055,TRUE,TRUE,maternal zygotic
evm.TU.scaffold_2.2056,FALSE,TRUE,zygotic
evm.TU.scaffold_2.2058,FALSE,FALSE,neither
evm.TU.scaffold_2.2059,FALSE,TRUE,zygotic
evm.TU.scaffold_2.206,TRUE,TRUE,maternal zygotic
evm.TU.scaffold_2.2060,FALSE,TRUE,zygotic
evm.TU.scaffold_2.2062,TRUE,TRUE,maternal zygotic
evm.TU.scaffold_2.2063,TRUE,TRUE,maternal zygotic
evm.TU.scaffold_2.2064,FALSE,TRUE,zygotic
evm.TU.scaffold_2.2065,FALSE,TRUE,zygotic
evm.TU.scaffold_2.2066,FALSE,TRUE,zygotic
evm.TU.scaffold_2.2067,TRUE,TRUE,maternal zygotic
evm.TU.scaffold_2.2068,TRUE,TRUE,maternal zygotic
evm.TU.scaffold_2.207,TRUE,TRUE,maternal zygotic
evm.TU.scaffold_2.2071,FALSE,FALSE,neither
evm.TU.scaffold_2.2072,FALSE,FALSE,neither
evm.TU.scaffold_2.2073,FALSE,FALSE,neither
evm.TU.scaffold_2.2074,FALSE,FALSE,neither
evm.TU.scaffold_2.2075,FALSE,FALSE,neither
evm.TU.scaffold_2.2076,TRUE,TRUE,maternal zygotic
evm.TU.scaffold_2.2077,FALSE,FALSE,neither
evm.TU.scaffold_2.2078,FALSE,TRUE,zygotic
evm.TU.scaffold_2.2079,TRUE,TRUE,maternal zygotic
evm.TU.scaffold_2.208,TRUE,TRUE,maternal zygotic
evm.TU.scaffold_2.2080,TRUE,TRUE,maternal zygotic
evm.TU.scaffold_2.2081,TRUE,TRUE,maternal zygotic
evm.TU.scaffold_2.2082,TRUE,TRUE,maternal zygotic
evm.TU.scaffold_2.2083,TRUE,TRUE,maternal zygotic
evm.TU.scaffold_2.2084,TRUE,TRUE,maternal zygotic
evm.TU.scaffold_2.2085,TRUE,TRUE,maternal zygotic
evm.TU.scaffold_2.2086,FALSE,FALSE,neither
evm.TU.scaffold_2.2087,TRUE,TRUE,maternal zygotic
evm.TU.scaffold_2.2088,TRUE,TRUE,maternal zygotic
evm.TU.scaffold_2.2089,FALSE,FALSE,neither
evm.TU.scaffold_2.209,TRUE,TRUE,maternal zygotic
evm.TU.scaffold_2.2090,TRUE,TRUE,maternal zygotic
evm.TU.scaffold_2.2093,TRUE,TRUE,maternal zygotic
evm.TU.scaffold_2.2095,TRUE,TRUE,maternal zygotic
evm.TU.scaffold_2.2096,TRUE,TRUE,maternal zygotic
evm.TU.scaffold_2.2097,TRUE,TRUE,maternal zygotic
evm.TU.scaffold_2.2098,TRUE,TRUE,maternal zygotic
evm.TU.scaffold_2.2099,TRUE,TRUE,maternal zygotic
evm.TU.scaffold_2.210,TRUE,TRUE,maternal zygotic
evm.TU.scaffold_2.2100,FALSE,FALSE,neither
evm.TU.scaffold_2.2101,FALSE,FALSE,neither
evm.TU.scaffold_2.2102,FALSE,FALSE,neither
evm.TU.scaffold_2.2103,FALSE,FALSE,neither
evm.TU.scaffold_2.2104,FALSE,FALSE,neither
evm.TU.scaffold_2.2106,FALSE,FALSE,neither
evm.TU.scaffold_2.2107,TRUE,TRUE,maternal zygotic
evm.TU.scaffold_2.2108,FALSE,FALSE,neither
evm.TU.scaffold_2.2109,TRUE,TRUE,maternal zygotic
evm.TU.scaffold_2.211,FALSE,FALSE,neither
evm.TU.scaffold_2.2110,FALSE,FALSE,neither
evm.TU.scaffold_2.2111,TRUE,TRUE,maternal zygotic
evm.TU.scaffold_2.2112,TRUE,TRUE,maternal zygotic
evm.TU.scaffold_2.2113,TRUE,TRUE,maternal zygotic
evm.TU.scaffold_2.2114,TRUE,TRUE,maternal zygotic
evm.TU.scaffold_2.2115,FALSE,FALSE,neither
evm.TU.scaffold_2.2116,TRUE,TRUE,maternal zygotic
evm.TU.scaffold_2.2117,TRUE,TRUE,maternal zygotic
evm.TU.scaffold_2.2118,TRUE,TRUE,maternal zygotic
evm.TU.scaffold_2.2119,TRUE,TRUE,maternal zygotic
evm.TU.scaffold_2.212,TRUE,TRUE,maternal zygotic
evm.TU.scaffold_2.2120,TRUE,TRUE,maternal zygotic
evm.TU.scaffold_2.2121,FALSE,FALSE,neither
evm.TU.scaffold_2.2122,FALSE,FALSE,neither
evm.TU.scaffold_2.2123,FALSE,FALSE,neither
evm.TU.scaffold_2.2124,FALSE,FALSE,neither
evm.TU.scaffold_2.2125,TRUE,TRUE,maternal zygotic
evm.TU.scaffold_2.2126,FALSE,FALSE,neither
evm.TU.scaffold_2.2127,TRUE,TRUE,maternal zygotic
evm.TU.scaffold_2.2129,FALSE,FALSE,neither
evm.TU.scaffold_2.213,TRUE,TRUE,maternal zygotic
evm.TU.scaffold_2.2130,FALSE,FALSE,neither
evm.TU.scaffold_2.2132,FALSE,FALSE,neither
evm.TU.scaffold_2.2133,FALSE,FALSE,neither
evm.TU.scaffold_2.2135,FALSE,FALSE,neither
evm.TU.scaffold_2.2137,TRUE,FALSE,maternal
evm.TU.scaffold_2.2138,FALSE,FALSE,neither
evm.TU.scaffold_2.2139,FALSE,FALSE,neither
evm.TU.scaffold_2.214,TRUE,TRUE,maternal zygotic
evm.TU.scaffold_2.2140,FALSE,FALSE,neither
evm.TU.scaffold_2.2141,FALSE,FALSE,neither
evm.TU.scaffold_2.2142,FALSE,FALSE,neither
evm.TU.scaffold_2.2144,FALSE,FALSE,neither
evm.TU.scaffold_2.2145,FALSE,FALSE,neither
evm.TU.scaffold_2.2146,FALSE,FALSE,neither
evm.TU.scaffold_2.2147,FALSE,FALSE,neither
evm.TU.scaffold_2.2148,FALSE,FALSE,neither
evm.TU.scaffold_2.2149,FALSE,FALSE,neither
evm.TU.scaffold_2.215,TRUE,TRUE,maternal zygotic
evm.TU.scaffold_2.2150,FALSE,FALSE,neither
evm.TU.scaffold_2.2151,FALSE,FALSE,neither
evm.TU.scaffold_2.2152,FALSE,FALSE,neither
evm.TU.scaffold_2.2153,FALSE,FALSE,neither
evm.TU.scaffold_2.2154,FALSE,FALSE,neither
evm.TU.scaffold_2.2155,FALSE,FALSE,neither
evm.TU.scaffold_2.2156,TRUE,TRUE,maternal zygotic
evm.TU.scaffold_2.2159,TRUE,TRUE,maternal zygotic
evm.TU.scaffold_2.216,TRUE,FALSE,maternal
evm.TU.scaffold_2.2160,TRUE,TRUE,maternal zygotic
evm.TU.scaffold_2.2161,TRUE,TRUE,maternal zygotic
evm.TU.scaffold_2.2162,TRUE,TRUE,maternal zygotic
evm.TU.scaffold_2.2163,FALSE,FALSE,neither
evm.TU.scaffold_2.2164,FALSE,FALSE,neither
evm.TU.scaffold_2.2165,FALSE,FALSE,neither
evm.TU.scaffold_2.2166,FALSE,FALSE,neither
evm.TU.scaffold_2.2167,FALSE,FALSE,neither
evm.TU.scaffold_2.2168,FALSE,FALSE,neither
evm.TU.scaffold_2.2169,FALSE,FALSE,neither
evm.TU.scaffold_2.217,FALSE,TRUE,zygotic
evm.TU.scaffold_2.2170,FALSE,FALSE,neither
evm.TU.scaffold_2.2171,FALSE,FALSE,neither
evm.TU.scaffold_2.2172,FALSE,FALSE,neither
evm.TU.scaffold_2.2173,FALSE,FALSE,neither
evm.TU.scaffold_2.2174,FALSE,FALSE,neither
evm.TU.scaffold_2.2175,TRUE,TRUE,maternal zygotic
evm.TU.scaffold_2.2176,TRUE,TRUE,maternal zygotic
evm.TU.scaffold_2.2177,TRUE,TRUE,maternal zygotic
evm.TU.scaffold_2.2178,FALSE,FALSE,neither
evm.TU.scaffold_2.2179,FALSE,FALSE,neither
evm.TU.scaffold_2.218,FALSE,FALSE,neither
evm.TU.scaffold_2.2180,FALSE,FALSE,neither
evm.TU.scaffold_2.2181,FALSE,FALSE,neither
evm.TU.scaffold_2.2182,FALSE,FALSE,neither
evm.TU.scaffold_2.2183,FALSE,FALSE,neither
evm.TU.scaffold_2.2186,FALSE,FALSE,neither
evm.TU.scaffold_2.2188,FALSE,FALSE,neither
evm.TU.scaffold_2.2189,FALSE,FALSE,neither
evm.TU.scaffold_2.219,FALSE,TRUE,zygotic
evm.TU.scaffold_2.2190,FALSE,FALSE,neither
evm.TU.scaffold_2.2192,TRUE,TRUE,maternal zygotic
evm.TU.scaffold_2.2194,FALSE,FALSE,neither
evm.TU.scaffold_2.2195,FALSE,FALSE,neither
evm.TU.scaffold_2.2196,FALSE,FALSE,neither
evm.TU.scaffold_2.2197,FALSE,FALSE,neither
evm.TU.scaffold_2.2198,FALSE,FALSE,neither
evm.TU.scaffold_2.2199,FALSE,FALSE,neither
evm.TU.scaffold_2.22,FALSE,TRUE,zygotic
evm.TU.scaffold_2.220,TRUE,TRUE,maternal zygotic
evm.TU.scaffold_2.2200,FALSE,FALSE,neither
evm.TU.scaffold_2.2201,FALSE,FALSE,neither
evm.TU.scaffold_2.2202,TRUE,TRUE,maternal zygotic
evm.TU.scaffold_2.2203,FALSE,FALSE,neither
evm.TU.scaffold_2.2204,FALSE,FALSE,neither
evm.TU.scaffold_2.2205,FALSE,FALSE,neither
evm.TU.scaffold_2.2206,FALSE,FALSE,neither
evm.TU.scaffold_2.2207,FALSE,FALSE,neither
evm.TU.scaffold_2.2208,FALSE,FALSE,neither
evm.TU.scaffold_2.2209,FALSE,FALSE,neither
evm.TU.scaffold_2.221,TRUE,TRUE,maternal zygotic
evm.TU.scaffold_2.2210,FALSE,FALSE,neither
evm.TU.scaffold_2.2211,FALSE,FALSE,neither
evm.TU.scaffold_2.2213,TRUE,TRUE,maternal zygotic
evm.TU.scaffold_2.2214,TRUE,TRUE,maternal zygotic
evm.TU.scaffold_2.2215,FALSE,FALSE,neither
evm.TU.scaffold_2.2216,FALSE,FALSE,neither
evm.TU.scaffold_2.2217,FALSE,FALSE,neither
evm.TU.scaffold_2.2218,FALSE,FALSE,neither
evm.TU.scaffold_2.222,TRUE,TRUE,maternal zygotic
evm.TU.scaffold_2.2222,FALSE,FALSE,neither
evm.TU.scaffold_2.2223,FALSE,FALSE,neither
evm.TU.scaffold_2.2224,TRUE,FALSE,maternal
evm.TU.scaffold_2.2225,TRUE,FALSE,maternal
evm.TU.scaffold_2.2227,TRUE,TRUE,maternal zygotic
evm.TU.scaffold_2.2229,TRUE,TRUE,maternal zygotic
evm.TU.scaffold_2.223,TRUE,TRUE,maternal zygotic
evm.TU.scaffold_2.2230,TRUE,TRUE,maternal zygotic
evm.TU.scaffold_2.2231,FALSE,FALSE,neither
evm.TU.scaffold_2.2232,FALSE,FALSE,neither
evm.TU.scaffold_2.2233,FALSE,FALSE,neither
evm.TU.scaffold_2.2234,FALSE,FALSE,neither
evm.TU.scaffold_2.2235,FALSE,FALSE,neither
evm.TU.scaffold_2.2236,FALSE,FALSE,neither
evm.TU.scaffold_2.2237,FALSE,FALSE,neither
evm.TU.scaffold_2.2239,TRUE,TRUE,maternal zygotic
evm.TU.scaffold_2.224,TRUE,FALSE,maternal
evm.TU.scaffold_2.2240,TRUE,TRUE,maternal zygotic
evm.TU.scaffold_2.2243,TRUE,TRUE,maternal zygotic
evm.TU.scaffold_2.2244,FALSE,FALSE,neither
evm.TU.scaffold_2.2245,FALSE,FALSE,neither
evm.TU.scaffold_2.2249,FALSE,FALSE,neither
evm.TU.scaffold_2.225,TRUE,TRUE,maternal zygotic
evm.TU.scaffold_2.2251,FALSE,FALSE,neither
evm.TU.scaffold_2.2254,FALSE,FALSE,neither
evm.TU.scaffold_2.2255,TRUE,TRUE,maternal zygotic
evm.TU.scaffold_2.2257,FALSE,FALSE,neither
evm.TU.scaffold_2.226,TRUE,TRUE,maternal zygotic
evm.TU.scaffold_2.2260,FALSE,FALSE,neither
evm.TU.scaffold_2.2261,FALSE,FALSE,neither
evm.TU.scaffold_2.2263,FALSE,FALSE,neither
evm.TU.scaffold_2.2264,FALSE,FALSE,neither
evm.TU.scaffold_2.2267,FALSE,FALSE,neither
evm.TU.scaffold_2.2269,FALSE,FALSE,neither
evm.TU.scaffold_2.227,FALSE,FALSE,neither
evm.TU.scaffold_2.2271,FALSE,FALSE,neither
evm.TU.scaffold_2.2276,FALSE,FALSE,neither
evm.TU.scaffold_2.2277,FALSE,FALSE,neither
evm.TU.scaffold_2.2279,FALSE,FALSE,neither
evm.TU.scaffold_2.228,FALSE,FALSE,neither
evm.TU.scaffold_2.2283,FALSE,FALSE,neither
evm.TU.scaffold_2.2287,FALSE,FALSE,neither
evm.TU.scaffold_2.2288,TRUE,TRUE,maternal zygotic
evm.TU.scaffold_2.229,FALSE,FALSE,neither
evm.TU.scaffold_2.2290,FALSE,FALSE,neither
evm.TU.scaffold_2.2291,TRUE,TRUE,maternal zygotic
evm.TU.scaffold_2.2292,FALSE,FALSE,neither
evm.TU.scaffold_2.2293,FALSE,FALSE,neither
evm.TU.scaffold_2.2294,FALSE,FALSE,neither
evm.TU.scaffold_2.2295,FALSE,FALSE,neither
evm.TU.scaffold_2.2296,FALSE,FALSE,neither
evm.TU.scaffold_2.2297,TRUE,TRUE,maternal zygotic
evm.TU.scaffold_2.2298,FALSE,TRUE,zygotic
evm.TU.scaffold_2.2299,FALSE,FALSE,neither
evm.TU.scaffold_2.23,FALSE,FALSE,neither
evm.TU.scaffold_2.230,FALSE,FALSE,neither
evm.TU.scaffold_2.2300,FALSE,FALSE,neither
evm.TU.scaffold_2.2302,FALSE,FALSE,neither
evm.TU.scaffold_2.2303,FALSE,FALSE,neither
evm.TU.scaffold_2.2304,FALSE,FALSE,neither
evm.TU.scaffold_2.2305,FALSE,FALSE,neither
evm.TU.scaffold_2.2306,FALSE,FALSE,neither
evm.TU.scaffold_2.2307,FALSE,FALSE,neither
evm.TU.scaffold_2.231,FALSE,FALSE,neither
evm.TU.scaffold_2.2310,FALSE,FALSE,neither
evm.TU.scaffold_2.2313,TRUE,TRUE,maternal zygotic
evm.TU.scaffold_2.2314,TRUE,TRUE,maternal zygotic
evm.TU.scaffold_2.2315,FALSE,FALSE,neither
evm.TU.scaffold_2.2316,FALSE,FALSE,neither
evm.TU.scaffold_2.2317,FALSE,FALSE,neither
evm.TU.scaffold_2.2318,TRUE,TRUE,maternal zygotic
evm.TU.scaffold_2.2319,FALSE,FALSE,neither
evm.TU.scaffold_2.232,FALSE,FALSE,neither
evm.TU.scaffold_2.2320,FALSE,FALSE,neither
evm.TU.scaffold_2.2321,FALSE,FALSE,neither
evm.TU.scaffold_2.2322,TRUE,TRUE,maternal zygotic
evm.TU.scaffold_2.2323_evm.TU.scaffold_2.2324,TRUE,TRUE,maternal zygotic
evm.TU.scaffold_2.2325,FALSE,FALSE,neither
evm.TU.scaffold_2.2326,FALSE,FALSE,neither
evm.TU.scaffold_2.2327,FALSE,TRUE,zygotic
evm.TU.scaffold_2.2328,FALSE,FALSE,neither
evm.TU.scaffold_2.2329,TRUE,TRUE,maternal zygotic
evm.TU.scaffold_2.233,FALSE,FALSE,neither
evm.TU.scaffold_2.2331,FALSE,FALSE,neither
evm.TU.scaffold_2.2332,FALSE,TRUE,zygotic
evm.TU.scaffold_2.2333,FALSE,FALSE,neither
evm.TU.scaffold_2.2337,FALSE,FALSE,neither
evm.TU.scaffold_2.2338,FALSE,FALSE,neither
evm.TU.scaffold_2.2339,FALSE,FALSE,neither
evm.TU.scaffold_2.234,TRUE,TRUE,maternal zygotic
evm.TU.scaffold_2.2340,FALSE,FALSE,neither
evm.TU.scaffold_2.2342,FALSE,TRUE,zygotic
evm.TU.scaffold_2.2343,FALSE,FALSE,neither
evm.TU.scaffold_2.2345,FALSE,FALSE,neither
evm.TU.scaffold_2.2346,TRUE,TRUE,maternal zygotic
evm.TU.scaffold_2.2347,FALSE,TRUE,zygotic
evm.TU.scaffold_2.2348,FALSE,TRUE,zygotic
evm.TU.scaffold_2.235,FALSE,FALSE,neither
evm.TU.scaffold_2.2355,FALSE,FALSE,neither
evm.TU.scaffold_2.2359,FALSE,FALSE,neither
evm.TU.scaffold_2.2361,FALSE,FALSE,neither
evm.TU.scaffold_2.2365,FALSE,FALSE,neither
evm.TU.scaffold_2.2367,FALSE,FALSE,neither
evm.TU.scaffold_2.2369,TRUE,TRUE,maternal zygotic
evm.TU.scaffold_2.237,TRUE,TRUE,maternal zygotic
evm.TU.scaffold_2.2370,FALSE,FALSE,neither
evm.TU.scaffold_2.2371,FALSE,FALSE,neither
evm.TU.scaffold_2.2372,FALSE,FALSE,neither
evm.TU.scaffold_2.2373,TRUE,TRUE,maternal zygotic
evm.TU.scaffold_2.2374,FALSE,FALSE,neither
evm.TU.scaffold_2.2375,FALSE,FALSE,neither
evm.TU.scaffold_2.2376,FALSE,FALSE,neither
evm.TU.scaffold_2.2377,FALSE,FALSE,neither
evm.TU.scaffold_2.2378,TRUE,TRUE,maternal zygotic
evm.TU.scaffold_2.2379,FALSE,FALSE,neither
evm.TU.scaffold_2.238,FALSE,FALSE,neither
evm.TU.scaffold_2.2380,TRUE,TRUE,maternal zygotic
evm.TU.scaffold_2.2381,TRUE,TRUE,maternal zygotic
evm.TU.scaffold_2.2382,TRUE,TRUE,maternal zygotic
evm.TU.scaffold_2.2383,TRUE,TRUE,maternal zygotic
evm.TU.scaffold_2.2384,FALSE,TRUE,zygotic
evm.TU.scaffold_2.2385,TRUE,TRUE,maternal zygotic
evm.TU.scaffold_2.2386,FALSE,FALSE,neither
evm.TU.scaffold_2.2389,FALSE,FALSE,neither
evm.TU.scaffold_2.239,FALSE,FALSE,neither
evm.TU.scaffold_2.2390,FALSE,FALSE,neither
evm.TU.scaffold_2.2391,TRUE,TRUE,maternal zygotic
evm.TU.scaffold_2.2392,TRUE,TRUE,maternal zygotic
evm.TU.scaffold_2.2393,FALSE,FALSE,neither
evm.TU.scaffold_2.2394,FALSE,FALSE,neither
evm.TU.scaffold_2.2395,TRUE,TRUE,maternal zygotic
evm.TU.scaffold_2.2396,TRUE,TRUE,maternal zygotic
evm.TU.scaffold_2.2397,FALSE,FALSE,neither
evm.TU.scaffold_2.2398,FALSE,FALSE,neither
evm.TU.scaffold_2.2399,FALSE,FALSE,neither
evm.TU.scaffold_2.24,FALSE,FALSE,neither
evm.TU.scaffold_2.240,FALSE,TRUE,zygotic
evm.TU.scaffold_2.2400,FALSE,FALSE,neither
evm.TU.scaffold_2.2401,TRUE,TRUE,maternal zygotic
evm.TU.scaffold_2.2402,TRUE,TRUE,maternal zygotic
evm.TU.scaffold_2.2403,TRUE,TRUE,maternal zygotic
evm.TU.scaffold_2.2404,TRUE,TRUE,maternal zygotic
evm.TU.scaffold_2.2405,TRUE,TRUE,maternal zygotic
evm.TU.scaffold_2.2407,TRUE,TRUE,maternal zygotic
evm.TU.scaffold_2.2408,TRUE,TRUE,maternal zygotic
evm.TU.scaffold_2.2409,FALSE,FALSE,neither
evm.TU.scaffold_2.241,FALSE,FALSE,neither
evm.TU.scaffold_2.2410,FALSE,FALSE,neither
evm.TU.scaffold_2.2412,FALSE,FALSE,neither
evm.TU.scaffold_2.2413,FALSE,FALSE,neither
evm.TU.scaffold_2.2414,FALSE,FALSE,neither
evm.TU.scaffold_2.2415,TRUE,TRUE,maternal zygotic
evm.TU.scaffold_2.2416,FALSE,FALSE,neither
evm.TU.scaffold_2.2417,FALSE,FALSE,neither
evm.TU.scaffold_2.2419,FALSE,FALSE,neither
evm.TU.scaffold_2.2421,FALSE,FALSE,neither
evm.TU.scaffold_2.2422,FALSE,FALSE,neither
evm.TU.scaffold_2.2423,TRUE,TRUE,maternal zygotic
evm.TU.scaffold_2.2424,FALSE,TRUE,zygotic
evm.TU.scaffold_2.2425,TRUE,TRUE,maternal zygotic
evm.TU.scaffold_2.2426,FALSE,FALSE,neither
evm.TU.scaffold_2.2427,FALSE,FALSE,neither
evm.TU.scaffold_2.2428,FALSE,FALSE,neither
evm.TU.scaffold_2.2429,TRUE,TRUE,maternal zygotic
evm.TU.scaffold_2.2430,TRUE,TRUE,maternal zygotic
evm.TU.scaffold_2.2431,FALSE,FALSE,neither
evm.TU.scaffold_2.2432,FALSE,FALSE,neither
evm.TU.scaffold_2.2433,FALSE,FALSE,neither
evm.TU.scaffold_2.2434,FALSE,FALSE,neither
evm.TU.scaffold_2.2435,FALSE,FALSE,neither
evm.TU.scaffold_2.2436,FALSE,FALSE,neither
evm.TU.scaffold_2.2437,TRUE,TRUE,maternal zygotic
evm.TU.scaffold_2.2438,TRUE,TRUE,maternal zygotic
evm.TU.scaffold_2.2439,TRUE,TRUE,maternal zygotic
evm.TU.scaffold_2.244,FALSE,FALSE,neither
evm.TU.scaffold_2.2440,FALSE,FALSE,neither
evm.TU.scaffold_2.2441,TRUE,TRUE,maternal zygotic
evm.TU.scaffold_2.2442,TRUE,TRUE,maternal zygotic
evm.TU.scaffold_2.2443,TRUE,TRUE,maternal zygotic
evm.TU.scaffold_2.2444,TRUE,TRUE,maternal zygotic
evm.TU.scaffold_2.2445,TRUE,TRUE,maternal zygotic
evm.TU.scaffold_2.2446,TRUE,TRUE,maternal zygotic
evm.TU.scaffold_2.2447,TRUE,TRUE,maternal zygotic
evm.TU.scaffold_2.2448,FALSE,TRUE,zygotic
evm.TU.scaffold_2.2449,FALSE,FALSE,neither
evm.TU.scaffold_2.245,FALSE,FALSE,neither
evm.TU.scaffold_2.2450,FALSE,FALSE,neither
evm.TU.scaffold_2.2457,FALSE,FALSE,neither
evm.TU.scaffold_2.246,FALSE,FALSE,neither
evm.TU.scaffold_2.2464,FALSE,FALSE,neither
evm.TU.scaffold_2.2467,FALSE,FALSE,neither
evm.TU.scaffold_2.2468,FALSE,FALSE,neither
evm.TU.scaffold_2.2469,FALSE,FALSE,neither
evm.TU.scaffold_2.2471,FALSE,FALSE,neither
evm.TU.scaffold_2.2472,FALSE,TRUE,zygotic
evm.TU.scaffold_2.2473,FALSE,FALSE,neither
evm.TU.scaffold_2.2474,FALSE,FALSE,neither
evm.TU.scaffold_2.2477,FALSE,TRUE,zygotic
evm.TU.scaffold_2.2478,FALSE,FALSE,neither
evm.TU.scaffold_2.248,TRUE,TRUE,maternal zygotic
evm.TU.scaffold_2.2480,FALSE,FALSE,neither
evm.TU.scaffold_2.2481,FALSE,FALSE,neither
evm.TU.scaffold_2.2482,FALSE,FALSE,neither
evm.TU.scaffold_2.2485,FALSE,FALSE,neither
evm.TU.scaffold_2.249,TRUE,TRUE,maternal zygotic
evm.TU.scaffold_2.2493,FALSE,FALSE,neither
evm.TU.scaffold_2.2494,FALSE,FALSE,neither
evm.TU.scaffold_2.2497,FALSE,FALSE,neither
evm.TU.scaffold_2.25,FALSE,FALSE,neither
evm.TU.scaffold_2.250,TRUE,TRUE,maternal zygotic
evm.TU.scaffold_2.2500,FALSE,FALSE,neither
evm.TU.scaffold_2.2501,FALSE,FALSE,neither
evm.TU.scaffold_2.2502,FALSE,FALSE,neither
evm.TU.scaffold_2.2508,FALSE,FALSE,neither
evm.TU.scaffold_2.2509,FALSE,FALSE,neither
evm.TU.scaffold_2.251,TRUE,TRUE,maternal zygotic
evm.TU.scaffold_2.2512,FALSE,FALSE,neither
evm.TU.scaffold_2.2514,FALSE,FALSE,neither
evm.TU.scaffold_2.2516,FALSE,FALSE,neither
evm.TU.scaffold_2.2518,FALSE,FALSE,neither
evm.TU.scaffold_2.2519,FALSE,FALSE,neither
evm.TU.scaffold_2.252,TRUE,TRUE,maternal zygotic
evm.TU.scaffold_2.2520,FALSE,FALSE,neither
evm.TU.scaffold_2.2525,FALSE,FALSE,neither
evm.TU.scaffold_2.2526,FALSE,FALSE,neither
evm.TU.scaffold_2.253,TRUE,TRUE,maternal zygotic
evm.TU.scaffold_2.2530,FALSE,FALSE,neither
evm.TU.scaffold_2.2531,FALSE,FALSE,neither
evm.TU.scaffold_2.2533,FALSE,FALSE,neither
evm.TU.scaffold_2.2534,FALSE,FALSE,neither
evm.TU.scaffold_2.2536,FALSE,FALSE,neither
evm.TU.scaffold_2.2538,FALSE,FALSE,neither
evm.TU.scaffold_2.2539,FALSE,FALSE,neither
evm.TU.scaffold_2.254,FALSE,FALSE,neither
evm.TU.scaffold_2.2541,FALSE,FALSE,neither
evm.TU.scaffold_2.2543,FALSE,FALSE,neither
evm.TU.scaffold_2.2544,FALSE,FALSE,neither
evm.TU.scaffold_2.2545,FALSE,FALSE,neither
evm.TU.scaffold_2.2548,FALSE,FALSE,neither
evm.TU.scaffold_2.255,FALSE,FALSE,neither
evm.TU.scaffold_2.256,FALSE,FALSE,neither
evm.TU.scaffold_2.2561,FALSE,FALSE,neither
evm.TU.scaffold_2.2567,FALSE,FALSE,neither
evm.TU.scaffold_2.257,FALSE,FALSE,neither
evm.TU.scaffold_2.258,FALSE,FALSE,neither
evm.TU.scaffold_2.26,FALSE,FALSE,neither
evm.TU.scaffold_2.260,FALSE,FALSE,neither
evm.TU.scaffold_2.261,FALSE,FALSE,neither
evm.TU.scaffold_2.262_evm.TU.scaffold_2.263_evm.TU.scaffold_2.264,FALSE,FALSE,neither
evm.TU.scaffold_2.266,FALSE,FALSE,neither
evm.TU.scaffold_2.267,TRUE,TRUE,maternal zygotic
evm.TU.scaffold_2.269,FALSE,TRUE,zygotic
evm.TU.scaffold_2.27,FALSE,TRUE,zygotic
evm.TU.scaffold_2.270,FALSE,FALSE,neither
evm.TU.scaffold_2.271,FALSE,FALSE,neither
evm.TU.scaffold_2.272,FALSE,FALSE,neither
evm.TU.scaffold_2.273,TRUE,TRUE,maternal zygotic
evm.TU.scaffold_2.274,FALSE,FALSE,neither
evm.TU.scaffold_2.275,TRUE,TRUE,maternal zygotic
evm.TU.scaffold_2.276,TRUE,TRUE,maternal zygotic
evm.TU.scaffold_2.277,TRUE,TRUE,maternal zygotic
evm.TU.scaffold_2.278,TRUE,TRUE,maternal zygotic
evm.TU.scaffold_2.279,FALSE,FALSE,neither
evm.TU.scaffold_2.28,TRUE,TRUE,maternal zygotic
evm.TU.scaffold_2.280,FALSE,FALSE,neither
evm.TU.scaffold_2.281,FALSE,TRUE,zygotic
evm.TU.scaffold_2.282,FALSE,FALSE,neither
evm.TU.scaffold_2.286,FALSE,FALSE,neither
evm.TU.scaffold_2.289,TRUE,TRUE,maternal zygotic
evm.TU.scaffold_2.29,FALSE,FALSE,neither
evm.TU.scaffold_2.290,TRUE,TRUE,maternal zygotic
evm.TU.scaffold_2.291,TRUE,TRUE,maternal zygotic
evm.TU.scaffold_2.292,TRUE,TRUE,maternal zygotic
evm.TU.scaffold_2.293,TRUE,TRUE,maternal zygotic
evm.TU.scaffold_2.294,TRUE,TRUE,maternal zygotic
evm.TU.scaffold_2.295,FALSE,FALSE,neither
evm.TU.scaffold_2.296,FALSE,FALSE,neither
evm.TU.scaffold_2.297,FALSE,FALSE,neither
evm.TU.scaffold_2.298,FALSE,FALSE,neither
evm.TU.scaffold_2.299,TRUE,TRUE,maternal zygotic
evm.TU.scaffold_2.3,FALSE,TRUE,zygotic
evm.TU.scaffold_2.30,FALSE,FALSE,neither
evm.TU.scaffold_2.300,TRUE,TRUE,maternal zygotic
evm.TU.scaffold_2.301,TRUE,TRUE,maternal zygotic
evm.TU.scaffold_2.302,TRUE,TRUE,maternal zygotic
evm.TU.scaffold_2.303,FALSE,FALSE,neither
evm.TU.scaffold_2.304,TRUE,TRUE,maternal zygotic
evm.TU.scaffold_2.305,TRUE,TRUE,maternal zygotic
evm.TU.scaffold_2.306,TRUE,TRUE,maternal zygotic
evm.TU.scaffold_2.307,FALSE,TRUE,zygotic
evm.TU.scaffold_2.308,TRUE,TRUE,maternal zygotic
evm.TU.scaffold_2.309,TRUE,TRUE,maternal zygotic
evm.TU.scaffold_2.31,TRUE,TRUE,maternal zygotic
evm.TU.scaffold_2.310,FALSE,FALSE,neither
evm.TU.scaffold_2.311,FALSE,FALSE,neither
evm.TU.scaffold_2.312,FALSE,FALSE,neither
evm.TU.scaffold_2.313,TRUE,TRUE,maternal zygotic
evm.TU.scaffold_2.314,TRUE,TRUE,maternal zygotic
evm.TU.scaffold_2.315,TRUE,TRUE,maternal zygotic
evm.TU.scaffold_2.317,TRUE,TRUE,maternal zygotic
evm.TU.scaffold_2.318,FALSE,FALSE,neither
evm.TU.scaffold_2.319,FALSE,FALSE,neither
evm.TU.scaffold_2.32,FALSE,FALSE,neither
evm.TU.scaffold_2.320,FALSE,FALSE,neither
evm.TU.scaffold_2.321,FALSE,FALSE,neither
evm.TU.scaffold_2.322,FALSE,FALSE,neither
evm.TU.scaffold_2.323,TRUE,TRUE,maternal zygotic
evm.TU.scaffold_2.324,TRUE,TRUE,maternal zygotic
evm.TU.scaffold_2.325,TRUE,TRUE,maternal zygotic
evm.TU.scaffold_2.326,FALSE,FALSE,neither
evm.TU.scaffold_2.327,FALSE,TRUE,zygotic
evm.TU.scaffold_2.33,FALSE,FALSE,neither
evm.TU.scaffold_2.330,FALSE,FALSE,neither
evm.TU.scaffold_2.331,FALSE,FALSE,neither
evm.TU.scaffold_2.332,TRUE,TRUE,maternal zygotic
evm.TU.scaffold_2.333,TRUE,TRUE,maternal zygotic
evm.TU.scaffold_2.334,TRUE,TRUE,maternal zygotic
evm.TU.scaffold_2.335,TRUE,TRUE,maternal zygotic
evm.TU.scaffold_2.337,FALSE,FALSE,neither
evm.TU.scaffold_2.339,FALSE,FALSE,neither
evm.TU.scaffold_2.34,FALSE,FALSE,neither
evm.TU.scaffold_2.340,FALSE,FALSE,neither
evm.TU.scaffold_2.341,TRUE,TRUE,maternal zygotic
evm.TU.scaffold_2.342,FALSE,FALSE,neither
evm.TU.scaffold_2.343,FALSE,FALSE,neither
evm.TU.scaffold_2.344,FALSE,TRUE,zygotic
evm.TU.scaffold_2.345,FALSE,FALSE,neither
evm.TU.scaffold_2.346,FALSE,FALSE,neither
evm.TU.scaffold_2.347,FALSE,FALSE,neither
evm.TU.scaffold_2.348,TRUE,TRUE,maternal zygotic
evm.TU.scaffold_2.349,TRUE,TRUE,maternal zygotic
evm.TU.scaffold_2.35,TRUE,TRUE,maternal zygotic
evm.TU.scaffold_2.350,TRUE,TRUE,maternal zygotic
evm.TU.scaffold_2.351,TRUE,TRUE,maternal zygotic
evm.TU.scaffold_2.352,FALSE,FALSE,neither
evm.TU.scaffold_2.353,TRUE,TRUE,maternal zygotic
evm.TU.scaffold_2.354,FALSE,FALSE,neither
evm.TU.scaffold_2.355,FALSE,FALSE,neither
evm.TU.scaffold_2.356,FALSE,FALSE,neither
evm.TU.scaffold_2.357,TRUE,TRUE,maternal zygotic
evm.TU.scaffold_2.358,TRUE,TRUE,maternal zygotic
evm.TU.scaffold_2.359,FALSE,TRUE,zygotic
evm.TU.scaffold_2.36,FALSE,FALSE,neither
evm.TU.scaffold_2.360,FALSE,FALSE,neither
evm.TU.scaffold_2.361,FALSE,TRUE,zygotic
evm.TU.scaffold_2.362,FALSE,FALSE,neither
evm.TU.scaffold_2.363,FALSE,FALSE,neither
evm.TU.scaffold_2.364,TRUE,TRUE,maternal zygotic
evm.TU.scaffold_2.365,FALSE,FALSE,neither
evm.TU.scaffold_2.366,FALSE,FALSE,neither
evm.TU.scaffold_2.367,TRUE,TRUE,maternal zygotic
evm.TU.scaffold_2.368,TRUE,TRUE,maternal zygotic
evm.TU.scaffold_2.369,TRUE,TRUE,maternal zygotic
evm.TU.scaffold_2.37,FALSE,FALSE,neither
evm.TU.scaffold_2.370_evm.TU.scaffold_2.371,TRUE,TRUE,maternal zygotic
evm.TU.scaffold_2.372,TRUE,TRUE,maternal zygotic
evm.TU.scaffold_2.373,FALSE,FALSE,neither
evm.TU.scaffold_2.374,FALSE,FALSE,neither
evm.TU.scaffold_2.375,TRUE,TRUE,maternal zygotic
evm.TU.scaffold_2.376,TRUE,TRUE,maternal zygotic
evm.TU.scaffold_2.377,TRUE,TRUE,maternal zygotic
evm.TU.scaffold_2.378,FALSE,TRUE,zygotic
evm.TU.scaffold_2.379,TRUE,TRUE,maternal zygotic
evm.TU.scaffold_2.383_evm.TU.scaffold_2.381,FALSE,FALSE,neither
evm.TU.scaffold_2.384,FALSE,FALSE,neither
evm.TU.scaffold_2.385,FALSE,FALSE,neither
evm.TU.scaffold_2.386,TRUE,FALSE,maternal
evm.TU.scaffold_2.387,TRUE,TRUE,maternal zygotic
evm.TU.scaffold_2.388,TRUE,TRUE,maternal zygotic
evm.TU.scaffold_2.389,TRUE,TRUE,maternal zygotic
evm.TU.scaffold_2.390,TRUE,TRUE,maternal zygotic
evm.TU.scaffold_2.391,TRUE,TRUE,maternal zygotic
evm.TU.scaffold_2.392,TRUE,TRUE,maternal zygotic
evm.TU.scaffold_2.393,TRUE,TRUE,maternal zygotic
evm.TU.scaffold_2.394,TRUE,TRUE,maternal zygotic
evm.TU.scaffold_2.395,TRUE,TRUE,maternal zygotic
evm.TU.scaffold_2.397,TRUE,TRUE,maternal zygotic
evm.TU.scaffold_2.398,TRUE,TRUE,maternal zygotic
evm.TU.scaffold_2.399,TRUE,TRUE,maternal zygotic
evm.TU.scaffold_2.4,FALSE,FALSE,neither
evm.TU.scaffold_2.40,FALSE,FALSE,neither
evm.TU.scaffold_2.400,FALSE,FALSE,neither
evm.TU.scaffold_2.401,TRUE,TRUE,maternal zygotic
evm.TU.scaffold_2.402,TRUE,TRUE,maternal zygotic
evm.TU.scaffold_2.403,TRUE,TRUE,maternal zygotic
evm.TU.scaffold_2.404,FALSE,FALSE,neither
evm.TU.scaffold_2.406,FALSE,FALSE,neither
evm.TU.scaffold_2.407,TRUE,TRUE,maternal zygotic
evm.TU.scaffold_2.409,FALSE,FALSE,neither
evm.TU.scaffold_2.41,FALSE,FALSE,neither
evm.TU.scaffold_2.410,FALSE,FALSE,neither
evm.TU.scaffold_2.413,FALSE,FALSE,neither
evm.TU.scaffold_2.414,FALSE,FALSE,neither
evm.TU.scaffold_2.416,FALSE,FALSE,neither
evm.TU.scaffold_2.42,FALSE,FALSE,neither
evm.TU.scaffold_2.421,FALSE,FALSE,neither
evm.TU.scaffold_2.423,FALSE,FALSE,neither
evm.TU.scaffold_2.425,FALSE,FALSE,neither
evm.TU.scaffold_2.426,FALSE,FALSE,neither
evm.TU.scaffold_2.427,FALSE,FALSE,neither
evm.TU.scaffold_2.428,FALSE,FALSE,neither
evm.TU.scaffold_2.429,FALSE,FALSE,neither
evm.TU.scaffold_2.430,FALSE,FALSE,neither
evm.TU.scaffold_2.432,FALSE,FALSE,neither
evm.TU.scaffold_2.435,FALSE,FALSE,neither
evm.TU.scaffold_2.436,FALSE,FALSE,neither
evm.TU.scaffold_2.437,FALSE,FALSE,neither
evm.TU.scaffold_2.439,FALSE,FALSE,neither
evm.TU.scaffold_2.44,FALSE,FALSE,neither
evm.TU.scaffold_2.441,FALSE,FALSE,neither
evm.TU.scaffold_2.443,FALSE,FALSE,neither
evm.TU.scaffold_2.445,FALSE,TRUE,zygotic
evm.TU.scaffold_2.452,FALSE,FALSE,neither
evm.TU.scaffold_2.459,FALSE,FALSE,neither
evm.TU.scaffold_2.460,FALSE,FALSE,neither
evm.TU.scaffold_2.461,TRUE,TRUE,maternal zygotic
evm.TU.scaffold_2.462,TRUE,TRUE,maternal zygotic
evm.TU.scaffold_2.463,TRUE,TRUE,maternal zygotic
evm.TU.scaffold_2.464,FALSE,FALSE,neither
evm.TU.scaffold_2.465,TRUE,TRUE,maternal zygotic
evm.TU.scaffold_2.466,FALSE,FALSE,neither
evm.TU.scaffold_2.468,FALSE,FALSE,neither
evm.TU.scaffold_2.469,FALSE,FALSE,neither
evm.TU.scaffold_2.47,FALSE,FALSE,neither
evm.TU.scaffold_2.470,FALSE,FALSE,neither
evm.TU.scaffold_2.471,TRUE,TRUE,maternal zygotic
evm.TU.scaffold_2.472,TRUE,TRUE,maternal zygotic
evm.TU.scaffold_2.473,TRUE,TRUE,maternal zygotic
evm.TU.scaffold_2.474,TRUE,TRUE,maternal zygotic
evm.TU.scaffold_2.475,TRUE,TRUE,maternal zygotic
evm.TU.scaffold_2.476,TRUE,TRUE,maternal zygotic
evm.TU.scaffold_2.477,FALSE,TRUE,zygotic
evm.TU.scaffold_2.478,TRUE,TRUE,maternal zygotic
evm.TU.scaffold_2.479,TRUE,TRUE,maternal zygotic
evm.TU.scaffold_2.48,FALSE,FALSE,neither
evm.TU.scaffold_2.480,FALSE,FALSE,neither
evm.TU.scaffold_2.481,FALSE,FALSE,neither
evm.TU.scaffold_2.482,TRUE,TRUE,maternal zygotic
evm.TU.scaffold_2.483,FALSE,FALSE,neither
evm.TU.scaffold_2.484,FALSE,FALSE,neither
evm.TU.scaffold_2.485,FALSE,FALSE,neither
evm.TU.scaffold_2.486,FALSE,FALSE,neither
evm.TU.scaffold_2.487,FALSE,FALSE,neither
evm.TU.scaffold_2.488,FALSE,FALSE,neither
evm.TU.scaffold_2.489,FALSE,FALSE,neither
evm.TU.scaffold_2.49,FALSE,FALSE,neither
evm.TU.scaffold_2.493,FALSE,FALSE,neither
evm.TU.scaffold_2.497,FALSE,FALSE,neither
evm.TU.scaffold_2.498,FALSE,FALSE,neither
evm.TU.scaffold_2.499,FALSE,FALSE,neither
evm.TU.scaffold_2.5,FALSE,FALSE,neither
evm.TU.scaffold_2.500,FALSE,FALSE,neither
evm.TU.scaffold_2.504,FALSE,FALSE,neither
evm.TU.scaffold_2.505,FALSE,FALSE,neither
evm.TU.scaffold_2.506,FALSE,FALSE,neither
evm.TU.scaffold_2.51,FALSE,FALSE,neither
evm.TU.scaffold_2.510,TRUE,TRUE,maternal zygotic
evm.TU.scaffold_2.511,TRUE,TRUE,maternal zygotic
evm.TU.scaffold_2.512,TRUE,TRUE,maternal zygotic
evm.TU.scaffold_2.514,TRUE,TRUE,maternal zygotic
evm.TU.scaffold_2.515,TRUE,TRUE,maternal zygotic
evm.TU.scaffold_2.516,TRUE,TRUE,maternal zygotic
evm.TU.scaffold_2.517,TRUE,TRUE,maternal zygotic
evm.TU.scaffold_2.518,FALSE,FALSE,neither
evm.TU.scaffold_2.519,TRUE,TRUE,maternal zygotic
evm.TU.scaffold_2.520,FALSE,FALSE,neither
evm.TU.scaffold_2.524,FALSE,FALSE,neither
evm.TU.scaffold_2.525,FALSE,FALSE,neither
evm.TU.scaffold_2.526,TRUE,TRUE,maternal zygotic
evm.TU.scaffold_2.527,FALSE,FALSE,neither
evm.TU.scaffold_2.528,TRUE,TRUE,maternal zygotic
evm.TU.scaffold_2.529,FALSE,FALSE,neither
evm.TU.scaffold_2.530,TRUE,TRUE,maternal zygotic
evm.TU.scaffold_2.531,TRUE,TRUE,maternal zygotic
evm.TU.scaffold_2.532,TRUE,TRUE,maternal zygotic
evm.TU.scaffold_2.533,TRUE,TRUE,maternal zygotic
evm.TU.scaffold_2.534,FALSE,FALSE,neither
evm.TU.scaffold_2.535,TRUE,TRUE,maternal zygotic
evm.TU.scaffold_2.536,TRUE,FALSE,maternal
evm.TU.scaffold_2.537,FALSE,TRUE,zygotic
evm.TU.scaffold_2.538,FALSE,FALSE,neither
evm.TU.scaffold_2.539,TRUE,TRUE,maternal zygotic
evm.TU.scaffold_2.54,FALSE,FALSE,neither
evm.TU.scaffold_2.540,TRUE,TRUE,maternal zygotic
evm.TU.scaffold_2.541,FALSE,FALSE,neither
evm.TU.scaffold_2.542,FALSE,FALSE,neither
evm.TU.scaffold_2.543,FALSE,FALSE,neither
evm.TU.scaffold_2.544,FALSE,FALSE,neither
evm.TU.scaffold_2.545,FALSE,FALSE,neither
evm.TU.scaffold_2.546,FALSE,FALSE,neither
evm.TU.scaffold_2.547,FALSE,FALSE,neither
evm.TU.scaffold_2.548,FALSE,FALSE,neither
evm.TU.scaffold_2.549,FALSE,FALSE,neither
evm.TU.scaffold_2.550,TRUE,TRUE,maternal zygotic
evm.TU.scaffold_2.551,TRUE,TRUE,maternal zygotic
evm.TU.scaffold_2.552,TRUE,TRUE,maternal zygotic
evm.TU.scaffold_2.553,TRUE,TRUE,maternal zygotic
evm.TU.scaffold_2.554,TRUE,FALSE,maternal
evm.TU.scaffold_2.555,FALSE,FALSE,neither
evm.TU.scaffold_2.556,FALSE,FALSE,neither
evm.TU.scaffold_2.559,FALSE,FALSE,neither
evm.TU.scaffold_2.56,FALSE,TRUE,zygotic
evm.TU.scaffold_2.560,FALSE,FALSE,neither
evm.TU.scaffold_2.561,TRUE,TRUE,maternal zygotic
evm.TU.scaffold_2.562,TRUE,TRUE,maternal zygotic
evm.TU.scaffold_2.563,TRUE,TRUE,maternal zygotic
evm.TU.scaffold_2.564,TRUE,TRUE,maternal zygotic
evm.TU.scaffold_2.565,TRUE,TRUE,maternal zygotic
evm.TU.scaffold_2.567,FALSE,FALSE,neither
evm.TU.scaffold_2.568,FALSE,FALSE,neither
evm.TU.scaffold_2.569,FALSE,FALSE,neither
evm.TU.scaffold_2.570,FALSE,FALSE,neither
evm.TU.scaffold_2.571,FALSE,FALSE,neither
evm.TU.scaffold_2.572,FALSE,FALSE,neither
evm.TU.scaffold_2.573,FALSE,FALSE,neither
evm.TU.scaffold_2.574,FALSE,FALSE,neither
evm.TU.scaffold_2.575,TRUE,TRUE,maternal zygotic
evm.TU.scaffold_2.576,TRUE,TRUE,maternal zygotic
evm.TU.scaffold_2.577,FALSE,FALSE,neither
evm.TU.scaffold_2.578,FALSE,FALSE,neither
evm.TU.scaffold_2.579,FALSE,FALSE,neither
evm.TU.scaffold_2.58,FALSE,FALSE,neither
evm.TU.scaffold_2.580,FALSE,FALSE,neither
evm.TU.scaffold_2.581,FALSE,FALSE,neither
evm.TU.scaffold_2.582,FALSE,FALSE,neither
evm.TU.scaffold_2.583,FALSE,FALSE,neither
evm.TU.scaffold_2.585_evm.TU.scaffold_2.586_evm.TU.scaffold_2.584,FALSE,FALSE,neither
evm.TU.scaffold_2.587,TRUE,TRUE,maternal zygotic
evm.TU.scaffold_2.588,FALSE,FALSE,neither
evm.TU.scaffold_2.589,FALSE,FALSE,neither
evm.TU.scaffold_2.59,FALSE,FALSE,neither
evm.TU.scaffold_2.590,FALSE,FALSE,neither
evm.TU.scaffold_2.591,FALSE,FALSE,neither
evm.TU.scaffold_2.592,FALSE,FALSE,neither
evm.TU.scaffold_2.595,TRUE,TRUE,maternal zygotic
evm.TU.scaffold_2.596,TRUE,TRUE,maternal zygotic
evm.TU.scaffold_2.597,TRUE,TRUE,maternal zygotic
evm.TU.scaffold_2.598,TRUE,TRUE,maternal zygotic
evm.TU.scaffold_2.599,TRUE,TRUE,maternal zygotic
evm.TU.scaffold_2.6,FALSE,FALSE,neither
evm.TU.scaffold_2.60,FALSE,FALSE,neither
evm.TU.scaffold_2.600,TRUE,TRUE,maternal zygotic
evm.TU.scaffold_2.601,FALSE,FALSE,neither
evm.TU.scaffold_2.603,TRUE,TRUE,maternal zygotic
evm.TU.scaffold_2.604,TRUE,TRUE,maternal zygotic
evm.TU.scaffold_2.605,TRUE,TRUE,maternal zygotic
evm.TU.scaffold_2.606,FALSE,FALSE,neither
evm.TU.scaffold_2.607,FALSE,FALSE,neither
evm.TU.scaffold_2.608,FALSE,FALSE,neither
evm.TU.scaffold_2.609,FALSE,FALSE,neither
evm.TU.scaffold_2.610,TRUE,TRUE,maternal zygotic
evm.TU.scaffold_2.611,TRUE,TRUE,maternal zygotic
evm.TU.scaffold_2.612,TRUE,TRUE,maternal zygotic
evm.TU.scaffold_2.613,FALSE,FALSE,neither
evm.TU.scaffold_2.62,FALSE,FALSE,neither
evm.TU.scaffold_2.621,FALSE,FALSE,neither
evm.TU.scaffold_2.622,FALSE,FALSE,neither
evm.TU.scaffold_2.623,FALSE,FALSE,neither
evm.TU.scaffold_2.624,TRUE,TRUE,maternal zygotic
evm.TU.scaffold_2.625,TRUE,TRUE,maternal zygotic
evm.TU.scaffold_2.626,FALSE,FALSE,neither
evm.TU.scaffold_2.627,FALSE,FALSE,neither
evm.TU.scaffold_2.628,TRUE,TRUE,maternal zygotic
evm.TU.scaffold_2.63,FALSE,FALSE,neither
evm.TU.scaffold_2.632,TRUE,TRUE,maternal zygotic
evm.TU.scaffold_2.633,FALSE,FALSE,neither
evm.TU.scaffold_2.634,TRUE,TRUE,maternal zygotic
evm.TU.scaffold_2.635,FALSE,FALSE,neither
evm.TU.scaffold_2.636,FALSE,FALSE,neither
evm.TU.scaffold_2.637,FALSE,FALSE,neither
evm.TU.scaffold_2.638,FALSE,FALSE,neither
evm.TU.scaffold_2.639,FALSE,FALSE,neither
evm.TU.scaffold_2.64,FALSE,FALSE,neither
evm.TU.scaffold_2.640,TRUE,TRUE,maternal zygotic
evm.TU.scaffold_2.641,TRUE,TRUE,maternal zygotic
evm.TU.scaffold_2.642,TRUE,TRUE,maternal zygotic
evm.TU.scaffold_2.643,TRUE,TRUE,maternal zygotic
evm.TU.scaffold_2.644,FALSE,TRUE,zygotic
evm.TU.scaffold_2.646,TRUE,TRUE,maternal zygotic
evm.TU.scaffold_2.647,TRUE,TRUE,maternal zygotic
evm.TU.scaffold_2.648,TRUE,TRUE,maternal zygotic
evm.TU.scaffold_2.649,TRUE,TRUE,maternal zygotic
evm.TU.scaffold_2.65,FALSE,FALSE,neither
evm.TU.scaffold_2.650,TRUE,TRUE,maternal zygotic
evm.TU.scaffold_2.651,TRUE,TRUE,maternal zygotic
evm.TU.scaffold_2.652,TRUE,TRUE,maternal zygotic
evm.TU.scaffold_2.653,TRUE,TRUE,maternal zygotic
evm.TU.scaffold_2.654,FALSE,FALSE,neither
evm.TU.scaffold_2.655,TRUE,TRUE,maternal zygotic
evm.TU.scaffold_2.656,FALSE,FALSE,neither
evm.TU.scaffold_2.657,FALSE,FALSE,neither
evm.TU.scaffold_2.658,FALSE,FALSE,neither
evm.TU.scaffold_2.659,FALSE,FALSE,neither
evm.TU.scaffold_2.66,FALSE,FALSE,neither
evm.TU.scaffold_2.660,FALSE,FALSE,neither
evm.TU.scaffold_2.661,FALSE,FALSE,neither
evm.TU.scaffold_2.662,FALSE,FALSE,neither
evm.TU.scaffold_2.663,FALSE,FALSE,neither
evm.TU.scaffold_2.664,FALSE,FALSE,neither
evm.TU.scaffold_2.665,FALSE,FALSE,neither
evm.TU.scaffold_2.666,FALSE,FALSE,neither
evm.TU.scaffold_2.667,FALSE,FALSE,neither
evm.TU.scaffold_2.668,FALSE,FALSE,neither
evm.TU.scaffold_2.669,FALSE,FALSE,neither
evm.TU.scaffold_2.670,FALSE,FALSE,neither
evm.TU.scaffold_2.671,FALSE,FALSE,neither
evm.TU.scaffold_2.672,FALSE,FALSE,neither
evm.TU.scaffold_2.674,FALSE,FALSE,neither
evm.TU.scaffold_2.675,FALSE,FALSE,neither
evm.TU.scaffold_2.677,FALSE,FALSE,neither
evm.TU.scaffold_2.678,FALSE,FALSE,neither
evm.TU.scaffold_2.679,FALSE,FALSE,neither
evm.TU.scaffold_2.680,FALSE,FALSE,neither
evm.TU.scaffold_2.681,FALSE,FALSE,neither
evm.TU.scaffold_2.682,FALSE,FALSE,neither
evm.TU.scaffold_2.683,FALSE,FALSE,neither
evm.TU.scaffold_2.684,FALSE,FALSE,neither
evm.TU.scaffold_2.685,FALSE,FALSE,neither
evm.TU.scaffold_2.686,FALSE,FALSE,neither
evm.TU.scaffold_2.687,FALSE,TRUE,zygotic
evm.TU.scaffold_2.688,FALSE,FALSE,neither
evm.TU.scaffold_2.689,FALSE,FALSE,neither
evm.TU.scaffold_2.690,TRUE,TRUE,maternal zygotic
evm.TU.scaffold_2.691,TRUE,TRUE,maternal zygotic
evm.TU.scaffold_2.692,TRUE,TRUE,maternal zygotic
evm.TU.scaffold_2.693,TRUE,TRUE,maternal zygotic
evm.TU.scaffold_2.694,TRUE,TRUE,maternal zygotic
evm.TU.scaffold_2.695,FALSE,TRUE,zygotic
evm.TU.scaffold_2.696,FALSE,FALSE,neither
evm.TU.scaffold_2.697,FALSE,FALSE,neither
evm.TU.scaffold_2.698,TRUE,TRUE,maternal zygotic
evm.TU.scaffold_2.699,TRUE,TRUE,maternal zygotic
evm.TU.scaffold_2.7,TRUE,TRUE,maternal zygotic
evm.TU.scaffold_2.70,TRUE,TRUE,maternal zygotic
evm.TU.scaffold_2.700,FALSE,FALSE,neither
evm.TU.scaffold_2.701,TRUE,FALSE,maternal
evm.TU.scaffold_2.702,FALSE,FALSE,neither
evm.TU.scaffold_2.704,TRUE,TRUE,maternal zygotic
evm.TU.scaffold_2.705,TRUE,TRUE,maternal zygotic
evm.TU.scaffold_2.706,FALSE,FALSE,neither
evm.TU.scaffold_2.707,FALSE,FALSE,neither
evm.TU.scaffold_2.708,FALSE,FALSE,neither
evm.TU.scaffold_2.710,FALSE,FALSE,neither
evm.TU.scaffold_2.711,FALSE,FALSE,neither
evm.TU.scaffold_2.712,FALSE,FALSE,neither
evm.TU.scaffold_2.714,FALSE,FALSE,neither
evm.TU.scaffold_2.715,FALSE,FALSE,neither
evm.TU.scaffold_2.716,FALSE,FALSE,neither
evm.TU.scaffold_2.717,FALSE,FALSE,neither
evm.TU.scaffold_2.718,FALSE,FALSE,neither
evm.TU.scaffold_2.719,FALSE,FALSE,neither
evm.TU.scaffold_2.72,FALSE,TRUE,zygotic
evm.TU.scaffold_2.724,FALSE,FALSE,neither
evm.TU.scaffold_2.725,FALSE,FALSE,neither
evm.TU.scaffold_2.726,FALSE,FALSE,neither
evm.TU.scaffold_2.727,FALSE,FALSE,neither
evm.TU.scaffold_2.728,FALSE,FALSE,neither
evm.TU.scaffold_2.729,FALSE,FALSE,neither
evm.TU.scaffold_2.730,FALSE,FALSE,neither
evm.TU.scaffold_2.731,FALSE,FALSE,neither
evm.TU.scaffold_2.732,TRUE,TRUE,maternal zygotic
evm.TU.scaffold_2.733,FALSE,FALSE,neither
evm.TU.scaffold_2.734,FALSE,TRUE,zygotic
evm.TU.scaffold_2.735,TRUE,TRUE,maternal zygotic
evm.TU.scaffold_2.736,FALSE,FALSE,neither
evm.TU.scaffold_2.737,FALSE,FALSE,neither
evm.TU.scaffold_2.739,FALSE,FALSE,neither
evm.TU.scaffold_2.74,FALSE,TRUE,zygotic
evm.TU.scaffold_2.740,FALSE,FALSE,neither
evm.TU.scaffold_2.741,FALSE,FALSE,neither
evm.TU.scaffold_2.742,FALSE,FALSE,neither
evm.TU.scaffold_2.743,FALSE,FALSE,neither
evm.TU.scaffold_2.744,FALSE,FALSE,neither
evm.TU.scaffold_2.745,FALSE,FALSE,neither
evm.TU.scaffold_2.746_evm.TU.scaffold_2.748,TRUE,TRUE,maternal zygotic
evm.TU.scaffold_2.747,TRUE,TRUE,maternal zygotic
evm.TU.scaffold_2.749,TRUE,TRUE,maternal zygotic
evm.TU.scaffold_2.750,TRUE,TRUE,maternal zygotic
evm.TU.scaffold_2.751,FALSE,TRUE,zygotic
evm.TU.scaffold_2.752,TRUE,TRUE,maternal zygotic
evm.TU.scaffold_2.753,TRUE,TRUE,maternal zygotic
evm.TU.scaffold_2.754,FALSE,FALSE,neither
evm.TU.scaffold_2.756,FALSE,FALSE,neither
evm.TU.scaffold_2.757,FALSE,FALSE,neither
evm.TU.scaffold_2.758,TRUE,FALSE,maternal
evm.TU.scaffold_2.759,FALSE,FALSE,neither
evm.TU.scaffold_2.76,FALSE,FALSE,neither
evm.TU.scaffold_2.760,TRUE,TRUE,maternal zygotic
evm.TU.scaffold_2.761,FALSE,FALSE,neither
evm.TU.scaffold_2.762,TRUE,TRUE,maternal zygotic
evm.TU.scaffold_2.763,FALSE,FALSE,neither
evm.TU.scaffold_2.764,FALSE,FALSE,neither
evm.TU.scaffold_2.769_evm.TU.scaffold_2.770,FALSE,FALSE,neither
evm.TU.scaffold_2.77,TRUE,TRUE,maternal zygotic
evm.TU.scaffold_2.771,FALSE,FALSE,neither
evm.TU.scaffold_2.772,FALSE,FALSE,neither
evm.TU.scaffold_2.773,FALSE,FALSE,neither
evm.TU.scaffold_2.774,FALSE,FALSE,neither
evm.TU.scaffold_2.775,TRUE,TRUE,maternal zygotic
evm.TU.scaffold_2.776_evm.TU.scaffold_2.777,TRUE,TRUE,maternal zygotic
evm.TU.scaffold_2.778,FALSE,FALSE,neither
evm.TU.scaffold_2.779,TRUE,FALSE,maternal
evm.TU.scaffold_2.78,TRUE,TRUE,maternal zygotic
evm.TU.scaffold_2.780,FALSE,FALSE,neither
evm.TU.scaffold_2.781,TRUE,TRUE,maternal zygotic
evm.TU.scaffold_2.782,TRUE,TRUE,maternal zygotic
evm.TU.scaffold_2.783,FALSE,FALSE,neither
evm.TU.scaffold_2.784,FALSE,FALSE,neither
evm.TU.scaffold_2.785,FALSE,FALSE,neither
evm.TU.scaffold_2.786,TRUE,TRUE,maternal zygotic
evm.TU.scaffold_2.787,TRUE,TRUE,maternal zygotic
evm.TU.scaffold_2.788,TRUE,TRUE,maternal zygotic
evm.TU.scaffold_2.789,TRUE,TRUE,maternal zygotic
evm.TU.scaffold_2.79,FALSE,FALSE,neither
evm.TU.scaffold_2.790,FALSE,FALSE,neither
evm.TU.scaffold_2.791,TRUE,FALSE,maternal
evm.TU.scaffold_2.792,TRUE,TRUE,maternal zygotic
evm.TU.scaffold_2.793,TRUE,TRUE,maternal zygotic
evm.TU.scaffold_2.794,TRUE,TRUE,maternal zygotic
evm.TU.scaffold_2.795,FALSE,FALSE,neither
evm.TU.scaffold_2.797,FALSE,FALSE,neither
evm.TU.scaffold_2.798,FALSE,FALSE,neither
evm.TU.scaffold_2.799,FALSE,FALSE,neither
evm.TU.scaffold_2.8,TRUE,TRUE,maternal zygotic
evm.TU.scaffold_2.80,FALSE,FALSE,neither
evm.TU.scaffold_2.801,TRUE,TRUE,maternal zygotic
evm.TU.scaffold_2.802,FALSE,FALSE,neither
evm.TU.scaffold_2.806,FALSE,FALSE,neither
evm.TU.scaffold_2.81,FALSE,FALSE,neither
evm.TU.scaffold_2.810,FALSE,FALSE,neither
evm.TU.scaffold_2.811,TRUE,TRUE,maternal zygotic
evm.TU.scaffold_2.812,TRUE,TRUE,maternal zygotic
evm.TU.scaffold_2.813,TRUE,TRUE,maternal zygotic
evm.TU.scaffold_2.814,TRUE,TRUE,maternal zygotic
evm.TU.scaffold_2.815,TRUE,TRUE,maternal zygotic
evm.TU.scaffold_2.816,TRUE,TRUE,maternal zygotic
evm.TU.scaffold_2.817,TRUE,TRUE,maternal zygotic
evm.TU.scaffold_2.818,TRUE,TRUE,maternal zygotic
evm.TU.scaffold_2.819,TRUE,TRUE,maternal zygotic
evm.TU.scaffold_2.82,FALSE,FALSE,neither
evm.TU.scaffold_2.820,TRUE,TRUE,maternal zygotic
evm.TU.scaffold_2.821,TRUE,TRUE,maternal zygotic
evm.TU.scaffold_2.822,TRUE,TRUE,maternal zygotic
evm.TU.scaffold_2.823,TRUE,TRUE,maternal zygotic
evm.TU.scaffold_2.824,TRUE,TRUE,maternal zygotic
evm.TU.scaffold_2.825,TRUE,TRUE,maternal zygotic
evm.TU.scaffold_2.826,TRUE,TRUE,maternal zygotic
evm.TU.scaffold_2.827,TRUE,TRUE,maternal zygotic
evm.TU.scaffold_2.828,TRUE,TRUE,maternal zygotic
evm.TU.scaffold_2.829,TRUE,TRUE,maternal zygotic
evm.TU.scaffold_2.83,FALSE,FALSE,neither
evm.TU.scaffold_2.830,TRUE,TRUE,maternal zygotic
evm.TU.scaffold_2.831,TRUE,TRUE,maternal zygotic
evm.TU.scaffold_2.832,TRUE,TRUE,maternal zygotic
evm.TU.scaffold_2.834,TRUE,TRUE,maternal zygotic
evm.TU.scaffold_2.835,TRUE,TRUE,maternal zygotic
evm.TU.scaffold_2.836,TRUE,TRUE,maternal zygotic
evm.TU.scaffold_2.837,TRUE,TRUE,maternal zygotic
evm.TU.scaffold_2.838,FALSE,FALSE,neither
evm.TU.scaffold_2.839,TRUE,TRUE,maternal zygotic
evm.TU.scaffold_2.84,FALSE,FALSE,neither
evm.TU.scaffold_2.840,TRUE,TRUE,maternal zygotic
evm.TU.scaffold_2.841,FALSE,FALSE,neither
evm.TU.scaffold_2.843,TRUE,TRUE,maternal zygotic
evm.TU.scaffold_2.844,TRUE,TRUE,maternal zygotic
evm.TU.scaffold_2.845,TRUE,TRUE,maternal zygotic
evm.TU.scaffold_2.847,FALSE,TRUE,zygotic
evm.TU.scaffold_2.849,FALSE,FALSE,neither
evm.TU.scaffold_2.85,FALSE,FALSE,neither
evm.TU.scaffold_2.850,FALSE,TRUE,zygotic
evm.TU.scaffold_2.851,TRUE,TRUE,maternal zygotic
evm.TU.scaffold_2.852,TRUE,TRUE,maternal zygotic
evm.TU.scaffold_2.853,FALSE,FALSE,neither
evm.TU.scaffold_2.854,FALSE,FALSE,neither
evm.TU.scaffold_2.855,FALSE,FALSE,neither
evm.TU.scaffold_2.856,FALSE,FALSE,neither
evm.TU.scaffold_2.857,FALSE,FALSE,neither
evm.TU.scaffold_2.858,FALSE,FALSE,neither
evm.TU.scaffold_2.859,FALSE,FALSE,neither
evm.TU.scaffold_2.86,FALSE,FALSE,neither
evm.TU.scaffold_2.860,FALSE,FALSE,neither
evm.TU.scaffold_2.861,FALSE,FALSE,neither
evm.TU.scaffold_2.862,FALSE,FALSE,neither
evm.TU.scaffold_2.863,FALSE,FALSE,neither
evm.TU.scaffold_2.864,FALSE,FALSE,neither
evm.TU.scaffold_2.865,TRUE,TRUE,maternal zygotic
evm.TU.scaffold_2.866,TRUE,TRUE,maternal zygotic
evm.TU.scaffold_2.867,TRUE,TRUE,maternal zygotic
evm.TU.scaffold_2.868,TRUE,TRUE,maternal zygotic
evm.TU.scaffold_2.869,FALSE,FALSE,neither
evm.TU.scaffold_2.87,TRUE,TRUE,maternal zygotic
evm.TU.scaffold_2.870,TRUE,TRUE,maternal zygotic
evm.TU.scaffold_2.871,FALSE,TRUE,zygotic
evm.TU.scaffold_2.872,FALSE,TRUE,zygotic
evm.TU.scaffold_2.873,FALSE,FALSE,neither
evm.TU.scaffold_2.874,FALSE,FALSE,neither
evm.TU.scaffold_2.875,FALSE,FALSE,neither
evm.TU.scaffold_2.876,FALSE,FALSE,neither
evm.TU.scaffold_2.877,FALSE,FALSE,neither
evm.TU.scaffold_2.878,TRUE,TRUE,maternal zygotic
evm.TU.scaffold_2.88,FALSE,FALSE,neither
evm.TU.scaffold_2.881,TRUE,TRUE,maternal zygotic
evm.TU.scaffold_2.882,TRUE,TRUE,maternal zygotic
evm.TU.scaffold_2.883,TRUE,TRUE,maternal zygotic
evm.TU.scaffold_2.884,FALSE,TRUE,zygotic
evm.TU.scaffold_2.885,TRUE,TRUE,maternal zygotic
evm.TU.scaffold_2.886,TRUE,TRUE,maternal zygotic
evm.TU.scaffold_2.887,TRUE,TRUE,maternal zygotic
evm.TU.scaffold_2.888,TRUE,TRUE,maternal zygotic
evm.TU.scaffold_2.889,TRUE,TRUE,maternal zygotic
evm.TU.scaffold_2.89,TRUE,TRUE,maternal zygotic
evm.TU.scaffold_2.890,FALSE,FALSE,neither
evm.TU.scaffold_2.893,FALSE,FALSE,neither
evm.TU.scaffold_2.895,TRUE,TRUE,maternal zygotic
evm.TU.scaffold_2.896,TRUE,TRUE,maternal zygotic
evm.TU.scaffold_2.897,TRUE,TRUE,maternal zygotic
evm.TU.scaffold_2.898,TRUE,TRUE,maternal zygotic
evm.TU.scaffold_2.899,TRUE,TRUE,maternal zygotic
evm.TU.scaffold_2.9,FALSE,FALSE,neither
evm.TU.scaffold_2.90,FALSE,FALSE,neither
evm.TU.scaffold_2.900,TRUE,TRUE,maternal zygotic
evm.TU.scaffold_2.901,TRUE,TRUE,maternal zygotic
evm.TU.scaffold_2.902,TRUE,TRUE,maternal zygotic
evm.TU.scaffold_2.903,TRUE,TRUE,maternal zygotic
evm.TU.scaffold_2.907,TRUE,TRUE,maternal zygotic
evm.TU.scaffold_2.908,TRUE,TRUE,maternal zygotic
evm.TU.scaffold_2.909,TRUE,TRUE,maternal zygotic
evm.TU.scaffold_2.91,FALSE,FALSE,neither
evm.TU.scaffold_2.910,FALSE,FALSE,neither
evm.TU.scaffold_2.912,TRUE,TRUE,maternal zygotic
evm.TU.scaffold_2.913,TRUE,TRUE,maternal zygotic
evm.TU.scaffold_2.914,TRUE,TRUE,maternal zygotic
evm.TU.scaffold_2.915,TRUE,TRUE,maternal zygotic
evm.TU.scaffold_2.916_evm.TU.scaffold_2.917,FALSE,FALSE,neither
evm.TU.scaffold_2.918,FALSE,FALSE,neither
evm.TU.scaffold_2.919,FALSE,FALSE,neither
evm.TU.scaffold_2.920,FALSE,FALSE,neither
evm.TU.scaffold_2.921,FALSE,FALSE,neither
evm.TU.scaffold_2.922,TRUE,TRUE,maternal zygotic
evm.TU.scaffold_2.923,TRUE,TRUE,maternal zygotic
evm.TU.scaffold_2.924,TRUE,TRUE,maternal zygotic
evm.TU.scaffold_2.925,TRUE,TRUE,maternal zygotic
evm.TU.scaffold_2.926,TRUE,TRUE,maternal zygotic
evm.TU.scaffold_2.927,TRUE,TRUE,maternal zygotic
evm.TU.scaffold_2.928,FALSE,FALSE,neither
evm.TU.scaffold_2.929,TRUE,TRUE,maternal zygotic
evm.TU.scaffold_2.930,TRUE,TRUE,maternal zygotic
evm.TU.scaffold_2.931,TRUE,TRUE,maternal zygotic
evm.TU.scaffold_2.932,TRUE,TRUE,maternal zygotic
evm.TU.scaffold_2.933,TRUE,TRUE,maternal zygotic
evm.TU.scaffold_2.934,FALSE,FALSE,neither
evm.TU.scaffold_2.935,TRUE,TRUE,maternal zygotic
evm.TU.scaffold_2.936,TRUE,TRUE,maternal zygotic
evm.TU.scaffold_2.937,TRUE,TRUE,maternal zygotic
evm.TU.scaffold_2.938,TRUE,TRUE,maternal zygotic
evm.TU.scaffold_2.939,TRUE,TRUE,maternal zygotic
evm.TU.scaffold_2.940,TRUE,TRUE,maternal zygotic
evm.TU.scaffold_2.942,TRUE,TRUE,maternal zygotic
evm.TU.scaffold_2.943,FALSE,FALSE,neither
evm.TU.scaffold_2.944,FALSE,FALSE,neither
evm.TU.scaffold_2.945,FALSE,FALSE,neither
evm.TU.scaffold_2.946,FALSE,FALSE,neither
evm.TU.scaffold_2.947,TRUE,TRUE,maternal zygotic
evm.TU.scaffold_2.948,TRUE,TRUE,maternal zygotic
evm.TU.scaffold_2.949,TRUE,TRUE,maternal zygotic
evm.TU.scaffold_2.95,TRUE,FALSE,maternal
evm.TU.scaffold_2.950,TRUE,TRUE,maternal zygotic
evm.TU.scaffold_2.951,TRUE,TRUE,maternal zygotic
evm.TU.scaffold_2.952,TRUE,TRUE,maternal zygotic
evm.TU.scaffold_2.953,TRUE,TRUE,maternal zygotic
evm.TU.scaffold_2.954,TRUE,TRUE,maternal zygotic
evm.TU.scaffold_2.955,TRUE,TRUE,maternal zygotic
evm.TU.scaffold_2.956,TRUE,TRUE,maternal zygotic
evm.TU.scaffold_2.957,TRUE,TRUE,maternal zygotic
evm.TU.scaffold_2.958,TRUE,TRUE,maternal zygotic
evm.TU.scaffold_2.959,TRUE,TRUE,maternal zygotic
evm.TU.scaffold_2.96,FALSE,FALSE,neither
evm.TU.scaffold_2.960,TRUE,TRUE,maternal zygotic
evm.TU.scaffold_2.961,TRUE,TRUE,maternal zygotic
evm.TU.scaffold_2.962,TRUE,TRUE,maternal zygotic
evm.TU.scaffold_2.963,FALSE,TRUE,zygotic
evm.TU.scaffold_2.964,FALSE,FALSE,neither
evm.TU.scaffold_2.965,TRUE,TRUE,maternal zygotic
evm.TU.scaffold_2.966,TRUE,TRUE,maternal zygotic
evm.TU.scaffold_2.967,TRUE,TRUE,maternal zygotic
evm.TU.scaffold_2.968,FALSE,FALSE,neither
evm.TU.scaffold_2.969,FALSE,FALSE,neither
evm.TU.scaffold_2.97,FALSE,FALSE,neither
evm.TU.scaffold_2.970,FALSE,TRUE,zygotic
evm.TU.scaffold_2.971,TRUE,TRUE,maternal zygotic
evm.TU.scaffold_2.972,FALSE,FALSE,neither
evm.TU.scaffold_2.973,TRUE,TRUE,maternal zygotic
evm.TU.scaffold_2.974,TRUE,TRUE,maternal zygotic
evm.TU.scaffold_2.975,TRUE,TRUE,maternal zygotic
evm.TU.scaffold_2.976,TRUE,TRUE,maternal zygotic
evm.TU.scaffold_2.977,FALSE,TRUE,zygotic
evm.TU.scaffold_2.978,TRUE,TRUE,maternal zygotic
evm.TU.scaffold_2.979,TRUE,TRUE,maternal zygotic
evm.TU.scaffold_2.98,FALSE,FALSE,neither
evm.TU.scaffold_2.980,TRUE,TRUE,maternal zygotic
evm.TU.scaffold_2.981,TRUE,TRUE,maternal zygotic
evm.TU.scaffold_2.982,TRUE,TRUE,maternal zygotic
evm.TU.scaffold_2.983,TRUE,TRUE,maternal zygotic
evm.TU.scaffold_2.984,TRUE,TRUE,maternal zygotic
evm.TU.scaffold_2.985,TRUE,TRUE,maternal zygotic
evm.TU.scaffold_2.986,TRUE,TRUE,maternal zygotic
evm.TU.scaffold_2.987,TRUE,TRUE,maternal zygotic
evm.TU.scaffold_2.988,TRUE,TRUE,maternal zygotic
evm.TU.scaffold_2.989,TRUE,TRUE,maternal zygotic
evm.TU.scaffold_2.99,TRUE,FALSE,maternal
evm.TU.scaffold_2.990,TRUE,TRUE,maternal zygotic
evm.TU.scaffold_2.991,FALSE,TRUE,zygotic
evm.TU.scaffold_2.992,FALSE,FALSE,neither
evm.TU.scaffold_2.993,TRUE,TRUE,maternal zygotic
evm.TU.scaffold_2.995,FALSE,FALSE,neither
evm.TU.scaffold_2.996,TRUE,TRUE,maternal zygotic
evm.TU.scaffold_2.997,TRUE,TRUE,maternal zygotic
evm.TU.scaffold_2.998,FALSE,FALSE,neither
evm.TU.scaffold_2.999,FALSE,FALSE,neither
evm.TU.scaffold_205.4,FALSE,FALSE,neither
evm.TU.scaffold_212.1,FALSE,FALSE,neither
evm.TU.scaffold_212.2,FALSE,FALSE,neither
evm.TU.scaffold_231.1,FALSE,FALSE,neither
evm.TU.scaffold_232.1,FALSE,FALSE,neither
evm.TU.scaffold_232.2,FALSE,FALSE,neither
evm.TU.scaffold_232.3,FALSE,FALSE,neither
evm.TU.scaffold_238.6,FALSE,FALSE,neither
evm.TU.scaffold_249.1,FALSE,FALSE,neither
evm.TU.scaffold_253.1,FALSE,FALSE,neither
evm.TU.scaffold_253.11,FALSE,FALSE,neither
evm.TU.scaffold_253.2,FALSE,FALSE,neither
evm.TU.scaffold_253.6,FALSE,FALSE,neither
evm.TU.scaffold_253.9,FALSE,FALSE,neither
evm.TU.scaffold_260.1,FALSE,FALSE,neither
evm.TU.scaffold_262.2,FALSE,FALSE,neither
evm.TU.scaffold_262.5,FALSE,FALSE,neither
evm.TU.scaffold_262.7,FALSE,FALSE,neither
evm.TU.scaffold_266.2,FALSE,FALSE,neither
evm.TU.scaffold_27.1,FALSE,FALSE,neither
evm.TU.scaffold_27.2,FALSE,FALSE,neither
evm.TU.scaffold_282.2,FALSE,FALSE,neither
evm.TU.scaffold_282.4,FALSE,FALSE,neither
evm.TU.scaffold_282.5,FALSE,FALSE,neither
evm.TU.scaffold_282.6,FALSE,FALSE,neither
evm.TU.scaffold_282.9,FALSE,FALSE,neither
evm.TU.scaffold_291.4,FALSE,FALSE,neither
evm.TU.scaffold_296.1,FALSE,FALSE,neither
evm.TU.scaffold_3.10,FALSE,FALSE,neither
evm.TU.scaffold_3.1000,TRUE,TRUE,maternal zygotic
evm.TU.scaffold_3.1001,TRUE,TRUE,maternal zygotic
evm.TU.scaffold_3.1002,TRUE,TRUE,maternal zygotic
evm.TU.scaffold_3.1003,TRUE,TRUE,maternal zygotic
evm.TU.scaffold_3.1004,TRUE,TRUE,maternal zygotic
evm.TU.scaffold_3.1005,TRUE,TRUE,maternal zygotic
evm.TU.scaffold_3.1006,TRUE,TRUE,maternal zygotic
evm.TU.scaffold_3.1007,TRUE,TRUE,maternal zygotic
evm.TU.scaffold_3.1008,TRUE,TRUE,maternal zygotic
evm.TU.scaffold_3.1009,TRUE,TRUE,maternal zygotic
evm.TU.scaffold_3.101,TRUE,TRUE,maternal zygotic
evm.TU.scaffold_3.1010,TRUE,TRUE,maternal zygotic
evm.TU.scaffold_3.1011,TRUE,TRUE,maternal zygotic
evm.TU.scaffold_3.1012,TRUE,TRUE,maternal zygotic
evm.TU.scaffold_3.1013,FALSE,FALSE,neither
evm.TU.scaffold_3.1014,FALSE,FALSE,neither
evm.TU.scaffold_3.1015,FALSE,FALSE,neither
evm.TU.scaffold_3.1016,FALSE,FALSE,neither
evm.TU.scaffold_3.1017,FALSE,FALSE,neither
evm.TU.scaffold_3.1018,FALSE,FALSE,neither
evm.TU.scaffold_3.1019,FALSE,FALSE,neither
evm.TU.scaffold_3.102,TRUE,TRUE,maternal zygotic
evm.TU.scaffold_3.1020,FALSE,FALSE,neither
evm.TU.scaffold_3.1021,FALSE,FALSE,neither
evm.TU.scaffold_3.1023,FALSE,FALSE,neither
evm.TU.scaffold_3.1024,FALSE,FALSE,neither
evm.TU.scaffold_3.1025,FALSE,FALSE,neither
evm.TU.scaffold_3.1026,FALSE,FALSE,neither
evm.TU.scaffold_3.1027,FALSE,FALSE,neither
evm.TU.scaffold_3.1028,FALSE,TRUE,zygotic
evm.TU.scaffold_3.1029,FALSE,FALSE,neither
evm.TU.scaffold_3.103,FALSE,FALSE,neither
evm.TU.scaffold_3.1030,FALSE,FALSE,neither
evm.TU.scaffold_3.1031,FALSE,FALSE,neither
evm.TU.scaffold_3.1032,FALSE,FALSE,neither
evm.TU.scaffold_3.1033,FALSE,FALSE,neither
evm.TU.scaffold_3.1034,FALSE,FALSE,neither
evm.TU.scaffold_3.1036,FALSE,FALSE,neither
evm.TU.scaffold_3.1037,FALSE,FALSE,neither
evm.TU.scaffold_3.1039,FALSE,FALSE,neither
evm.TU.scaffold_3.1040,FALSE,FALSE,neither
evm.TU.scaffold_3.1041,FALSE,FALSE,neither
evm.TU.scaffold_3.1042,FALSE,FALSE,neither
evm.TU.scaffold_3.1043,FALSE,FALSE,neither
evm.TU.scaffold_3.1044,FALSE,FALSE,neither
evm.TU.scaffold_3.1045,FALSE,FALSE,neither
evm.TU.scaffold_3.1046,FALSE,FALSE,neither
evm.TU.scaffold_3.1047,FALSE,FALSE,neither
evm.TU.scaffold_3.1048,FALSE,FALSE,neither
evm.TU.scaffold_3.1049,FALSE,FALSE,neither
evm.TU.scaffold_3.105,FALSE,FALSE,neither
evm.TU.scaffold_3.1050,FALSE,FALSE,neither
evm.TU.scaffold_3.1051,FALSE,FALSE,neither
evm.TU.scaffold_3.1052,FALSE,FALSE,neither
evm.TU.scaffold_3.1053,FALSE,FALSE,neither
evm.TU.scaffold_3.1054,FALSE,FALSE,neither
evm.TU.scaffold_3.1055,FALSE,FALSE,neither
evm.TU.scaffold_3.1056,FALSE,FALSE,neither
evm.TU.scaffold_3.1057,FALSE,FALSE,neither
evm.TU.scaffold_3.1058,FALSE,FALSE,neither
evm.TU.scaffold_3.1059,FALSE,FALSE,neither
evm.TU.scaffold_3.106,FALSE,FALSE,neither
evm.TU.scaffold_3.1060,FALSE,FALSE,neither
evm.TU.scaffold_3.1061,TRUE,TRUE,maternal zygotic
evm.TU.scaffold_3.1062,TRUE,TRUE,maternal zygotic
evm.TU.scaffold_3.1063,FALSE,FALSE,neither
evm.TU.scaffold_3.1064,FALSE,FALSE,neither
evm.TU.scaffold_3.1065,TRUE,TRUE,maternal zygotic
evm.TU.scaffold_3.1066,TRUE,TRUE,maternal zygotic
evm.TU.scaffold_3.1067,TRUE,TRUE,maternal zygotic
evm.TU.scaffold_3.1068,FALSE,FALSE,neither
evm.TU.scaffold_3.1069,TRUE,TRUE,maternal zygotic
evm.TU.scaffold_3.107,FALSE,FALSE,neither
evm.TU.scaffold_3.1070,TRUE,TRUE,maternal zygotic
evm.TU.scaffold_3.1071,TRUE,TRUE,maternal zygotic
evm.TU.scaffold_3.1072,TRUE,TRUE,maternal zygotic
evm.TU.scaffold_3.1073,TRUE,TRUE,maternal zygotic
evm.TU.scaffold_3.1074,TRUE,TRUE,maternal zygotic
evm.TU.scaffold_3.1075,TRUE,TRUE,maternal zygotic
evm.TU.scaffold_3.1076,TRUE,TRUE,maternal zygotic
evm.TU.scaffold_3.1077,FALSE,FALSE,neither
evm.TU.scaffold_3.1078,TRUE,TRUE,maternal zygotic
evm.TU.scaffold_3.1079,FALSE,FALSE,neither
evm.TU.scaffold_3.1080,FALSE,FALSE,neither
evm.TU.scaffold_3.1081,TRUE,TRUE,maternal zygotic
evm.TU.scaffold_3.1082,TRUE,TRUE,maternal zygotic
evm.TU.scaffold_3.1083,TRUE,TRUE,maternal zygotic
evm.TU.scaffold_3.1084,TRUE,TRUE,maternal zygotic
evm.TU.scaffold_3.1085,TRUE,TRUE,maternal zygotic
evm.TU.scaffold_3.1086,TRUE,TRUE,maternal zygotic
evm.TU.scaffold_3.1087,TRUE,TRUE,maternal zygotic
evm.TU.scaffold_3.1089,TRUE,TRUE,maternal zygotic
evm.TU.scaffold_3.109,FALSE,FALSE,neither
evm.TU.scaffold_3.1090,TRUE,TRUE,maternal zygotic
evm.TU.scaffold_3.1091,FALSE,FALSE,neither
evm.TU.scaffold_3.1092,TRUE,TRUE,maternal zygotic
evm.TU.scaffold_3.1093,TRUE,TRUE,maternal zygotic
evm.TU.scaffold_3.1094,TRUE,TRUE,maternal zygotic
evm.TU.scaffold_3.1095,TRUE,TRUE,maternal zygotic
evm.TU.scaffold_3.1096,FALSE,TRUE,zygotic
evm.TU.scaffold_3.1097,FALSE,FALSE,neither
evm.TU.scaffold_3.1098,FALSE,FALSE,neither
evm.TU.scaffold_3.1099,FALSE,TRUE,zygotic
evm.TU.scaffold_3.110,FALSE,FALSE,neither
evm.TU.scaffold_3.1100,FALSE,FALSE,neither
evm.TU.scaffold_3.1101,FALSE,FALSE,neither
evm.TU.scaffold_3.1103,TRUE,TRUE,maternal zygotic
evm.TU.scaffold_3.1104,FALSE,FALSE,neither
evm.TU.scaffold_3.1105,TRUE,TRUE,maternal zygotic
evm.TU.scaffold_3.1106,TRUE,TRUE,maternal zygotic
evm.TU.scaffold_3.1107,TRUE,TRUE,maternal zygotic
evm.TU.scaffold_3.1108,TRUE,TRUE,maternal zygotic
evm.TU.scaffold_3.1109,FALSE,FALSE,neither
evm.TU.scaffold_3.111,FALSE,FALSE,neither
evm.TU.scaffold_3.1110,FALSE,FALSE,neither
evm.TU.scaffold_3.1111,FALSE,FALSE,neither
evm.TU.scaffold_3.1112,FALSE,FALSE,neither
evm.TU.scaffold_3.1113,FALSE,FALSE,neither
evm.TU.scaffold_3.1114,FALSE,FALSE,neither
evm.TU.scaffold_3.1115,FALSE,FALSE,neither
evm.TU.scaffold_3.1116,FALSE,FALSE,neither
evm.TU.scaffold_3.1117,FALSE,FALSE,neither
evm.TU.scaffold_3.1118,FALSE,FALSE,neither
evm.TU.scaffold_3.1119,FALSE,TRUE,zygotic
evm.TU.scaffold_3.112,FALSE,FALSE,neither
evm.TU.scaffold_3.1120,FALSE,FALSE,neither
evm.TU.scaffold_3.1121,FALSE,FALSE,neither
evm.TU.scaffold_3.1122,FALSE,FALSE,neither
evm.TU.scaffold_3.1123,TRUE,TRUE,maternal zygotic
evm.TU.scaffold_3.1124,TRUE,TRUE,maternal zygotic
evm.TU.scaffold_3.1125,TRUE,TRUE,maternal zygotic
evm.TU.scaffold_3.1126,TRUE,TRUE,maternal zygotic
evm.TU.scaffold_3.1127,TRUE,TRUE,maternal zygotic
evm.TU.scaffold_3.1128,FALSE,FALSE,neither
evm.TU.scaffold_3.1129,FALSE,FALSE,neither
evm.TU.scaffold_3.113,FALSE,FALSE,neither
evm.TU.scaffold_3.1130,FALSE,FALSE,neither
evm.TU.scaffold_3.1131,TRUE,TRUE,maternal zygotic
evm.TU.scaffold_3.1132,FALSE,FALSE,neither
evm.TU.scaffold_3.1133,FALSE,FALSE,neither
evm.TU.scaffold_3.1134,FALSE,FALSE,neither
evm.TU.scaffold_3.1135,FALSE,FALSE,neither
evm.TU.scaffold_3.1136,TRUE,TRUE,maternal zygotic
evm.TU.scaffold_3.1137,FALSE,FALSE,neither
evm.TU.scaffold_3.1138_evm.TU.scaffold_3.1139,FALSE,FALSE,neither
evm.TU.scaffold_3.114,FALSE,FALSE,neither
evm.TU.scaffold_3.1140,TRUE,TRUE,maternal zygotic
evm.TU.scaffold_3.1141,TRUE,TRUE,maternal zygotic
evm.TU.scaffold_3.1142,FALSE,FALSE,neither
evm.TU.scaffold_3.1143,TRUE,TRUE,maternal zygotic
evm.TU.scaffold_3.1144,TRUE,TRUE,maternal zygotic
evm.TU.scaffold_3.1145,FALSE,TRUE,zygotic
evm.TU.scaffold_3.1146,FALSE,TRUE,zygotic
evm.TU.scaffold_3.1147,TRUE,TRUE,maternal zygotic
evm.TU.scaffold_3.1149,FALSE,FALSE,neither
evm.TU.scaffold_3.115,FALSE,FALSE,neither
evm.TU.scaffold_3.1150,FALSE,FALSE,neither
evm.TU.scaffold_3.1151,FALSE,FALSE,neither
evm.TU.scaffold_3.1152,FALSE,FALSE,neither
evm.TU.scaffold_3.1153,FALSE,FALSE,neither
evm.TU.scaffold_3.1154,TRUE,TRUE,maternal zygotic
evm.TU.scaffold_3.1155,FALSE,FALSE,neither
evm.TU.scaffold_3.1156_evm.TU.scaffold_3.1157,TRUE,TRUE,maternal zygotic
evm.TU.scaffold_3.1158,TRUE,TRUE,maternal zygotic
evm.TU.scaffold_3.1159,TRUE,TRUE,maternal zygotic
evm.TU.scaffold_3.116,FALSE,FALSE,neither
evm.TU.scaffold_3.1160,TRUE,TRUE,maternal zygotic
evm.TU.scaffold_3.1161,TRUE,TRUE,maternal zygotic
evm.TU.scaffold_3.1162,TRUE,TRUE,maternal zygotic
evm.TU.scaffold_3.1163,FALSE,FALSE,neither
evm.TU.scaffold_3.1164,FALSE,TRUE,zygotic
evm.TU.scaffold_3.1165,TRUE,TRUE,maternal zygotic
evm.TU.scaffold_3.1166,TRUE,TRUE,maternal zygotic
evm.TU.scaffold_3.1167,FALSE,FALSE,neither
evm.TU.scaffold_3.1168,FALSE,FALSE,neither
evm.TU.scaffold_3.1169,FALSE,FALSE,neither
evm.TU.scaffold_3.117,TRUE,TRUE,maternal zygotic
evm.TU.scaffold_3.1170,TRUE,TRUE,maternal zygotic
evm.TU.scaffold_3.1171,FALSE,FALSE,neither
evm.TU.scaffold_3.1172,TRUE,TRUE,maternal zygotic
evm.TU.scaffold_3.1173,FALSE,FALSE,neither
evm.TU.scaffold_3.1174,FALSE,FALSE,neither
evm.TU.scaffold_3.1175,FALSE,FALSE,neither
evm.TU.scaffold_3.1176,FALSE,FALSE,neither
evm.TU.scaffold_3.1177,FALSE,FALSE,neither
evm.TU.scaffold_3.1178,FALSE,FALSE,neither
evm.TU.scaffold_3.1179,TRUE,TRUE,maternal zygotic
evm.TU.scaffold_3.118,TRUE,TRUE,maternal zygotic
evm.TU.scaffold_3.1180,FALSE,FALSE,neither
evm.TU.scaffold_3.1182,FALSE,FALSE,neither
evm.TU.scaffold_3.1183,FALSE,FALSE,neither
evm.TU.scaffold_3.1184,FALSE,TRUE,zygotic
evm.TU.scaffold_3.1185,TRUE,TRUE,maternal zygotic
evm.TU.scaffold_3.1186,TRUE,TRUE,maternal zygotic
evm.TU.scaffold_3.1187,FALSE,FALSE,neither
evm.TU.scaffold_3.1188,FALSE,FALSE,neither
evm.TU.scaffold_3.1189,TRUE,TRUE,maternal zygotic
evm.TU.scaffold_3.119,FALSE,FALSE,neither
evm.TU.scaffold_3.1190,FALSE,FALSE,neither
evm.TU.scaffold_3.1191,FALSE,FALSE,neither
evm.TU.scaffold_3.1192,FALSE,FALSE,neither
evm.TU.scaffold_3.1193,FALSE,FALSE,neither
evm.TU.scaffold_3.1194,FALSE,FALSE,neither
evm.TU.scaffold_3.1195,FALSE,FALSE,neither
evm.TU.scaffold_3.1196,FALSE,FALSE,neither
evm.TU.scaffold_3.1197,FALSE,FALSE,neither
evm.TU.scaffold_3.1198,FALSE,FALSE,neither
evm.TU.scaffold_3.1199,FALSE,FALSE,neither
evm.TU.scaffold_3.120,FALSE,TRUE,zygotic
evm.TU.scaffold_3.1200,FALSE,FALSE,neither
evm.TU.scaffold_3.1201,FALSE,FALSE,neither
evm.TU.scaffold_3.1202,TRUE,TRUE,maternal zygotic
evm.TU.scaffold_3.1203,TRUE,TRUE,maternal zygotic
evm.TU.scaffold_3.1204,FALSE,FALSE,neither
evm.TU.scaffold_3.1205,FALSE,FALSE,neither
evm.TU.scaffold_3.1206,FALSE,FALSE,neither
evm.TU.scaffold_3.1207,FALSE,FALSE,neither
evm.TU.scaffold_3.1208,TRUE,TRUE,maternal zygotic
evm.TU.scaffold_3.1209,FALSE,FALSE,neither
evm.TU.scaffold_3.121,FALSE,TRUE,zygotic
evm.TU.scaffold_3.1210,FALSE,FALSE,neither
evm.TU.scaffold_3.1211,FALSE,FALSE,neither
evm.TU.scaffold_3.1212,TRUE,TRUE,maternal zygotic
evm.TU.scaffold_3.1213,TRUE,TRUE,maternal zygotic
evm.TU.scaffold_3.1214,TRUE,TRUE,maternal zygotic
evm.TU.scaffold_3.1215,TRUE,TRUE,maternal zygotic
evm.TU.scaffold_3.1216,FALSE,FALSE,neither
evm.TU.scaffold_3.1217,FALSE,FALSE,neither
evm.TU.scaffold_3.1218,FALSE,FALSE,neither
evm.TU.scaffold_3.1219,FALSE,TRUE,zygotic
evm.TU.scaffold_3.122,TRUE,TRUE,maternal zygotic
evm.TU.scaffold_3.1220,FALSE,FALSE,neither
evm.TU.scaffold_3.1221,FALSE,FALSE,neither
evm.TU.scaffold_3.1222,FALSE,FALSE,neither
evm.TU.scaffold_3.1223,TRUE,TRUE,maternal zygotic
evm.TU.scaffold_3.1224,TRUE,TRUE,maternal zygotic
evm.TU.scaffold_3.1225,TRUE,TRUE,maternal zygotic
evm.TU.scaffold_3.1226,TRUE,TRUE,maternal zygotic
evm.TU.scaffold_3.1227,TRUE,TRUE,maternal zygotic
evm.TU.scaffold_3.1228,TRUE,TRUE,maternal zygotic
evm.TU.scaffold_3.123,TRUE,TRUE,maternal zygotic
evm.TU.scaffold_3.1230,FALSE,FALSE,neither
evm.TU.scaffold_3.1231,FALSE,FALSE,neither
evm.TU.scaffold_3.1232,FALSE,FALSE,neither
evm.TU.scaffold_3.1233,FALSE,FALSE,neither
evm.TU.scaffold_3.1234,TRUE,TRUE,maternal zygotic
evm.TU.scaffold_3.1235,TRUE,TRUE,maternal zygotic
evm.TU.scaffold_3.1236,FALSE,FALSE,neither
evm.TU.scaffold_3.1237,TRUE,TRUE,maternal zygotic
evm.TU.scaffold_3.1238,TRUE,TRUE,maternal zygotic
evm.TU.scaffold_3.1239,TRUE,TRUE,maternal zygotic
evm.TU.scaffold_3.124,TRUE,TRUE,maternal zygotic
evm.TU.scaffold_3.1240,TRUE,TRUE,maternal zygotic
evm.TU.scaffold_3.1241,TRUE,TRUE,maternal zygotic
evm.TU.scaffold_3.1242,TRUE,TRUE,maternal zygotic
evm.TU.scaffold_3.1243,TRUE,TRUE,maternal zygotic
evm.TU.scaffold_3.1244,TRUE,TRUE,maternal zygotic
evm.TU.scaffold_3.1245,TRUE,TRUE,maternal zygotic
evm.TU.scaffold_3.1246,TRUE,TRUE,maternal zygotic
evm.TU.scaffold_3.1247,TRUE,TRUE,maternal zygotic
evm.TU.scaffold_3.1248,TRUE,TRUE,maternal zygotic
evm.TU.scaffold_3.1249,TRUE,TRUE,maternal zygotic
evm.TU.scaffold_3.125,TRUE,TRUE,maternal zygotic
evm.TU.scaffold_3.1250,TRUE,TRUE,maternal zygotic
evm.TU.scaffold_3.1251,TRUE,FALSE,maternal
evm.TU.scaffold_3.1252,FALSE,FALSE,neither
evm.TU.scaffold_3.1253,FALSE,FALSE,neither
evm.TU.scaffold_3.1254,FALSE,FALSE,neither
evm.TU.scaffold_3.1255,FALSE,FALSE,neither
evm.TU.scaffold_3.1256,TRUE,TRUE,maternal zygotic
evm.TU.scaffold_3.1257,TRUE,TRUE,maternal zygotic
evm.TU.scaffold_3.1258,FALSE,TRUE,zygotic
evm.TU.scaffold_3.1259,TRUE,TRUE,maternal zygotic
evm.TU.scaffold_3.126,FALSE,FALSE,neither
evm.TU.scaffold_3.1260,FALSE,TRUE,zygotic
evm.TU.scaffold_3.1262,TRUE,FALSE,maternal
evm.TU.scaffold_3.1269,FALSE,FALSE,neither
evm.TU.scaffold_3.127,FALSE,FALSE,neither
evm.TU.scaffold_3.1270,FALSE,FALSE,neither
evm.TU.scaffold_3.1271,TRUE,TRUE,maternal zygotic
evm.TU.scaffold_3.1272,TRUE,TRUE,maternal zygotic
evm.TU.scaffold_3.1273,TRUE,TRUE,maternal zygotic
evm.TU.scaffold_3.1274,TRUE,TRUE,maternal zygotic
evm.TU.scaffold_3.1275,TRUE,TRUE,maternal zygotic
evm.TU.scaffold_3.1276,TRUE,TRUE,maternal zygotic
evm.TU.scaffold_3.1277,TRUE,TRUE,maternal zygotic
evm.TU.scaffold_3.1278,TRUE,TRUE,maternal zygotic
evm.TU.scaffold_3.1279,TRUE,TRUE,maternal zygotic
evm.TU.scaffold_3.128,FALSE,TRUE,zygotic
evm.TU.scaffold_3.1280,TRUE,TRUE,maternal zygotic
evm.TU.scaffold_3.1282,FALSE,FALSE,neither
evm.TU.scaffold_3.1283,TRUE,TRUE,maternal zygotic
evm.TU.scaffold_3.1284,TRUE,TRUE,maternal zygotic
evm.TU.scaffold_3.1285,TRUE,TRUE,maternal zygotic
evm.TU.scaffold_3.1286,TRUE,TRUE,maternal zygotic
evm.TU.scaffold_3.1287,TRUE,TRUE,maternal zygotic
evm.TU.scaffold_3.1288,TRUE,TRUE,maternal zygotic
evm.TU.scaffold_3.1289,TRUE,TRUE,maternal zygotic
evm.TU.scaffold_3.1290,TRUE,TRUE,maternal zygotic
evm.TU.scaffold_3.1291,TRUE,TRUE,maternal zygotic
evm.TU.scaffold_3.1292,TRUE,TRUE,maternal zygotic
evm.TU.scaffold_3.1293,TRUE,TRUE,maternal zygotic
evm.TU.scaffold_3.1294,TRUE,TRUE,maternal zygotic
evm.TU.scaffold_3.1295,TRUE,TRUE,maternal zygotic
evm.TU.scaffold_3.1296,TRUE,TRUE,maternal zygotic
evm.TU.scaffold_3.1297,TRUE,TRUE,maternal zygotic
evm.TU.scaffold_3.1298,TRUE,TRUE,maternal zygotic
evm.TU.scaffold_3.1299,TRUE,TRUE,maternal zygotic
evm.TU.scaffold_3.13,FALSE,FALSE,neither
evm.TU.scaffold_3.130,FALSE,FALSE,neither
evm.TU.scaffold_3.1300,TRUE,TRUE,maternal zygotic
evm.TU.scaffold_3.1301,TRUE,TRUE,maternal zygotic
evm.TU.scaffold_3.1302,TRUE,TRUE,maternal zygotic
evm.TU.scaffold_3.1303,FALSE,TRUE,zygotic
evm.TU.scaffold_3.1304,TRUE,TRUE,maternal zygotic
evm.TU.scaffold_3.1305,TRUE,TRUE,maternal zygotic
evm.TU.scaffold_3.1306,TRUE,TRUE,maternal zygotic
evm.TU.scaffold_3.1307,TRUE,TRUE,maternal zygotic
evm.TU.scaffold_3.1309,TRUE,TRUE,maternal zygotic
evm.TU.scaffold_3.1310,TRUE,TRUE,maternal zygotic
evm.TU.scaffold_3.1311,FALSE,TRUE,zygotic
evm.TU.scaffold_3.1312,FALSE,FALSE,neither
evm.TU.scaffold_3.1313,FALSE,FALSE,neither
evm.TU.scaffold_3.1314,FALSE,FALSE,neither
evm.TU.scaffold_3.1315,TRUE,TRUE,maternal zygotic
evm.TU.scaffold_3.1316,FALSE,FALSE,neither
evm.TU.scaffold_3.1317,TRUE,TRUE,maternal zygotic
evm.TU.scaffold_3.1318,TRUE,TRUE,maternal zygotic
evm.TU.scaffold_3.1319,FALSE,FALSE,neither
evm.TU.scaffold_3.132,FALSE,FALSE,neither
evm.TU.scaffold_3.1320,TRUE,TRUE,maternal zygotic
evm.TU.scaffold_3.1321,TRUE,TRUE,maternal zygotic
evm.TU.scaffold_3.1322,TRUE,TRUE,maternal zygotic
evm.TU.scaffold_3.1323,TRUE,TRUE,maternal zygotic
evm.TU.scaffold_3.1324,TRUE,TRUE,maternal zygotic
evm.TU.scaffold_3.1325,TRUE,TRUE,maternal zygotic
evm.TU.scaffold_3.1326,TRUE,TRUE,maternal zygotic
evm.TU.scaffold_3.1327,FALSE,FALSE,neither
evm.TU.scaffold_3.1328,TRUE,TRUE,maternal zygotic
evm.TU.scaffold_3.1329,TRUE,TRUE,maternal zygotic
evm.TU.scaffold_3.133,FALSE,FALSE,neither
evm.TU.scaffold_3.1330,TRUE,TRUE,maternal zygotic
evm.TU.scaffold_3.1331,FALSE,FALSE,neither
evm.TU.scaffold_3.1332,FALSE,FALSE,neither
evm.TU.scaffold_3.1333,TRUE,TRUE,maternal zygotic
evm.TU.scaffold_3.1334,TRUE,TRUE,maternal zygotic
evm.TU.scaffold_3.1335,TRUE,TRUE,maternal zygotic
evm.TU.scaffold_3.1336,TRUE,TRUE,maternal zygotic
evm.TU.scaffold_3.1337,FALSE,FALSE,neither
evm.TU.scaffold_3.1338,FALSE,FALSE,neither
evm.TU.scaffold_3.1340,TRUE,TRUE,maternal zygotic
evm.TU.scaffold_3.1341,FALSE,FALSE,neither
evm.TU.scaffold_3.1342,FALSE,FALSE,neither
evm.TU.scaffold_3.1344,FALSE,FALSE,neither
evm.TU.scaffold_3.1345,FALSE,FALSE,neither
evm.TU.scaffold_3.1346,FALSE,FALSE,neither
evm.TU.scaffold_3.1347,TRUE,TRUE,maternal zygotic
evm.TU.scaffold_3.1348,FALSE,TRUE,zygotic
evm.TU.scaffold_3.1349,TRUE,TRUE,maternal zygotic
evm.TU.scaffold_3.1350,TRUE,TRUE,maternal zygotic
evm.TU.scaffold_3.1351,TRUE,TRUE,maternal zygotic
evm.TU.scaffold_3.1352,TRUE,TRUE,maternal zygotic
evm.TU.scaffold_3.1353,TRUE,TRUE,maternal zygotic
evm.TU.scaffold_3.1354,FALSE,FALSE,neither
evm.TU.scaffold_3.1355,FALSE,FALSE,neither
evm.TU.scaffold_3.1356,FALSE,FALSE,neither
evm.TU.scaffold_3.1357,FALSE,FALSE,neither
evm.TU.scaffold_3.1358,TRUE,TRUE,maternal zygotic
evm.TU.scaffold_3.1359,TRUE,TRUE,maternal zygotic
evm.TU.scaffold_3.1360,FALSE,TRUE,zygotic
evm.TU.scaffold_3.1361,FALSE,FALSE,neither
evm.TU.scaffold_3.1362,TRUE,TRUE,maternal zygotic
evm.TU.scaffold_3.1363,TRUE,TRUE,maternal zygotic
evm.TU.scaffold_3.1364,TRUE,TRUE,maternal zygotic
evm.TU.scaffold_3.1365,TRUE,TRUE,maternal zygotic
evm.TU.scaffold_3.1366,TRUE,TRUE,maternal zygotic
evm.TU.scaffold_3.1367,FALSE,FALSE,neither
evm.TU.scaffold_3.1368,FALSE,FALSE,neither
evm.TU.scaffold_3.1369,FALSE,FALSE,neither
evm.TU.scaffold_3.137,FALSE,FALSE,neither
evm.TU.scaffold_3.1370,TRUE,TRUE,maternal zygotic
evm.TU.scaffold_3.1371,FALSE,FALSE,neither
evm.TU.scaffold_3.1372,FALSE,FALSE,neither
evm.TU.scaffold_3.1376,TRUE,TRUE,maternal zygotic
evm.TU.scaffold_3.1377,TRUE,TRUE,maternal zygotic
evm.TU.scaffold_3.1379,FALSE,FALSE,neither
evm.TU.scaffold_3.138,FALSE,FALSE,neither
evm.TU.scaffold_3.1380,FALSE,FALSE,neither
evm.TU.scaffold_3.1381,FALSE,TRUE,zygotic
evm.TU.scaffold_3.1382,FALSE,FALSE,neither
evm.TU.scaffold_3.1383,TRUE,TRUE,maternal zygotic
evm.TU.scaffold_3.1384,TRUE,TRUE,maternal zygotic
evm.TU.scaffold_3.1385,TRUE,TRUE,maternal zygotic
evm.TU.scaffold_3.1386,TRUE,TRUE,maternal zygotic
evm.TU.scaffold_3.1387,TRUE,TRUE,maternal zygotic
evm.TU.scaffold_3.1388,TRUE,TRUE,maternal zygotic
evm.TU.scaffold_3.1389,TRUE,FALSE,maternal
evm.TU.scaffold_3.139,TRUE,TRUE,maternal zygotic
evm.TU.scaffold_3.1392,TRUE,TRUE,maternal zygotic
evm.TU.scaffold_3.1393,TRUE,TRUE,maternal zygotic
evm.TU.scaffold_3.1394,TRUE,TRUE,maternal zygotic
evm.TU.scaffold_3.1395,TRUE,TRUE,maternal zygotic
evm.TU.scaffold_3.1396,TRUE,TRUE,maternal zygotic
evm.TU.scaffold_3.1397,TRUE,TRUE,maternal zygotic
evm.TU.scaffold_3.1398,FALSE,FALSE,neither
evm.TU.scaffold_3.1399,FALSE,FALSE,neither
evm.TU.scaffold_3.14,FALSE,FALSE,neither
evm.TU.scaffold_3.140,TRUE,TRUE,maternal zygotic
evm.TU.scaffold_3.1400,TRUE,TRUE,maternal zygotic
evm.TU.scaffold_3.1401,TRUE,TRUE,maternal zygotic
evm.TU.scaffold_3.1402,TRUE,TRUE,maternal zygotic
evm.TU.scaffold_3.1403,TRUE,TRUE,maternal zygotic
evm.TU.scaffold_3.1404,FALSE,FALSE,neither
evm.TU.scaffold_3.1405,TRUE,TRUE,maternal zygotic
evm.TU.scaffold_3.1406,FALSE,FALSE,neither
evm.TU.scaffold_3.1408,FALSE,FALSE,neither
evm.TU.scaffold_3.1409,FALSE,FALSE,neither
evm.TU.scaffold_3.141,TRUE,TRUE,maternal zygotic
evm.TU.scaffold_3.1410,FALSE,FALSE,neither
evm.TU.scaffold_3.1411,TRUE,TRUE,maternal zygotic
evm.TU.scaffold_3.1412,TRUE,TRUE,maternal zygotic
evm.TU.scaffold_3.1414,FALSE,TRUE,zygotic
evm.TU.scaffold_3.1415,TRUE,TRUE,maternal zygotic
evm.TU.scaffold_3.1416,TRUE,TRUE,maternal zygotic
evm.TU.scaffold_3.1417,FALSE,FALSE,neither
evm.TU.scaffold_3.1418,TRUE,TRUE,maternal zygotic
evm.TU.scaffold_3.1419,TRUE,TRUE,maternal zygotic
evm.TU.scaffold_3.142,FALSE,TRUE,zygotic
evm.TU.scaffold_3.1420,TRUE,TRUE,maternal zygotic
evm.TU.scaffold_3.1421,FALSE,TRUE,zygotic
evm.TU.scaffold_3.1422,TRUE,TRUE,maternal zygotic
evm.TU.scaffold_3.1423,TRUE,TRUE,maternal zygotic
evm.TU.scaffold_3.1424,TRUE,TRUE,maternal zygotic
evm.TU.scaffold_3.1425,TRUE,TRUE,maternal zygotic
evm.TU.scaffold_3.1426,TRUE,TRUE,maternal zygotic
evm.TU.scaffold_3.1427,TRUE,TRUE,maternal zygotic
evm.TU.scaffold_3.1428,TRUE,TRUE,maternal zygotic
evm.TU.scaffold_3.1429,TRUE,TRUE,maternal zygotic
evm.TU.scaffold_3.143,TRUE,TRUE,maternal zygotic
evm.TU.scaffold_3.1430_evm.TU.scaffold_3.1431,FALSE,FALSE,neither
evm.TU.scaffold_3.1432,TRUE,TRUE,maternal zygotic
evm.TU.scaffold_3.1433,TRUE,TRUE,maternal zygotic
evm.TU.scaffold_3.1434,FALSE,FALSE,neither
evm.TU.scaffold_3.1435,FALSE,FALSE,neither
evm.TU.scaffold_3.1436,FALSE,FALSE,neither
evm.TU.scaffold_3.1437,TRUE,TRUE,maternal zygotic
evm.TU.scaffold_3.1438,FALSE,FALSE,neither
evm.TU.scaffold_3.1439,FALSE,FALSE,neither
evm.TU.scaffold_3.1440,FALSE,FALSE,neither
evm.TU.scaffold_3.1441,TRUE,TRUE,maternal zygotic
evm.TU.scaffold_3.1442,TRUE,TRUE,maternal zygotic
evm.TU.scaffold_3.1443,FALSE,TRUE,zygotic
evm.TU.scaffold_3.1444,TRUE,TRUE,maternal zygotic
evm.TU.scaffold_3.1445,TRUE,TRUE,maternal zygotic
evm.TU.scaffold_3.1446,FALSE,FALSE,neither
evm.TU.scaffold_3.1447,FALSE,FALSE,neither
evm.TU.scaffold_3.1448,FALSE,FALSE,neither
evm.TU.scaffold_3.1449,FALSE,FALSE,neither
evm.TU.scaffold_3.1450,TRUE,TRUE,maternal zygotic
evm.TU.scaffold_3.1451,TRUE,TRUE,maternal zygotic
evm.TU.scaffold_3.1452,TRUE,TRUE,maternal zygotic
evm.TU.scaffold_3.1453,TRUE,TRUE,maternal zygotic
evm.TU.scaffold_3.1454,TRUE,TRUE,maternal zygotic
evm.TU.scaffold_3.1455,FALSE,TRUE,zygotic
evm.TU.scaffold_3.1456,TRUE,TRUE,maternal zygotic
evm.TU.scaffold_3.1457,FALSE,FALSE,neither
evm.TU.scaffold_3.1459,TRUE,TRUE,maternal zygotic
evm.TU.scaffold_3.146,TRUE,TRUE,maternal zygotic
evm.TU.scaffold_3.1460,FALSE,FALSE,neither
evm.TU.scaffold_3.1461,FALSE,FALSE,neither
evm.TU.scaffold_3.1463,FALSE,FALSE,neither
evm.TU.scaffold_3.1464,FALSE,FALSE,neither
evm.TU.scaffold_3.1465,TRUE,TRUE,maternal zygotic
evm.TU.scaffold_3.1466,TRUE,TRUE,maternal zygotic
evm.TU.scaffold_3.1467,TRUE,TRUE,maternal zygotic
evm.TU.scaffold_3.1468,FALSE,FALSE,neither
evm.TU.scaffold_3.1469,TRUE,TRUE,maternal zygotic
evm.TU.scaffold_3.147,TRUE,TRUE,maternal zygotic
evm.TU.scaffold_3.1470,TRUE,TRUE,maternal zygotic
evm.TU.scaffold_3.1471,TRUE,TRUE,maternal zygotic
evm.TU.scaffold_3.1472,FALSE,FALSE,neither
evm.TU.scaffold_3.1474,FALSE,FALSE,neither
evm.TU.scaffold_3.1475,FALSE,FALSE,neither
evm.TU.scaffold_3.1477,TRUE,TRUE,maternal zygotic
evm.TU.scaffold_3.1478,TRUE,TRUE,maternal zygotic
evm.TU.scaffold_3.1479,TRUE,TRUE,maternal zygotic
evm.TU.scaffold_3.148,TRUE,TRUE,maternal zygotic
evm.TU.scaffold_3.1480,TRUE,TRUE,maternal zygotic
evm.TU.scaffold_3.1481,TRUE,TRUE,maternal zygotic
evm.TU.scaffold_3.1482,TRUE,TRUE,maternal zygotic
evm.TU.scaffold_3.1483,TRUE,TRUE,maternal zygotic
evm.TU.scaffold_3.1484,TRUE,TRUE,maternal zygotic
evm.TU.scaffold_3.1485,TRUE,TRUE,maternal zygotic
evm.TU.scaffold_3.1486,TRUE,TRUE,maternal zygotic
evm.TU.scaffold_3.1487,TRUE,TRUE,maternal zygotic
evm.TU.scaffold_3.1488,TRUE,TRUE,maternal zygotic
evm.TU.scaffold_3.1489,FALSE,FALSE,neither
evm.TU.scaffold_3.149,FALSE,FALSE,neither
evm.TU.scaffold_3.1490,FALSE,FALSE,neither
evm.TU.scaffold_3.1491,TRUE,TRUE,maternal zygotic
evm.TU.scaffold_3.1492,TRUE,TRUE,maternal zygotic
evm.TU.scaffold_3.1493,TRUE,TRUE,maternal zygotic
evm.TU.scaffold_3.1494,TRUE,TRUE,maternal zygotic
evm.TU.scaffold_3.1495,TRUE,TRUE,maternal zygotic
evm.TU.scaffold_3.1496,FALSE,FALSE,neither
evm.TU.scaffold_3.1497,FALSE,FALSE,neither
evm.TU.scaffold_3.1498,TRUE,TRUE,maternal zygotic
evm.TU.scaffold_3.1499,FALSE,FALSE,neither
evm.TU.scaffold_3.1500,FALSE,FALSE,neither
evm.TU.scaffold_3.1501,FALSE,FALSE,neither
evm.TU.scaffold_3.1502,FALSE,TRUE,zygotic
evm.TU.scaffold_3.1505,FALSE,TRUE,zygotic
evm.TU.scaffold_3.1506,FALSE,FALSE,neither
evm.TU.scaffold_3.1507,TRUE,TRUE,maternal zygotic
evm.TU.scaffold_3.1508,FALSE,TRUE,zygotic
evm.TU.scaffold_3.1509,TRUE,TRUE,maternal zygotic
evm.TU.scaffold_3.1510,FALSE,FALSE,neither
evm.TU.scaffold_3.1511,FALSE,FALSE,neither
evm.TU.scaffold_3.1512,FALSE,TRUE,zygotic
evm.TU.scaffold_3.1513,FALSE,FALSE,neither
evm.TU.scaffold_3.1514,FALSE,FALSE,neither
evm.TU.scaffold_3.1515,FALSE,FALSE,neither
evm.TU.scaffold_3.1516,FALSE,TRUE,zygotic
evm.TU.scaffold_3.1517,FALSE,TRUE,zygotic
evm.TU.scaffold_3.1518,FALSE,FALSE,neither
evm.TU.scaffold_3.1519,TRUE,TRUE,maternal zygotic
evm.TU.scaffold_3.1520,TRUE,TRUE,maternal zygotic
evm.TU.scaffold_3.1521,TRUE,TRUE,maternal zygotic
evm.TU.scaffold_3.1522,TRUE,TRUE,maternal zygotic
evm.TU.scaffold_3.1523,FALSE,FALSE,neither
evm.TU.scaffold_3.1524,TRUE,TRUE,maternal zygotic
evm.TU.scaffold_3.1525,FALSE,FALSE,neither
evm.TU.scaffold_3.1527,FALSE,FALSE,neither
evm.TU.scaffold_3.1528,FALSE,FALSE,neither
evm.TU.scaffold_3.1529,FALSE,FALSE,neither
evm.TU.scaffold_3.1530,FALSE,FALSE,neither
evm.TU.scaffold_3.1531,FALSE,FALSE,neither
evm.TU.scaffold_3.1532,FALSE,FALSE,neither
evm.TU.scaffold_3.1533,FALSE,FALSE,neither
evm.TU.scaffold_3.1534,FALSE,FALSE,neither
evm.TU.scaffold_3.1535,TRUE,TRUE,maternal zygotic
evm.TU.scaffold_3.1536,TRUE,TRUE,maternal zygotic
evm.TU.scaffold_3.1537,TRUE,TRUE,maternal zygotic
evm.TU.scaffold_3.1538,TRUE,TRUE,maternal zygotic
evm.TU.scaffold_3.1539,FALSE,FALSE,neither
evm.TU.scaffold_3.154,FALSE,FALSE,neither
evm.TU.scaffold_3.1540,FALSE,FALSE,neither
evm.TU.scaffold_3.1541,FALSE,FALSE,neither
evm.TU.scaffold_3.1542,FALSE,FALSE,neither
evm.TU.scaffold_3.1543,FALSE,FALSE,neither
evm.TU.scaffold_3.1544,FALSE,FALSE,neither
evm.TU.scaffold_3.1545,FALSE,FALSE,neither
evm.TU.scaffold_3.1546,FALSE,FALSE,neither
evm.TU.scaffold_3.1547,FALSE,FALSE,neither
evm.TU.scaffold_3.1548,FALSE,FALSE,neither
evm.TU.scaffold_3.1549,FALSE,FALSE,neither
evm.TU.scaffold_3.155,FALSE,FALSE,neither
evm.TU.scaffold_3.1550,FALSE,FALSE,neither
evm.TU.scaffold_3.1551,FALSE,FALSE,neither
evm.TU.scaffold_3.1552,FALSE,FALSE,neither
evm.TU.scaffold_3.1553,FALSE,FALSE,neither
evm.TU.scaffold_3.1555,FALSE,FALSE,neither
evm.TU.scaffold_3.1556,FALSE,FALSE,neither
evm.TU.scaffold_3.1557,FALSE,FALSE,neither
evm.TU.scaffold_3.1558,FALSE,TRUE,zygotic
evm.TU.scaffold_3.1559,FALSE,FALSE,neither
evm.TU.scaffold_3.1560,FALSE,FALSE,neither
evm.TU.scaffold_3.1561,FALSE,FALSE,neither
evm.TU.scaffold_3.1563,FALSE,FALSE,neither
evm.TU.scaffold_3.1564,FALSE,FALSE,neither
evm.TU.scaffold_3.1565,TRUE,TRUE,maternal zygotic
evm.TU.scaffold_3.1566,FALSE,FALSE,neither
evm.TU.scaffold_3.1567,FALSE,FALSE,neither
evm.TU.scaffold_3.1568,FALSE,FALSE,neither
evm.TU.scaffold_3.1569,FALSE,FALSE,neither
evm.TU.scaffold_3.1571,TRUE,TRUE,maternal zygotic
evm.TU.scaffold_3.1572,TRUE,TRUE,maternal zygotic
evm.TU.scaffold_3.1573,TRUE,TRUE,maternal zygotic
evm.TU.scaffold_3.1574,TRUE,TRUE,maternal zygotic
evm.TU.scaffold_3.1575,TRUE,TRUE,maternal zygotic
evm.TU.scaffold_3.1576,TRUE,TRUE,maternal zygotic
evm.TU.scaffold_3.1577,TRUE,TRUE,maternal zygotic
evm.TU.scaffold_3.1578,TRUE,TRUE,maternal zygotic
evm.TU.scaffold_3.1579,TRUE,TRUE,maternal zygotic
evm.TU.scaffold_3.158,TRUE,TRUE,maternal zygotic
evm.TU.scaffold_3.1580,TRUE,TRUE,maternal zygotic
evm.TU.scaffold_3.1581,TRUE,TRUE,maternal zygotic
evm.TU.scaffold_3.1582,TRUE,TRUE,maternal zygotic
evm.TU.scaffold_3.1583,FALSE,FALSE,neither
evm.TU.scaffold_3.1584,FALSE,FALSE,neither
evm.TU.scaffold_3.1586,TRUE,TRUE,maternal zygotic
evm.TU.scaffold_3.1587,FALSE,FALSE,neither
evm.TU.scaffold_3.1588,TRUE,TRUE,maternal zygotic
evm.TU.scaffold_3.1589,TRUE,TRUE,maternal zygotic
evm.TU.scaffold_3.159,TRUE,TRUE,maternal zygotic
evm.TU.scaffold_3.1590,FALSE,FALSE,neither
evm.TU.scaffold_3.1591,FALSE,FALSE,neither
evm.TU.scaffold_3.1592,FALSE,FALSE,neither
evm.TU.scaffold_3.1593,FALSE,FALSE,neither
evm.TU.scaffold_3.1594,TRUE,TRUE,maternal zygotic
evm.TU.scaffold_3.1595,TRUE,TRUE,maternal zygotic
evm.TU.scaffold_3.1596,FALSE,FALSE,neither
evm.TU.scaffold_3.1598,TRUE,TRUE,maternal zygotic
evm.TU.scaffold_3.1599,TRUE,FALSE,maternal
evm.TU.scaffold_3.160,TRUE,TRUE,maternal zygotic
evm.TU.scaffold_3.1600,TRUE,TRUE,maternal zygotic
evm.TU.scaffold_3.1601,TRUE,TRUE,maternal zygotic
evm.TU.scaffold_3.1602,TRUE,TRUE,maternal zygotic
evm.TU.scaffold_3.1603,TRUE,TRUE,maternal zygotic
evm.TU.scaffold_3.1604,TRUE,TRUE,maternal zygotic
evm.TU.scaffold_3.1605,FALSE,FALSE,neither
evm.TU.scaffold_3.1606_evm.TU.scaffold_3.1608,FALSE,FALSE,neither
evm.TU.scaffold_3.1609,TRUE,TRUE,maternal zygotic
evm.TU.scaffold_3.161,TRUE,TRUE,maternal zygotic
evm.TU.scaffold_3.1610,TRUE,TRUE,maternal zygotic
evm.TU.scaffold_3.1611,FALSE,FALSE,neither
evm.TU.scaffold_3.1612,TRUE,TRUE,maternal zygotic
evm.TU.scaffold_3.1613,TRUE,TRUE,maternal zygotic
evm.TU.scaffold_3.1614,TRUE,TRUE,maternal zygotic
evm.TU.scaffold_3.1615,FALSE,FALSE,neither
evm.TU.scaffold_3.1616,FALSE,FALSE,neither
evm.TU.scaffold_3.1617,TRUE,TRUE,maternal zygotic
evm.TU.scaffold_3.1618,TRUE,TRUE,maternal zygotic
evm.TU.scaffold_3.1619,TRUE,TRUE,maternal zygotic
evm.TU.scaffold_3.162,TRUE,TRUE,maternal zygotic
evm.TU.scaffold_3.1620,FALSE,FALSE,neither
evm.TU.scaffold_3.1621,TRUE,TRUE,maternal zygotic
evm.TU.scaffold_3.1622,FALSE,FALSE,neither
evm.TU.scaffold_3.1623,FALSE,FALSE,neither
evm.TU.scaffold_3.1624,FALSE,FALSE,neither
evm.TU.scaffold_3.1625,FALSE,FALSE,neither
evm.TU.scaffold_3.1626,TRUE,TRUE,maternal zygotic
evm.TU.scaffold_3.1627,TRUE,TRUE,maternal zygotic
evm.TU.scaffold_3.1628,TRUE,TRUE,maternal zygotic
evm.TU.scaffold_3.1629,TRUE,TRUE,maternal zygotic
evm.TU.scaffold_3.163,FALSE,FALSE,neither
evm.TU.scaffold_3.1630,TRUE,TRUE,maternal zygotic
evm.TU.scaffold_3.1631,TRUE,TRUE,maternal zygotic
evm.TU.scaffold_3.1632,FALSE,FALSE,neither
evm.TU.scaffold_3.1633,TRUE,TRUE,maternal zygotic
evm.TU.scaffold_3.1634,TRUE,TRUE,maternal zygotic
evm.TU.scaffold_3.1635,TRUE,TRUE,maternal zygotic
evm.TU.scaffold_3.1636,TRUE,TRUE,maternal zygotic
evm.TU.scaffold_3.1638,TRUE,TRUE,maternal zygotic
evm.TU.scaffold_3.164,FALSE,FALSE,neither
evm.TU.scaffold_3.1641,FALSE,FALSE,neither
evm.TU.scaffold_3.1642,TRUE,TRUE,maternal zygotic
evm.TU.scaffold_3.1644,FALSE,FALSE,neither
evm.TU.scaffold_3.1645,FALSE,FALSE,neither
evm.TU.scaffold_3.1648,FALSE,FALSE,neither
evm.TU.scaffold_3.1649,TRUE,TRUE,maternal zygotic
evm.TU.scaffold_3.1650,FALSE,FALSE,neither
evm.TU.scaffold_3.1651,TRUE,TRUE,maternal zygotic
evm.TU.scaffold_3.1652,TRUE,TRUE,maternal zygotic
evm.TU.scaffold_3.1653,TRUE,TRUE,maternal zygotic
evm.TU.scaffold_3.1654,FALSE,TRUE,zygotic
evm.TU.scaffold_3.1655,TRUE,TRUE,maternal zygotic
evm.TU.scaffold_3.1656,TRUE,TRUE,maternal zygotic
evm.TU.scaffold_3.1657,TRUE,TRUE,maternal zygotic
evm.TU.scaffold_3.1658,TRUE,TRUE,maternal zygotic
evm.TU.scaffold_3.1659,TRUE,TRUE,maternal zygotic
evm.TU.scaffold_3.1660,FALSE,FALSE,neither
evm.TU.scaffold_3.1661,FALSE,FALSE,neither
evm.TU.scaffold_3.1663,FALSE,FALSE,neither
evm.TU.scaffold_3.1665,FALSE,TRUE,zygotic
evm.TU.scaffold_3.1666,FALSE,FALSE,neither
evm.TU.scaffold_3.1667,FALSE,FALSE,neither
evm.TU.scaffold_3.1668,FALSE,FALSE,neither
evm.TU.scaffold_3.1669,TRUE,TRUE,maternal zygotic
evm.TU.scaffold_3.167,TRUE,TRUE,maternal zygotic
evm.TU.scaffold_3.1670,FALSE,FALSE,neither
evm.TU.scaffold_3.1671,TRUE,TRUE,maternal zygotic
evm.TU.scaffold_3.1673,TRUE,TRUE,maternal zygotic
evm.TU.scaffold_3.1674,TRUE,TRUE,maternal zygotic
evm.TU.scaffold_3.1675_evm.TU.scaffold_3.1676,TRUE,TRUE,maternal zygotic
evm.TU.scaffold_3.1677,TRUE,TRUE,maternal zygotic
evm.TU.scaffold_3.1678,FALSE,FALSE,neither
evm.TU.scaffold_3.1679,TRUE,TRUE,maternal zygotic
evm.TU.scaffold_3.168,FALSE,FALSE,neither
evm.TU.scaffold_3.1680,TRUE,TRUE,maternal zygotic
evm.TU.scaffold_3.1681,TRUE,TRUE,maternal zygotic
evm.TU.scaffold_3.1682,FALSE,FALSE,neither
evm.TU.scaffold_3.1683,FALSE,FALSE,neither
evm.TU.scaffold_3.1684,FALSE,FALSE,neither
evm.TU.scaffold_3.1685,FALSE,FALSE,neither
evm.TU.scaffold_3.1686,FALSE,TRUE,zygotic
evm.TU.scaffold_3.1687,FALSE,FALSE,neither
evm.TU.scaffold_3.1688,FALSE,FALSE,neither
evm.TU.scaffold_3.169,TRUE,TRUE,maternal zygotic
evm.TU.scaffold_3.1690,FALSE,FALSE,neither
evm.TU.scaffold_3.1691,FALSE,TRUE,zygotic
evm.TU.scaffold_3.1692,FALSE,FALSE,neither
evm.TU.scaffold_3.1693,FALSE,FALSE,neither
evm.TU.scaffold_3.1695,TRUE,TRUE,maternal zygotic
evm.TU.scaffold_3.1696,TRUE,TRUE,maternal zygotic
evm.TU.scaffold_3.1697,TRUE,TRUE,maternal zygotic
evm.TU.scaffold_3.1699,TRUE,TRUE,maternal zygotic
evm.TU.scaffold_3.170,TRUE,TRUE,maternal zygotic
evm.TU.scaffold_3.1700,TRUE,TRUE,maternal zygotic
evm.TU.scaffold_3.1701,TRUE,TRUE,maternal zygotic
evm.TU.scaffold_3.1702,FALSE,FALSE,neither
evm.TU.scaffold_3.1703,TRUE,TRUE,maternal zygotic
evm.TU.scaffold_3.1704,TRUE,TRUE,maternal zygotic
evm.TU.scaffold_3.1707,FALSE,TRUE,zygotic
evm.TU.scaffold_3.1708,TRUE,TRUE,maternal zygotic
evm.TU.scaffold_3.1710,TRUE,TRUE,maternal zygotic
evm.TU.scaffold_3.1711,FALSE,FALSE,neither
evm.TU.scaffold_3.1712,FALSE,FALSE,neither
evm.TU.scaffold_3.1713,FALSE,FALSE,neither
evm.TU.scaffold_3.1714,TRUE,TRUE,maternal zygotic
evm.TU.scaffold_3.1715,TRUE,TRUE,maternal zygotic
evm.TU.scaffold_3.1717,FALSE,TRUE,zygotic
evm.TU.scaffold_3.172,TRUE,TRUE,maternal zygotic
evm.TU.scaffold_3.1720,TRUE,TRUE,maternal zygotic
evm.TU.scaffold_3.1721,TRUE,TRUE,maternal zygotic
evm.TU.scaffold_3.1722,FALSE,FALSE,neither
evm.TU.scaffold_3.1723,FALSE,FALSE,neither
evm.TU.scaffold_3.1724,TRUE,TRUE,maternal zygotic
evm.TU.scaffold_3.1725,TRUE,TRUE,maternal zygotic
evm.TU.scaffold_3.1726,TRUE,TRUE,maternal zygotic
evm.TU.scaffold_3.1727,TRUE,TRUE,maternal zygotic
evm.TU.scaffold_3.1728,TRUE,TRUE,maternal zygotic
evm.TU.scaffold_3.1729,TRUE,TRUE,maternal zygotic
evm.TU.scaffold_3.173,TRUE,TRUE,maternal zygotic
evm.TU.scaffold_3.1730,TRUE,TRUE,maternal zygotic
evm.TU.scaffold_3.1731,TRUE,TRUE,maternal zygotic
evm.TU.scaffold_3.1732,TRUE,TRUE,maternal zygotic
evm.TU.scaffold_3.1733,TRUE,TRUE,maternal zygotic
evm.TU.scaffold_3.1734,TRUE,TRUE,maternal zygotic
evm.TU.scaffold_3.1735,TRUE,TRUE,maternal zygotic
evm.TU.scaffold_3.1736,TRUE,TRUE,maternal zygotic
evm.TU.scaffold_3.1737,TRUE,TRUE,maternal zygotic
evm.TU.scaffold_3.1738,TRUE,TRUE,maternal zygotic
evm.TU.scaffold_3.1739,FALSE,FALSE,neither
evm.TU.scaffold_3.174,FALSE,FALSE,neither
evm.TU.scaffold_3.1740,TRUE,TRUE,maternal zygotic
evm.TU.scaffold_3.1741,TRUE,TRUE,maternal zygotic
evm.TU.scaffold_3.1742,FALSE,FALSE,neither
evm.TU.scaffold_3.1743,TRUE,TRUE,maternal zygotic
evm.TU.scaffold_3.1744,TRUE,TRUE,maternal zygotic
evm.TU.scaffold_3.1745,TRUE,FALSE,maternal
evm.TU.scaffold_3.1746,TRUE,TRUE,maternal zygotic
evm.TU.scaffold_3.1747,TRUE,TRUE,maternal zygotic
evm.TU.scaffold_3.1748,TRUE,TRUE,maternal zygotic
evm.TU.scaffold_3.1749,FALSE,FALSE,neither
evm.TU.scaffold_3.175,FALSE,FALSE,neither
evm.TU.scaffold_3.1750,FALSE,FALSE,neither
evm.TU.scaffold_3.1752,FALSE,FALSE,neither
evm.TU.scaffold_3.1754,FALSE,TRUE,zygotic
evm.TU.scaffold_3.1755,TRUE,TRUE,maternal zygotic
evm.TU.scaffold_3.1756,TRUE,TRUE,maternal zygotic
evm.TU.scaffold_3.1757,TRUE,TRUE,maternal zygotic
evm.TU.scaffold_3.1758,TRUE,TRUE,maternal zygotic
evm.TU.scaffold_3.1759,TRUE,TRUE,maternal zygotic
evm.TU.scaffold_3.176,FALSE,FALSE,neither
evm.TU.scaffold_3.1760,TRUE,TRUE,maternal zygotic
evm.TU.scaffold_3.1761,TRUE,TRUE,maternal zygotic
evm.TU.scaffold_3.1762,TRUE,TRUE,maternal zygotic
evm.TU.scaffold_3.1763,TRUE,TRUE,maternal zygotic
evm.TU.scaffold_3.1764,TRUE,TRUE,maternal zygotic
evm.TU.scaffold_3.1765,TRUE,TRUE,maternal zygotic
evm.TU.scaffold_3.1766,TRUE,FALSE,maternal
evm.TU.scaffold_3.1768,FALSE,FALSE,neither
evm.TU.scaffold_3.1769,TRUE,TRUE,maternal zygotic
evm.TU.scaffold_3.177,FALSE,FALSE,neither
evm.TU.scaffold_3.1770,TRUE,TRUE,maternal zygotic
evm.TU.scaffold_3.1771,TRUE,TRUE,maternal zygotic
evm.TU.scaffold_3.1772,TRUE,TRUE,maternal zygotic
evm.TU.scaffold_3.1774,FALSE,FALSE,neither
evm.TU.scaffold_3.1775,FALSE,FALSE,neither
evm.TU.scaffold_3.1777,FALSE,FALSE,neither
evm.TU.scaffold_3.1778,FALSE,FALSE,neither
evm.TU.scaffold_3.1779,FALSE,TRUE,zygotic
evm.TU.scaffold_3.178,FALSE,FALSE,neither
evm.TU.scaffold_3.1780,FALSE,FALSE,neither
evm.TU.scaffold_3.1786,FALSE,FALSE,neither
evm.TU.scaffold_3.1788,FALSE,FALSE,neither
evm.TU.scaffold_3.1789,FALSE,FALSE,neither
evm.TU.scaffold_3.179,FALSE,FALSE,neither
evm.TU.scaffold_3.1793,FALSE,TRUE,zygotic
evm.TU.scaffold_3.1794,FALSE,TRUE,zygotic
evm.TU.scaffold_3.1795,FALSE,TRUE,zygotic
evm.TU.scaffold_3.1799,FALSE,TRUE,zygotic
evm.TU.scaffold_3.180,TRUE,TRUE,maternal zygotic
evm.TU.scaffold_3.1800,FALSE,TRUE,zygotic
evm.TU.scaffold_3.1801,FALSE,FALSE,neither
evm.TU.scaffold_3.1802,FALSE,TRUE,zygotic
evm.TU.scaffold_3.1804,FALSE,TRUE,zygotic
evm.TU.scaffold_3.1806,FALSE,TRUE,zygotic
evm.TU.scaffold_3.1807,TRUE,TRUE,maternal zygotic
evm.TU.scaffold_3.1808,TRUE,TRUE,maternal zygotic
evm.TU.scaffold_3.1809,TRUE,TRUE,maternal zygotic
evm.TU.scaffold_3.181,FALSE,FALSE,neither
evm.TU.scaffold_3.1810,TRUE,TRUE,maternal zygotic
evm.TU.scaffold_3.1811,TRUE,TRUE,maternal zygotic
evm.TU.scaffold_3.1812,FALSE,FALSE,neither
evm.TU.scaffold_3.1813,TRUE,TRUE,maternal zygotic
evm.TU.scaffold_3.1814,TRUE,TRUE,maternal zygotic
evm.TU.scaffold_3.1815,TRUE,TRUE,maternal zygotic
evm.TU.scaffold_3.1816_evm.TU.scaffold_3.1817,TRUE,TRUE,maternal zygotic
evm.TU.scaffold_3.1819,FALSE,TRUE,zygotic
evm.TU.scaffold_3.182,FALSE,FALSE,neither
evm.TU.scaffold_3.1820,FALSE,FALSE,neither
evm.TU.scaffold_3.1821,FALSE,FALSE,neither
evm.TU.scaffold_3.1822,TRUE,TRUE,maternal zygotic
evm.TU.scaffold_3.1823,TRUE,TRUE,maternal zygotic
evm.TU.scaffold_3.1825,TRUE,TRUE,maternal zygotic
evm.TU.scaffold_3.1826,TRUE,TRUE,maternal zygotic
evm.TU.scaffold_3.1827,TRUE,TRUE,maternal zygotic
evm.TU.scaffold_3.1828,TRUE,TRUE,maternal zygotic
evm.TU.scaffold_3.1829,TRUE,TRUE,maternal zygotic
evm.TU.scaffold_3.183,TRUE,TRUE,maternal zygotic
evm.TU.scaffold_3.1830,TRUE,TRUE,maternal zygotic
evm.TU.scaffold_3.1831,TRUE,TRUE,maternal zygotic
evm.TU.scaffold_3.1832,TRUE,TRUE,maternal zygotic
evm.TU.scaffold_3.1833,FALSE,FALSE,neither
evm.TU.scaffold_3.1835,TRUE,TRUE,maternal zygotic
evm.TU.scaffold_3.1836,FALSE,FALSE,neither
evm.TU.scaffold_3.1837,TRUE,TRUE,maternal zygotic
evm.TU.scaffold_3.1838,TRUE,TRUE,maternal zygotic
evm.TU.scaffold_3.1839,TRUE,TRUE,maternal zygotic
evm.TU.scaffold_3.184,TRUE,TRUE,maternal zygotic
evm.TU.scaffold_3.1840,TRUE,TRUE,maternal zygotic
evm.TU.scaffold_3.1842,TRUE,TRUE,maternal zygotic
evm.TU.scaffold_3.1843,TRUE,TRUE,maternal zygotic
evm.TU.scaffold_3.1844,TRUE,TRUE,maternal zygotic
evm.TU.scaffold_3.1845,TRUE,TRUE,maternal zygotic
evm.TU.scaffold_3.1846,TRUE,TRUE,maternal zygotic
evm.TU.scaffold_3.1847,FALSE,FALSE,neither
evm.TU.scaffold_3.1848,TRUE,TRUE,maternal zygotic
evm.TU.scaffold_3.1849,FALSE,FALSE,neither
evm.TU.scaffold_3.185,TRUE,TRUE,maternal zygotic
evm.TU.scaffold_3.1850,TRUE,TRUE,maternal zygotic
evm.TU.scaffold_3.1851,FALSE,FALSE,neither
evm.TU.scaffold_3.1853,FALSE,FALSE,neither
evm.TU.scaffold_3.1854,FALSE,FALSE,neither
evm.TU.scaffold_3.1855,FALSE,FALSE,neither
evm.TU.scaffold_3.1856,FALSE,FALSE,neither
evm.TU.scaffold_3.1857,FALSE,FALSE,neither
evm.TU.scaffold_3.1858,FALSE,FALSE,neither
evm.TU.scaffold_3.1859,FALSE,FALSE,neither
evm.TU.scaffold_3.186,TRUE,TRUE,maternal zygotic
evm.TU.scaffold_3.1860,FALSE,FALSE,neither
evm.TU.scaffold_3.1861,FALSE,FALSE,neither
evm.TU.scaffold_3.1862,TRUE,TRUE,maternal zygotic
evm.TU.scaffold_3.1863,TRUE,TRUE,maternal zygotic
evm.TU.scaffold_3.1864,FALSE,FALSE,neither
evm.TU.scaffold_3.1865,FALSE,FALSE,neither
evm.TU.scaffold_3.1866,TRUE,TRUE,maternal zygotic
evm.TU.scaffold_3.1868,TRUE,TRUE,maternal zygotic
evm.TU.scaffold_3.1869,FALSE,FALSE,neither
evm.TU.scaffold_3.187,FALSE,FALSE,neither
evm.TU.scaffold_3.1870,TRUE,FALSE,maternal
evm.TU.scaffold_3.1871,FALSE,FALSE,neither
evm.TU.scaffold_3.1872,FALSE,FALSE,neither
evm.TU.scaffold_3.1874,FALSE,FALSE,neither
evm.TU.scaffold_3.1875,FALSE,FALSE,neither
evm.TU.scaffold_3.1876,FALSE,FALSE,neither
evm.TU.scaffold_3.1877,FALSE,FALSE,neither
evm.TU.scaffold_3.1878,FALSE,FALSE,neither
evm.TU.scaffold_3.1879,TRUE,TRUE,maternal zygotic
evm.TU.scaffold_3.188,FALSE,FALSE,neither
evm.TU.scaffold_3.1880,TRUE,TRUE,maternal zygotic
evm.TU.scaffold_3.1881,TRUE,TRUE,maternal zygotic
evm.TU.scaffold_3.1882,TRUE,TRUE,maternal zygotic
evm.TU.scaffold_3.1884,FALSE,FALSE,neither
evm.TU.scaffold_3.1885,FALSE,FALSE,neither
evm.TU.scaffold_3.1888,FALSE,FALSE,neither
evm.TU.scaffold_3.1889,FALSE,FALSE,neither
evm.TU.scaffold_3.1890,FALSE,FALSE,neither
evm.TU.scaffold_3.1891,FALSE,FALSE,neither
evm.TU.scaffold_3.1892,FALSE,FALSE,neither
evm.TU.scaffold_3.1893,TRUE,TRUE,maternal zygotic
evm.TU.scaffold_3.1894,FALSE,FALSE,neither
evm.TU.scaffold_3.1895,FALSE,FALSE,neither
evm.TU.scaffold_3.1896,FALSE,FALSE,neither
evm.TU.scaffold_3.1897,FALSE,FALSE,neither
evm.TU.scaffold_3.1898,TRUE,FALSE,maternal
evm.TU.scaffold_3.1899,TRUE,FALSE,maternal
evm.TU.scaffold_3.1900,FALSE,FALSE,neither
evm.TU.scaffold_3.1901,FALSE,FALSE,neither
evm.TU.scaffold_3.1902,FALSE,FALSE,neither
evm.TU.scaffold_3.1903,FALSE,FALSE,neither
evm.TU.scaffold_3.1904,FALSE,FALSE,neither
evm.TU.scaffold_3.1906,FALSE,FALSE,neither
evm.TU.scaffold_3.1907,TRUE,TRUE,maternal zygotic
evm.TU.scaffold_3.1908,TRUE,TRUE,maternal zygotic
evm.TU.scaffold_3.1909,TRUE,TRUE,maternal zygotic
evm.TU.scaffold_3.1910,TRUE,TRUE,maternal zygotic
evm.TU.scaffold_3.1911,FALSE,TRUE,zygotic
evm.TU.scaffold_3.1912_evm.TU.scaffold_3.1913,TRUE,TRUE,maternal zygotic
evm.TU.scaffold_3.1914,TRUE,TRUE,maternal zygotic
evm.TU.scaffold_3.1915,TRUE,TRUE,maternal zygotic
evm.TU.scaffold_3.1916,TRUE,TRUE,maternal zygotic
evm.TU.scaffold_3.1917,TRUE,TRUE,maternal zygotic
evm.TU.scaffold_3.1918,TRUE,TRUE,maternal zygotic
evm.TU.scaffold_3.1919,TRUE,TRUE,maternal zygotic
evm.TU.scaffold_3.1920,FALSE,FALSE,neither
evm.TU.scaffold_3.1921,FALSE,FALSE,neither
evm.TU.scaffold_3.1922,FALSE,FALSE,neither
evm.TU.scaffold_3.1923,FALSE,FALSE,neither
evm.TU.scaffold_3.1924,FALSE,FALSE,neither
evm.TU.scaffold_3.1925_evm.TU.scaffold_3.1926,FALSE,FALSE,neither
evm.TU.scaffold_3.1927,FALSE,FALSE,neither
evm.TU.scaffold_3.1928,FALSE,FALSE,neither
evm.TU.scaffold_3.1929,FALSE,FALSE,neither
evm.TU.scaffold_3.193,FALSE,FALSE,neither
evm.TU.scaffold_3.1931,FALSE,FALSE,neither
evm.TU.scaffold_3.1933_evm.TU.scaffold_3.1930,FALSE,FALSE,neither
evm.TU.scaffold_3.1934,FALSE,FALSE,neither
evm.TU.scaffold_3.1935,FALSE,FALSE,neither
evm.TU.scaffold_3.1936,FALSE,FALSE,neither
evm.TU.scaffold_3.1937,FALSE,FALSE,neither
evm.TU.scaffold_3.1938_evm.TU.scaffold_3.1939_evm.TU.scaffold_3.1940,FALSE,FALSE,neither
evm.TU.scaffold_3.194,TRUE,TRUE,maternal zygotic
evm.TU.scaffold_3.1941,FALSE,FALSE,neither
evm.TU.scaffold_3.1942,FALSE,FALSE,neither
evm.TU.scaffold_3.1943,FALSE,FALSE,neither
evm.TU.scaffold_3.1944,FALSE,FALSE,neither
evm.TU.scaffold_3.1945,FALSE,FALSE,neither
evm.TU.scaffold_3.1948,FALSE,FALSE,neither
evm.TU.scaffold_3.1949,FALSE,FALSE,neither
evm.TU.scaffold_3.195,FALSE,FALSE,neither
evm.TU.scaffold_3.1950_evm.TU.scaffold_3.1951,FALSE,FALSE,neither
evm.TU.scaffold_3.1952,FALSE,FALSE,neither
evm.TU.scaffold_3.1955,FALSE,FALSE,neither
evm.TU.scaffold_3.1956,FALSE,FALSE,neither
evm.TU.scaffold_3.1957,FALSE,FALSE,neither
evm.TU.scaffold_3.1958,FALSE,FALSE,neither
evm.TU.scaffold_3.1959,FALSE,FALSE,neither
evm.TU.scaffold_3.196,TRUE,TRUE,maternal zygotic
evm.TU.scaffold_3.1960,FALSE,FALSE,neither
evm.TU.scaffold_3.1961,FALSE,FALSE,neither
evm.TU.scaffold_3.1962,FALSE,FALSE,neither
evm.TU.scaffold_3.1963,TRUE,TRUE,maternal zygotic
evm.TU.scaffold_3.1966,TRUE,TRUE,maternal zygotic
evm.TU.scaffold_3.1967,FALSE,FALSE,neither
evm.TU.scaffold_3.1968,FALSE,TRUE,zygotic
evm.TU.scaffold_3.1969,FALSE,TRUE,zygotic
evm.TU.scaffold_3.197,TRUE,TRUE,maternal zygotic
evm.TU.scaffold_3.1970,TRUE,TRUE,maternal zygotic
evm.TU.scaffold_3.1971,TRUE,TRUE,maternal zygotic
evm.TU.scaffold_3.1972,TRUE,TRUE,maternal zygotic
evm.TU.scaffold_3.1973,FALSE,FALSE,neither
evm.TU.scaffold_3.1974,FALSE,FALSE,neither
evm.TU.scaffold_3.1975,FALSE,FALSE,neither
evm.TU.scaffold_3.1976,FALSE,FALSE,neither
evm.TU.scaffold_3.1978,FALSE,FALSE,neither
evm.TU.scaffold_3.1979,TRUE,TRUE,maternal zygotic
evm.TU.scaffold_3.1980,TRUE,TRUE,maternal zygotic
evm.TU.scaffold_3.1981,FALSE,TRUE,zygotic
evm.TU.scaffold_3.1982,TRUE,TRUE,maternal zygotic
evm.TU.scaffold_3.1983,TRUE,FALSE,maternal
evm.TU.scaffold_3.1984,FALSE,FALSE,neither
evm.TU.scaffold_3.1985,TRUE,TRUE,maternal zygotic
evm.TU.scaffold_3.1987,TRUE,TRUE,maternal zygotic
evm.TU.scaffold_3.1988,TRUE,TRUE,maternal zygotic
evm.TU.scaffold_3.1989,TRUE,TRUE,maternal zygotic
evm.TU.scaffold_3.199,FALSE,TRUE,zygotic
evm.TU.scaffold_3.1990,FALSE,FALSE,neither
evm.TU.scaffold_3.1992,FALSE,FALSE,neither
evm.TU.scaffold_3.1993,FALSE,FALSE,neither
evm.TU.scaffold_3.1994,FALSE,FALSE,neither
evm.TU.scaffold_3.1995,FALSE,FALSE,neither
evm.TU.scaffold_3.1996,FALSE,FALSE,neither
evm.TU.scaffold_3.1997,FALSE,FALSE,neither
evm.TU.scaffold_3.1998,FALSE,FALSE,neither
evm.TU.scaffold_3.200,FALSE,FALSE,neither
evm.TU.scaffold_3.2003,FALSE,FALSE,neither
evm.TU.scaffold_3.2004,FALSE,FALSE,neither
evm.TU.scaffold_3.2005,TRUE,TRUE,maternal zygotic
evm.TU.scaffold_3.2006,FALSE,FALSE,neither
evm.TU.scaffold_3.2007,FALSE,FALSE,neither
evm.TU.scaffold_3.2008,FALSE,FALSE,neither
evm.TU.scaffold_3.201,FALSE,FALSE,neither
evm.TU.scaffold_3.2011,FALSE,FALSE,neither
evm.TU.scaffold_3.2012,FALSE,FALSE,neither
evm.TU.scaffold_3.2013,FALSE,FALSE,neither
evm.TU.scaffold_3.2014,FALSE,FALSE,neither
evm.TU.scaffold_3.2015,TRUE,TRUE,maternal zygotic
evm.TU.scaffold_3.2016,FALSE,FALSE,neither
evm.TU.scaffold_3.2017,TRUE,TRUE,maternal zygotic
evm.TU.scaffold_3.2018,FALSE,FALSE,neither
evm.TU.scaffold_3.202,FALSE,FALSE,neither
evm.TU.scaffold_3.2020,FALSE,FALSE,neither
evm.TU.scaffold_3.2021,FALSE,FALSE,neither
evm.TU.scaffold_3.2022,FALSE,FALSE,neither
evm.TU.scaffold_3.2024,FALSE,FALSE,neither
evm.TU.scaffold_3.2025,TRUE,TRUE,maternal zygotic
evm.TU.scaffold_3.2028,FALSE,FALSE,neither
evm.TU.scaffold_3.2029,FALSE,FALSE,neither
evm.TU.scaffold_3.203,FALSE,FALSE,neither
evm.TU.scaffold_3.2030,TRUE,TRUE,maternal zygotic
evm.TU.scaffold_3.2031,TRUE,TRUE,maternal zygotic
evm.TU.scaffold_3.2032,TRUE,TRUE,maternal zygotic
evm.TU.scaffold_3.2033,FALSE,TRUE,zygotic
evm.TU.scaffold_3.2034,FALSE,FALSE,neither
evm.TU.scaffold_3.2035,FALSE,FALSE,neither
evm.TU.scaffold_3.2036,FALSE,FALSE,neither
evm.TU.scaffold_3.2037,FALSE,FALSE,neither
evm.TU.scaffold_3.2039,FALSE,FALSE,neither
evm.TU.scaffold_3.204,FALSE,FALSE,neither
evm.TU.scaffold_3.2040,FALSE,FALSE,neither
evm.TU.scaffold_3.2041,FALSE,FALSE,neither
evm.TU.scaffold_3.2042,FALSE,FALSE,neither
evm.TU.scaffold_3.2043,FALSE,FALSE,neither
evm.TU.scaffold_3.2044,FALSE,FALSE,neither
evm.TU.scaffold_3.2045,TRUE,TRUE,maternal zygotic
evm.TU.scaffold_3.2046,TRUE,TRUE,maternal zygotic
evm.TU.scaffold_3.2047,TRUE,TRUE,maternal zygotic
evm.TU.scaffold_3.2048,TRUE,TRUE,maternal zygotic
evm.TU.scaffold_3.2049,FALSE,FALSE,neither
evm.TU.scaffold_3.205,FALSE,FALSE,neither
evm.TU.scaffold_3.2050,FALSE,FALSE,neither
evm.TU.scaffold_3.2051,FALSE,FALSE,neither
evm.TU.scaffold_3.2052,FALSE,FALSE,neither
evm.TU.scaffold_3.2053,TRUE,TRUE,maternal zygotic
evm.TU.scaffold_3.2054,FALSE,FALSE,neither
evm.TU.scaffold_3.2055,FALSE,FALSE,neither
evm.TU.scaffold_3.2056,TRUE,TRUE,maternal zygotic
evm.TU.scaffold_3.2058,FALSE,FALSE,neither
evm.TU.scaffold_3.2059,TRUE,TRUE,maternal zygotic
evm.TU.scaffold_3.206,TRUE,TRUE,maternal zygotic
evm.TU.scaffold_3.2061,TRUE,TRUE,maternal zygotic
evm.TU.scaffold_3.2062,FALSE,FALSE,neither
evm.TU.scaffold_3.2063,TRUE,TRUE,maternal zygotic
evm.TU.scaffold_3.2064,TRUE,TRUE,maternal zygotic
evm.TU.scaffold_3.2065,FALSE,FALSE,neither
evm.TU.scaffold_3.2066,FALSE,TRUE,zygotic
evm.TU.scaffold_3.2067_evm.TU.scaffold_3.2068_evm.TU.scaffold_3.2069_evm.TU.scaffold_3.2070_evm.TU.scaffold_3.2071_evm.TU.scaffold_3.2072,FALSE,TRUE,zygotic
evm.TU.scaffold_3.207,FALSE,FALSE,neither
evm.TU.scaffold_3.2073,FALSE,FALSE,neither
evm.TU.scaffold_3.2074,FALSE,FALSE,neither
evm.TU.scaffold_3.2075,TRUE,TRUE,maternal zygotic
evm.TU.scaffold_3.2076,TRUE,TRUE,maternal zygotic
evm.TU.scaffold_3.2077,TRUE,TRUE,maternal zygotic
evm.TU.scaffold_3.2078,TRUE,TRUE,maternal zygotic
evm.TU.scaffold_3.2079,TRUE,TRUE,maternal zygotic
evm.TU.scaffold_3.2080,FALSE,FALSE,neither
evm.TU.scaffold_3.2081,FALSE,FALSE,neither
evm.TU.scaffold_3.2082,FALSE,FALSE,neither
evm.TU.scaffold_3.2083,FALSE,FALSE,neither
evm.TU.scaffold_3.2084,FALSE,FALSE,neither
evm.TU.scaffold_3.2085,FALSE,FALSE,neither
evm.TU.scaffold_3.2086,FALSE,FALSE,neither
evm.TU.scaffold_3.2087,FALSE,FALSE,neither
evm.TU.scaffold_3.2088,TRUE,FALSE,maternal
evm.TU.scaffold_3.2089,TRUE,TRUE,maternal zygotic
evm.TU.scaffold_3.209,FALSE,FALSE,neither
evm.TU.scaffold_3.2090,TRUE,TRUE,maternal zygotic
evm.TU.scaffold_3.2091,FALSE,FALSE,neither
evm.TU.scaffold_3.2092,FALSE,FALSE,neither
evm.TU.scaffold_3.2093,TRUE,TRUE,maternal zygotic
evm.TU.scaffold_3.2094,TRUE,TRUE,maternal zygotic
evm.TU.scaffold_3.2095,FALSE,FALSE,neither
evm.TU.scaffold_3.2096,FALSE,FALSE,neither
evm.TU.scaffold_3.2097,FALSE,FALSE,neither
evm.TU.scaffold_3.2098,TRUE,TRUE,maternal zygotic
evm.TU.scaffold_3.2099,TRUE,TRUE,maternal zygotic
evm.TU.scaffold_3.2100,TRUE,TRUE,maternal zygotic
evm.TU.scaffold_3.2101,TRUE,TRUE,maternal zygotic
evm.TU.scaffold_3.2102,FALSE,FALSE,neither
evm.TU.scaffold_3.2103,FALSE,TRUE,zygotic
evm.TU.scaffold_3.2104,FALSE,TRUE,zygotic
evm.TU.scaffold_3.2105,FALSE,FALSE,neither
evm.TU.scaffold_3.2106,FALSE,FALSE,neither
evm.TU.scaffold_3.2107,FALSE,FALSE,neither
evm.TU.scaffold_3.2108,FALSE,FALSE,neither
evm.TU.scaffold_3.2109,FALSE,FALSE,neither
evm.TU.scaffold_3.211,FALSE,FALSE,neither
evm.TU.scaffold_3.2110,TRUE,TRUE,maternal zygotic
evm.TU.scaffold_3.2111,TRUE,FALSE,maternal
evm.TU.scaffold_3.2112,TRUE,TRUE,maternal zygotic
evm.TU.scaffold_3.2113,TRUE,TRUE,maternal zygotic
evm.TU.scaffold_3.2114,TRUE,TRUE,maternal zygotic
evm.TU.scaffold_3.2115,TRUE,TRUE,maternal zygotic
evm.TU.scaffold_3.2116,TRUE,TRUE,maternal zygotic
evm.TU.scaffold_3.2117,TRUE,TRUE,maternal zygotic
evm.TU.scaffold_3.2118,TRUE,FALSE,maternal
evm.TU.scaffold_3.2119,TRUE,TRUE,maternal zygotic
evm.TU.scaffold_3.212,FALSE,FALSE,neither
evm.TU.scaffold_3.2120,TRUE,TRUE,maternal zygotic
evm.TU.scaffold_3.2121,TRUE,TRUE,maternal zygotic
evm.TU.scaffold_3.2122,FALSE,FALSE,neither
evm.TU.scaffold_3.2123,TRUE,TRUE,maternal zygotic
evm.TU.scaffold_3.2124,TRUE,TRUE,maternal zygotic
evm.TU.scaffold_3.2125,TRUE,TRUE,maternal zygotic
evm.TU.scaffold_3.2126,FALSE,FALSE,neither
evm.TU.scaffold_3.2127,FALSE,FALSE,neither
evm.TU.scaffold_3.2128,FALSE,FALSE,neither
evm.TU.scaffold_3.2129,FALSE,FALSE,neither
evm.TU.scaffold_3.213,FALSE,FALSE,neither
evm.TU.scaffold_3.2133,FALSE,FALSE,neither
evm.TU.scaffold_3.2134,TRUE,TRUE,maternal zygotic
evm.TU.scaffold_3.2137,FALSE,FALSE,neither
evm.TU.scaffold_3.2138,FALSE,FALSE,neither
evm.TU.scaffold_3.2139,FALSE,FALSE,neither
evm.TU.scaffold_3.214,FALSE,FALSE,neither
evm.TU.scaffold_3.2140,FALSE,FALSE,neither
evm.TU.scaffold_3.2141,FALSE,FALSE,neither
evm.TU.scaffold_3.2142,FALSE,FALSE,neither
evm.TU.scaffold_3.2143,FALSE,FALSE,neither
evm.TU.scaffold_3.2144,FALSE,FALSE,neither
evm.TU.scaffold_3.2146,FALSE,FALSE,neither
evm.TU.scaffold_3.2148,FALSE,FALSE,neither
evm.TU.scaffold_3.2149,TRUE,TRUE,maternal zygotic
evm.TU.scaffold_3.215,FALSE,FALSE,neither
evm.TU.scaffold_3.2150,FALSE,FALSE,neither
evm.TU.scaffold_3.2151,FALSE,FALSE,neither
evm.TU.scaffold_3.2152,FALSE,FALSE,neither
evm.TU.scaffold_3.2153,FALSE,FALSE,neither
evm.TU.scaffold_3.2154,TRUE,TRUE,maternal zygotic
evm.TU.scaffold_3.2155,TRUE,TRUE,maternal zygotic
evm.TU.scaffold_3.2156,TRUE,TRUE,maternal zygotic
evm.TU.scaffold_3.2157,FALSE,FALSE,neither
evm.TU.scaffold_3.2158,TRUE,TRUE,maternal zygotic
evm.TU.scaffold_3.2159,FALSE,FALSE,neither
evm.TU.scaffold_3.216,FALSE,FALSE,neither
evm.TU.scaffold_3.2160,FALSE,FALSE,neither
evm.TU.scaffold_3.2161,TRUE,TRUE,maternal zygotic
evm.TU.scaffold_3.2162,TRUE,TRUE,maternal zygotic
evm.TU.scaffold_3.2163,TRUE,TRUE,maternal zygotic
evm.TU.scaffold_3.2164,TRUE,TRUE,maternal zygotic
evm.TU.scaffold_3.2165,TRUE,TRUE,maternal zygotic
evm.TU.scaffold_3.2166,TRUE,TRUE,maternal zygotic
evm.TU.scaffold_3.2167,TRUE,TRUE,maternal zygotic
evm.TU.scaffold_3.2168,TRUE,TRUE,maternal zygotic
evm.TU.scaffold_3.2169,TRUE,TRUE,maternal zygotic
evm.TU.scaffold_3.217,TRUE,TRUE,maternal zygotic
evm.TU.scaffold_3.2170,TRUE,TRUE,maternal zygotic
evm.TU.scaffold_3.2171,TRUE,TRUE,maternal zygotic
evm.TU.scaffold_3.2172,TRUE,TRUE,maternal zygotic
evm.TU.scaffold_3.2174,FALSE,FALSE,neither
evm.TU.scaffold_3.2175,FALSE,FALSE,neither
evm.TU.scaffold_3.2177,FALSE,FALSE,neither
evm.TU.scaffold_3.2178,TRUE,TRUE,maternal zygotic
evm.TU.scaffold_3.2179,TRUE,TRUE,maternal zygotic
evm.TU.scaffold_3.218,TRUE,TRUE,maternal zygotic
evm.TU.scaffold_3.2180,TRUE,TRUE,maternal zygotic
evm.TU.scaffold_3.2181,TRUE,TRUE,maternal zygotic
evm.TU.scaffold_3.2182_evm.TU.scaffold_3.2183,TRUE,TRUE,maternal zygotic
evm.TU.scaffold_3.2185,TRUE,TRUE,maternal zygotic
evm.TU.scaffold_3.2186,TRUE,TRUE,maternal zygotic
evm.TU.scaffold_3.2187,TRUE,TRUE,maternal zygotic
evm.TU.scaffold_3.2188,TRUE,TRUE,maternal zygotic
evm.TU.scaffold_3.2189,TRUE,TRUE,maternal zygotic
evm.TU.scaffold_3.219,TRUE,TRUE,maternal zygotic
evm.TU.scaffold_3.2190,TRUE,TRUE,maternal zygotic
evm.TU.scaffold_3.2191,TRUE,TRUE,maternal zygotic
evm.TU.scaffold_3.2192,TRUE,TRUE,maternal zygotic
evm.TU.scaffold_3.2193,TRUE,TRUE,maternal zygotic
evm.TU.scaffold_3.2194,TRUE,TRUE,maternal zygotic
evm.TU.scaffold_3.2195,FALSE,FALSE,neither
evm.TU.scaffold_3.2196,FALSE,FALSE,neither
evm.TU.scaffold_3.2197,FALSE,FALSE,neither
evm.TU.scaffold_3.2198,FALSE,FALSE,neither
evm.TU.scaffold_3.2199,TRUE,TRUE,maternal zygotic
evm.TU.scaffold_3.22,FALSE,FALSE,neither
evm.TU.scaffold_3.220,FALSE,FALSE,neither
evm.TU.scaffold_3.2200,FALSE,TRUE,zygotic
evm.TU.scaffold_3.2202,FALSE,FALSE,neither
evm.TU.scaffold_3.2203,TRUE,TRUE,maternal zygotic
evm.TU.scaffold_3.2204,TRUE,TRUE,maternal zygotic
evm.TU.scaffold_3.2205,FALSE,FALSE,neither
evm.TU.scaffold_3.2206,TRUE,TRUE,maternal zygotic
evm.TU.scaffold_3.2207,FALSE,FALSE,neither
evm.TU.scaffold_3.2208,FALSE,FALSE,neither
evm.TU.scaffold_3.2209,FALSE,FALSE,neither
evm.TU.scaffold_3.221,FALSE,TRUE,zygotic
evm.TU.scaffold_3.2210,TRUE,TRUE,maternal zygotic
evm.TU.scaffold_3.2211,FALSE,FALSE,neither
evm.TU.scaffold_3.2212_evm.TU.scaffold_3.2213,FALSE,FALSE,neither
evm.TU.scaffold_3.2214,FALSE,FALSE,neither
evm.TU.scaffold_3.2215,TRUE,TRUE,maternal zygotic
evm.TU.scaffold_3.2216,TRUE,TRUE,maternal zygotic
evm.TU.scaffold_3.2217,FALSE,FALSE,neither
evm.TU.scaffold_3.2218,TRUE,TRUE,maternal zygotic
evm.TU.scaffold_3.2219,FALSE,FALSE,neither
evm.TU.scaffold_3.2220,FALSE,TRUE,zygotic
evm.TU.scaffold_3.2221,FALSE,FALSE,neither
evm.TU.scaffold_3.2222,TRUE,TRUE,maternal zygotic
evm.TU.scaffold_3.2223,TRUE,TRUE,maternal zygotic
evm.TU.scaffold_3.2224,FALSE,FALSE,neither
evm.TU.scaffold_3.2225,FALSE,FALSE,neither
evm.TU.scaffold_3.2227,FALSE,FALSE,neither
evm.TU.scaffold_3.2228,FALSE,TRUE,zygotic
evm.TU.scaffold_3.2229,FALSE,FALSE,neither
evm.TU.scaffold_3.222_evm.TU.scaffold_3.223,FALSE,TRUE,zygotic
evm.TU.scaffold_3.2230,FALSE,FALSE,neither
evm.TU.scaffold_3.2231,FALSE,FALSE,neither
evm.TU.scaffold_3.2232,FALSE,FALSE,neither
evm.TU.scaffold_3.2233,FALSE,FALSE,neither
evm.TU.scaffold_3.2234,FALSE,FALSE,neither
evm.TU.scaffold_3.2235,FALSE,FALSE,neither
evm.TU.scaffold_3.2236,TRUE,TRUE,maternal zygotic
evm.TU.scaffold_3.2237,TRUE,TRUE,maternal zygotic
evm.TU.scaffold_3.2238,TRUE,TRUE,maternal zygotic
evm.TU.scaffold_3.2239,TRUE,TRUE,maternal zygotic
evm.TU.scaffold_3.224,TRUE,TRUE,maternal zygotic
evm.TU.scaffold_3.2240,TRUE,TRUE,maternal zygotic
evm.TU.scaffold_3.2241,TRUE,TRUE,maternal zygotic
evm.TU.scaffold_3.2242,TRUE,TRUE,maternal zygotic
evm.TU.scaffold_3.2243,TRUE,TRUE,maternal zygotic
evm.TU.scaffold_3.2244,FALSE,FALSE,neither
evm.TU.scaffold_3.2245,FALSE,FALSE,neither
evm.TU.scaffold_3.2246,TRUE,TRUE,maternal zygotic
evm.TU.scaffold_3.2247_evm.TU.scaffold_3.2250,TRUE,TRUE,maternal zygotic
evm.TU.scaffold_3.225,TRUE,TRUE,maternal zygotic
evm.TU.scaffold_3.2251,TRUE,TRUE,maternal zygotic
evm.TU.scaffold_3.2253,FALSE,TRUE,zygotic
evm.TU.scaffold_3.2254,TRUE,TRUE,maternal zygotic
evm.TU.scaffold_3.2255,TRUE,TRUE,maternal zygotic
evm.TU.scaffold_3.2256,FALSE,FALSE,neither
evm.TU.scaffold_3.2259,FALSE,TRUE,zygotic
evm.TU.scaffold_3.2260,TRUE,FALSE,maternal
evm.TU.scaffold_3.2261,TRUE,TRUE,maternal zygotic
evm.TU.scaffold_3.2262,FALSE,FALSE,neither
evm.TU.scaffold_3.2263,FALSE,FALSE,neither
evm.TU.scaffold_3.2264,FALSE,FALSE,neither
evm.TU.scaffold_3.2267,FALSE,FALSE,neither
evm.TU.scaffold_3.2268,FALSE,FALSE,neither
evm.TU.scaffold_3.2269,FALSE,FALSE,neither
evm.TU.scaffold_3.227,TRUE,TRUE,maternal zygotic
evm.TU.scaffold_3.2270,FALSE,FALSE,neither
evm.TU.scaffold_3.2271,FALSE,TRUE,zygotic
evm.TU.scaffold_3.2272,TRUE,TRUE,maternal zygotic
evm.TU.scaffold_3.2273,TRUE,TRUE,maternal zygotic
evm.TU.scaffold_3.2274,TRUE,TRUE,maternal zygotic
evm.TU.scaffold_3.2275,FALSE,FALSE,neither
evm.TU.scaffold_3.2276,TRUE,TRUE,maternal zygotic
evm.TU.scaffold_3.2277,TRUE,TRUE,maternal zygotic
evm.TU.scaffold_3.2278,TRUE,TRUE,maternal zygotic
evm.TU.scaffold_3.2279,TRUE,TRUE,maternal zygotic
evm.TU.scaffold_3.228,TRUE,TRUE,maternal zygotic
evm.TU.scaffold_3.2280,FALSE,FALSE,neither
evm.TU.scaffold_3.2281,FALSE,FALSE,neither
evm.TU.scaffold_3.2282,TRUE,TRUE,maternal zygotic
evm.TU.scaffold_3.2283,TRUE,TRUE,maternal zygotic
evm.TU.scaffold_3.2284,TRUE,TRUE,maternal zygotic
evm.TU.scaffold_3.2285,TRUE,TRUE,maternal zygotic
evm.TU.scaffold_3.2286,TRUE,TRUE,maternal zygotic
evm.TU.scaffold_3.2287,FALSE,FALSE,neither
evm.TU.scaffold_3.2288,FALSE,TRUE,zygotic
evm.TU.scaffold_3.2289,TRUE,TRUE,maternal zygotic
evm.TU.scaffold_3.229,FALSE,TRUE,zygotic
evm.TU.scaffold_3.2290,TRUE,TRUE,maternal zygotic
evm.TU.scaffold_3.2292,FALSE,FALSE,neither
evm.TU.scaffold_3.2295,FALSE,FALSE,neither
evm.TU.scaffold_3.2296,TRUE,TRUE,maternal zygotic
evm.TU.scaffold_3.2297,TRUE,TRUE,maternal zygotic
evm.TU.scaffold_3.2298,TRUE,TRUE,maternal zygotic
evm.TU.scaffold_3.2299,FALSE,FALSE,neither
evm.TU.scaffold_3.23,FALSE,FALSE,neither
evm.TU.scaffold_3.230,FALSE,FALSE,neither
evm.TU.scaffold_3.2300,TRUE,TRUE,maternal zygotic
evm.TU.scaffold_3.2301,TRUE,TRUE,maternal zygotic
evm.TU.scaffold_3.2302,FALSE,FALSE,neither
evm.TU.scaffold_3.2303,TRUE,FALSE,maternal
evm.TU.scaffold_3.2304,TRUE,TRUE,maternal zygotic
evm.TU.scaffold_3.2305,TRUE,TRUE,maternal zygotic
evm.TU.scaffold_3.2308,FALSE,FALSE,neither
evm.TU.scaffold_3.231,FALSE,FALSE,neither
evm.TU.scaffold_3.2310,FALSE,FALSE,neither
evm.TU.scaffold_3.2311,TRUE,TRUE,maternal zygotic
evm.TU.scaffold_3.2312,FALSE,FALSE,neither
evm.TU.scaffold_3.2313,FALSE,FALSE,neither
evm.TU.scaffold_3.2314,TRUE,TRUE,maternal zygotic
evm.TU.scaffold_3.2315,TRUE,TRUE,maternal zygotic
evm.TU.scaffold_3.2316,FALSE,FALSE,neither
evm.TU.scaffold_3.2317,TRUE,TRUE,maternal zygotic
evm.TU.scaffold_3.2318,TRUE,TRUE,maternal zygotic
evm.TU.scaffold_3.2319,TRUE,TRUE,maternal zygotic
evm.TU.scaffold_3.232,FALSE,FALSE,neither
evm.TU.scaffold_3.2320,TRUE,TRUE,maternal zygotic
evm.TU.scaffold_3.2321,FALSE,FALSE,neither
evm.TU.scaffold_3.2322,FALSE,FALSE,neither
evm.TU.scaffold_3.2323,FALSE,FALSE,neither
evm.TU.scaffold_3.2324,FALSE,FALSE,neither
evm.TU.scaffold_3.2325,FALSE,FALSE,neither
evm.TU.scaffold_3.2326,FALSE,FALSE,neither
evm.TU.scaffold_3.2327,FALSE,FALSE,neither
evm.TU.scaffold_3.2328,TRUE,TRUE,maternal zygotic
evm.TU.scaffold_3.2329,TRUE,TRUE,maternal zygotic
evm.TU.scaffold_3.233,FALSE,FALSE,neither
evm.TU.scaffold_3.2330,TRUE,TRUE,maternal zygotic
evm.TU.scaffold_3.2331,TRUE,TRUE,maternal zygotic
evm.TU.scaffold_3.2332,TRUE,TRUE,maternal zygotic
evm.TU.scaffold_3.2333,TRUE,TRUE,maternal zygotic
evm.TU.scaffold_3.2334,TRUE,TRUE,maternal zygotic
evm.TU.scaffold_3.2335,FALSE,FALSE,neither
evm.TU.scaffold_3.2336,FALSE,FALSE,neither
evm.TU.scaffold_3.2337,FALSE,FALSE,neither
evm.TU.scaffold_3.2338,FALSE,FALSE,neither
evm.TU.scaffold_3.234,FALSE,FALSE,neither
evm.TU.scaffold_3.2340,FALSE,FALSE,neither
evm.TU.scaffold_3.2341,FALSE,FALSE,neither
evm.TU.scaffold_3.2342,FALSE,FALSE,neither
evm.TU.scaffold_3.2343,TRUE,TRUE,maternal zygotic
evm.TU.scaffold_3.2344,TRUE,TRUE,maternal zygotic
evm.TU.scaffold_3.2345,TRUE,FALSE,maternal
evm.TU.scaffold_3.2346,TRUE,TRUE,maternal zygotic
evm.TU.scaffold_3.2347,TRUE,TRUE,maternal zygotic
evm.TU.scaffold_3.2348,TRUE,TRUE,maternal zygotic
evm.TU.scaffold_3.2349,TRUE,TRUE,maternal zygotic
evm.TU.scaffold_3.235,FALSE,FALSE,neither
evm.TU.scaffold_3.2351,TRUE,TRUE,maternal zygotic
evm.TU.scaffold_3.2352,FALSE,FALSE,neither
evm.TU.scaffold_3.2353,FALSE,FALSE,neither
evm.TU.scaffold_3.2354,FALSE,FALSE,neither
evm.TU.scaffold_3.2355,FALSE,FALSE,neither
evm.TU.scaffold_3.2356,FALSE,FALSE,neither
evm.TU.scaffold_3.2357,FALSE,FALSE,neither
evm.TU.scaffold_3.2358,TRUE,TRUE,maternal zygotic
evm.TU.scaffold_3.2359,TRUE,TRUE,maternal zygotic
evm.TU.scaffold_3.236,FALSE,FALSE,neither
evm.TU.scaffold_3.2360,TRUE,TRUE,maternal zygotic
evm.TU.scaffold_3.2361,TRUE,TRUE,maternal zygotic
evm.TU.scaffold_3.2362,FALSE,FALSE,neither
evm.TU.scaffold_3.2363,TRUE,FALSE,maternal
evm.TU.scaffold_3.2364,TRUE,TRUE,maternal zygotic
evm.TU.scaffold_3.2365,FALSE,FALSE,neither
evm.TU.scaffold_3.2366,TRUE,TRUE,maternal zygotic
evm.TU.scaffold_3.2368,TRUE,FALSE,maternal
evm.TU.scaffold_3.2369,TRUE,TRUE,maternal zygotic
evm.TU.scaffold_3.2370,FALSE,FALSE,neither
evm.TU.scaffold_3.2371,TRUE,TRUE,maternal zygotic
evm.TU.scaffold_3.2373,TRUE,TRUE,maternal zygotic
evm.TU.scaffold_3.2374,TRUE,TRUE,maternal zygotic
evm.TU.scaffold_3.2375,TRUE,TRUE,maternal zygotic
evm.TU.scaffold_3.2376,TRUE,TRUE,maternal zygotic
evm.TU.scaffold_3.2377,TRUE,TRUE,maternal zygotic
evm.TU.scaffold_3.2378,FALSE,FALSE,neither
evm.TU.scaffold_3.2379,FALSE,FALSE,neither
evm.TU.scaffold_3.2380,FALSE,FALSE,neither
evm.TU.scaffold_3.2381,FALSE,FALSE,neither
evm.TU.scaffold_3.2382,FALSE,FALSE,neither
evm.TU.scaffold_3.2383,FALSE,FALSE,neither
evm.TU.scaffold_3.2384,FALSE,FALSE,neither
evm.TU.scaffold_3.2385,FALSE,FALSE,neither
evm.TU.scaffold_3.2386,FALSE,FALSE,neither
evm.TU.scaffold_3.2389,FALSE,FALSE,neither
evm.TU.scaffold_3.239,FALSE,FALSE,neither
evm.TU.scaffold_3.2390,TRUE,TRUE,maternal zygotic
evm.TU.scaffold_3.2391,FALSE,FALSE,neither
evm.TU.scaffold_3.2392,FALSE,FALSE,neither
evm.TU.scaffold_3.2393,FALSE,FALSE,neither
evm.TU.scaffold_3.2394,FALSE,FALSE,neither
evm.TU.scaffold_3.2395,TRUE,TRUE,maternal zygotic
evm.TU.scaffold_3.2396,FALSE,FALSE,neither
evm.TU.scaffold_3.2397,FALSE,FALSE,neither
evm.TU.scaffold_3.2398,TRUE,FALSE,maternal
evm.TU.scaffold_3.2399,FALSE,FALSE,neither
evm.TU.scaffold_3.240,FALSE,FALSE,neither
evm.TU.scaffold_3.2400,FALSE,FALSE,neither
evm.TU.scaffold_3.2401,FALSE,FALSE,neither
evm.TU.scaffold_3.2402,FALSE,FALSE,neither
evm.TU.scaffold_3.2403,FALSE,FALSE,neither
evm.TU.scaffold_3.2404,FALSE,FALSE,neither
evm.TU.scaffold_3.2405,TRUE,TRUE,maternal zygotic
evm.TU.scaffold_3.2406,TRUE,TRUE,maternal zygotic
evm.TU.scaffold_3.2407,FALSE,FALSE,neither
evm.TU.scaffold_3.2408,TRUE,TRUE,maternal zygotic
evm.TU.scaffold_3.2409,TRUE,TRUE,maternal zygotic
evm.TU.scaffold_3.241,FALSE,FALSE,neither
evm.TU.scaffold_3.2411,FALSE,FALSE,neither
evm.TU.scaffold_3.2412,FALSE,FALSE,neither
evm.TU.scaffold_3.2413,FALSE,FALSE,neither
evm.TU.scaffold_3.2414,TRUE,FALSE,maternal
evm.TU.scaffold_3.2415,FALSE,FALSE,neither
evm.TU.scaffold_3.2416,FALSE,FALSE,neither
evm.TU.scaffold_3.2417,FALSE,FALSE,neither
evm.TU.scaffold_3.2418,FALSE,FALSE,neither
evm.TU.scaffold_3.2419,TRUE,TRUE,maternal zygotic
evm.TU.scaffold_3.242,TRUE,TRUE,maternal zygotic
evm.TU.scaffold_3.2420,TRUE,TRUE,maternal zygotic
evm.TU.scaffold_3.2421,TRUE,TRUE,maternal zygotic
evm.TU.scaffold_3.2422,TRUE,TRUE,maternal zygotic
evm.TU.scaffold_3.2423,FALSE,FALSE,neither
evm.TU.scaffold_3.2424,FALSE,FALSE,neither
evm.TU.scaffold_3.2425,FALSE,FALSE,neither
evm.TU.scaffold_3.2426,FALSE,FALSE,neither
evm.TU.scaffold_3.2427,FALSE,FALSE,neither
evm.TU.scaffold_3.2428,FALSE,FALSE,neither
evm.TU.scaffold_3.2429,TRUE,TRUE,maternal zygotic
evm.TU.scaffold_3.243,FALSE,FALSE,neither
evm.TU.scaffold_3.2430,TRUE,TRUE,maternal zygotic
evm.TU.scaffold_3.2431,TRUE,TRUE,maternal zygotic
evm.TU.scaffold_3.2432,FALSE,FALSE,neither
evm.TU.scaffold_3.2433,FALSE,FALSE,neither
evm.TU.scaffold_3.2434,FALSE,FALSE,neither
evm.TU.scaffold_3.2435,FALSE,TRUE,zygotic
evm.TU.scaffold_3.2436,FALSE,FALSE,neither
evm.TU.scaffold_3.2437,TRUE,TRUE,maternal zygotic
evm.TU.scaffold_3.2438,FALSE,FALSE,neither
evm.TU.scaffold_3.2439,FALSE,FALSE,neither
evm.TU.scaffold_3.244,FALSE,TRUE,zygotic
evm.TU.scaffold_3.2440,FALSE,FALSE,neither
evm.TU.scaffold_3.2441,FALSE,TRUE,zygotic
evm.TU.scaffold_3.2443,TRUE,TRUE,maternal zygotic
evm.TU.scaffold_3.2444,FALSE,FALSE,neither
evm.TU.scaffold_3.2445,TRUE,TRUE,maternal zygotic
evm.TU.scaffold_3.2446,TRUE,TRUE,maternal zygotic
evm.TU.scaffold_3.2447,FALSE,FALSE,neither
evm.TU.scaffold_3.245,TRUE,TRUE,maternal zygotic
evm.TU.scaffold_3.2450,FALSE,FALSE,neither
evm.TU.scaffold_3.2451,FALSE,FALSE,neither
evm.TU.scaffold_3.2452,FALSE,FALSE,neither
evm.TU.scaffold_3.2453,FALSE,FALSE,neither
evm.TU.scaffold_3.2454,FALSE,FALSE,neither
evm.TU.scaffold_3.2455,FALSE,FALSE,neither
evm.TU.scaffold_3.2456,FALSE,FALSE,neither
evm.TU.scaffold_3.2457,TRUE,TRUE,maternal zygotic
evm.TU.scaffold_3.2458,TRUE,TRUE,maternal zygotic
evm.TU.scaffold_3.2459,TRUE,TRUE,maternal zygotic
evm.TU.scaffold_3.246,FALSE,FALSE,neither
evm.TU.scaffold_3.2465,FALSE,FALSE,neither
evm.TU.scaffold_3.2466,FALSE,FALSE,neither
evm.TU.scaffold_3.2467,FALSE,FALSE,neither
evm.TU.scaffold_3.2468,FALSE,FALSE,neither
evm.TU.scaffold_3.2469,TRUE,TRUE,maternal zygotic
evm.TU.scaffold_3.247,FALSE,FALSE,neither
evm.TU.scaffold_3.2470,TRUE,TRUE,maternal zygotic
evm.TU.scaffold_3.2471,TRUE,TRUE,maternal zygotic
evm.TU.scaffold_3.2472,TRUE,TRUE,maternal zygotic
evm.TU.scaffold_3.2473,FALSE,FALSE,neither
evm.TU.scaffold_3.2474,TRUE,TRUE,maternal zygotic
evm.TU.scaffold_3.2476,FALSE,FALSE,neither
evm.TU.scaffold_3.2477,FALSE,FALSE,neither
evm.TU.scaffold_3.2479,FALSE,FALSE,neither
evm.TU.scaffold_3.248,TRUE,TRUE,maternal zygotic
evm.TU.scaffold_3.2480,TRUE,FALSE,maternal
evm.TU.scaffold_3.2481,FALSE,FALSE,neither
evm.TU.scaffold_3.2482,FALSE,FALSE,neither
evm.TU.scaffold_3.2483,FALSE,FALSE,neither
evm.TU.scaffold_3.2484,FALSE,FALSE,neither
evm.TU.scaffold_3.2485,FALSE,TRUE,zygotic
evm.TU.scaffold_3.2486,TRUE,FALSE,maternal
evm.TU.scaffold_3.2487,TRUE,TRUE,maternal zygotic
evm.TU.scaffold_3.2488,FALSE,FALSE,neither
evm.TU.scaffold_3.2489,FALSE,FALSE,neither
evm.TU.scaffold_3.249,TRUE,TRUE,maternal zygotic
evm.TU.scaffold_3.2490,FALSE,TRUE,zygotic
evm.TU.scaffold_3.2494,FALSE,FALSE,neither
evm.TU.scaffold_3.2496,FALSE,FALSE,neither
evm.TU.scaffold_3.2497,TRUE,TRUE,maternal zygotic
evm.TU.scaffold_3.2498,TRUE,TRUE,maternal zygotic
evm.TU.scaffold_3.2499,TRUE,TRUE,maternal zygotic
evm.TU.scaffold_3.25,FALSE,FALSE,neither
evm.TU.scaffold_3.250,TRUE,TRUE,maternal zygotic
evm.TU.scaffold_3.2500,TRUE,TRUE,maternal zygotic
evm.TU.scaffold_3.2501,TRUE,TRUE,maternal zygotic
evm.TU.scaffold_3.2503,TRUE,TRUE,maternal zygotic
evm.TU.scaffold_3.2504,FALSE,FALSE,neither
evm.TU.scaffold_3.2507,FALSE,FALSE,neither
evm.TU.scaffold_3.2509,TRUE,TRUE,maternal zygotic
evm.TU.scaffold_3.251,TRUE,TRUE,maternal zygotic
evm.TU.scaffold_3.2510,FALSE,FALSE,neither
evm.TU.scaffold_3.2511,TRUE,FALSE,maternal
evm.TU.scaffold_3.2512,TRUE,FALSE,maternal
evm.TU.scaffold_3.2513,TRUE,TRUE,maternal zygotic
evm.TU.scaffold_3.2514,TRUE,TRUE,maternal zygotic
evm.TU.scaffold_3.2515,TRUE,TRUE,maternal zygotic
evm.TU.scaffold_3.2516,TRUE,TRUE,maternal zygotic
evm.TU.scaffold_3.2517,TRUE,TRUE,maternal zygotic
evm.TU.scaffold_3.2518,TRUE,TRUE,maternal zygotic
evm.TU.scaffold_3.2519,FALSE,FALSE,neither
evm.TU.scaffold_3.252,FALSE,FALSE,neither
evm.TU.scaffold_3.2520,FALSE,TRUE,zygotic
evm.TU.scaffold_3.2521,TRUE,TRUE,maternal zygotic
evm.TU.scaffold_3.2522_evm.TU.scaffold_3.2525,FALSE,TRUE,zygotic
evm.TU.scaffold_3.2523,FALSE,FALSE,neither
evm.TU.scaffold_3.2524,FALSE,FALSE,neither
evm.TU.scaffold_3.2526,FALSE,TRUE,zygotic
evm.TU.scaffold_3.2527,FALSE,FALSE,neither
evm.TU.scaffold_3.2528,FALSE,FALSE,neither
evm.TU.scaffold_3.2529,FALSE,FALSE,neither
evm.TU.scaffold_3.253,TRUE,TRUE,maternal zygotic
evm.TU.scaffold_3.2530,TRUE,TRUE,maternal zygotic
evm.TU.scaffold_3.2531,FALSE,FALSE,neither
evm.TU.scaffold_3.2532,TRUE,TRUE,maternal zygotic
evm.TU.scaffold_3.2533,FALSE,FALSE,neither
evm.TU.scaffold_3.2534,TRUE,TRUE,maternal zygotic
evm.TU.scaffold_3.2535,FALSE,FALSE,neither
evm.TU.scaffold_3.2536,FALSE,FALSE,neither
evm.TU.scaffold_3.2537,FALSE,FALSE,neither
evm.TU.scaffold_3.2538,FALSE,FALSE,neither
evm.TU.scaffold_3.2539,FALSE,FALSE,neither
evm.TU.scaffold_3.254,FALSE,FALSE,neither
evm.TU.scaffold_3.2540,FALSE,FALSE,neither
evm.TU.scaffold_3.2541,FALSE,FALSE,neither
evm.TU.scaffold_3.2542,FALSE,FALSE,neither
evm.TU.scaffold_3.2543,FALSE,FALSE,neither
evm.TU.scaffold_3.2544,FALSE,FALSE,neither
evm.TU.scaffold_3.2545,FALSE,FALSE,neither
evm.TU.scaffold_3.2546,TRUE,TRUE,maternal zygotic
evm.TU.scaffold_3.2547,FALSE,FALSE,neither
evm.TU.scaffold_3.2548a,FALSE,TRUE,zygotic
evm.TU.scaffold_3.2548b,FALSE,TRUE,zygotic
evm.TU.scaffold_3.2549,FALSE,FALSE,neither
evm.TU.scaffold_3.255,FALSE,FALSE,neither
evm.TU.scaffold_3.2550,FALSE,FALSE,neither
evm.TU.scaffold_3.2551,FALSE,FALSE,neither
evm.TU.scaffold_3.2552,TRUE,TRUE,maternal zygotic
evm.TU.scaffold_3.2553,TRUE,TRUE,maternal zygotic
evm.TU.scaffold_3.2554,FALSE,FALSE,neither
evm.TU.scaffold_3.2555,FALSE,FALSE,neither
evm.TU.scaffold_3.2556,FALSE,FALSE,neither
evm.TU.scaffold_3.2557,FALSE,FALSE,neither
evm.TU.scaffold_3.2558,FALSE,FALSE,neither
evm.TU.scaffold_3.2559,FALSE,FALSE,neither
evm.TU.scaffold_3.256,FALSE,FALSE,neither
evm.TU.scaffold_3.2560,FALSE,FALSE,neither
evm.TU.scaffold_3.2561,TRUE,TRUE,maternal zygotic
evm.TU.scaffold_3.2562,TRUE,TRUE,maternal zygotic
evm.TU.scaffold_3.2564,FALSE,FALSE,neither
evm.TU.scaffold_3.2565,FALSE,FALSE,neither
evm.TU.scaffold_3.2566,TRUE,TRUE,maternal zygotic
evm.TU.scaffold_3.2567,TRUE,TRUE,maternal zygotic
evm.TU.scaffold_3.2568,FALSE,FALSE,neither
evm.TU.scaffold_3.2569,FALSE,FALSE,neither
evm.TU.scaffold_3.257,TRUE,TRUE,maternal zygotic
evm.TU.scaffold_3.2570,FALSE,TRUE,zygotic
evm.TU.scaffold_3.2573,TRUE,TRUE,maternal zygotic
evm.TU.scaffold_3.2574,TRUE,TRUE,maternal zygotic
evm.TU.scaffold_3.2575,FALSE,TRUE,zygotic
evm.TU.scaffold_3.2576,FALSE,FALSE,neither
evm.TU.scaffold_3.2577,FALSE,FALSE,neither
evm.TU.scaffold_3.2578,FALSE,FALSE,neither
evm.TU.scaffold_3.2579,FALSE,FALSE,neither
evm.TU.scaffold_3.258,TRUE,TRUE,maternal zygotic
evm.TU.scaffold_3.2580_evm.TU.scaffold_3.2581,FALSE,FALSE,neither
evm.TU.scaffold_3.2582,FALSE,FALSE,neither
evm.TU.scaffold_3.2583,FALSE,FALSE,neither
evm.TU.scaffold_3.2584,TRUE,TRUE,maternal zygotic
evm.TU.scaffold_3.2585,TRUE,TRUE,maternal zygotic
evm.TU.scaffold_3.2586,TRUE,TRUE,maternal zygotic
evm.TU.scaffold_3.2587,TRUE,TRUE,maternal zygotic
evm.TU.scaffold_3.2589,TRUE,TRUE,maternal zygotic
evm.TU.scaffold_3.259,FALSE,FALSE,neither
evm.TU.scaffold_3.2590,TRUE,TRUE,maternal zygotic
evm.TU.scaffold_3.2591,TRUE,TRUE,maternal zygotic
evm.TU.scaffold_3.2592,TRUE,TRUE,maternal zygotic
evm.TU.scaffold_3.2594,TRUE,TRUE,maternal zygotic
evm.TU.scaffold_3.2595,TRUE,TRUE,maternal zygotic
evm.TU.scaffold_3.2596,TRUE,TRUE,maternal zygotic
evm.TU.scaffold_3.2597,TRUE,TRUE,maternal zygotic
evm.TU.scaffold_3.2598,TRUE,TRUE,maternal zygotic
evm.TU.scaffold_3.2599,FALSE,FALSE,neither
evm.TU.scaffold_3.26,FALSE,FALSE,neither
evm.TU.scaffold_3.260,FALSE,FALSE,neither
evm.TU.scaffold_3.2600,FALSE,FALSE,neither
evm.TU.scaffold_3.2601,FALSE,FALSE,neither
evm.TU.scaffold_3.2602,FALSE,FALSE,neither
evm.TU.scaffold_3.2603,FALSE,FALSE,neither
evm.TU.scaffold_3.2604,TRUE,TRUE,maternal zygotic
evm.TU.scaffold_3.2605,TRUE,TRUE,maternal zygotic
evm.TU.scaffold_3.2606,TRUE,FALSE,maternal
evm.TU.scaffold_3.2607,TRUE,TRUE,maternal zygotic
evm.TU.scaffold_3.2608,TRUE,TRUE,maternal zygotic
evm.TU.scaffold_3.2609,TRUE,FALSE,maternal
evm.TU.scaffold_3.261,FALSE,FALSE,neither
evm.TU.scaffold_3.2610,TRUE,TRUE,maternal zygotic
evm.TU.scaffold_3.2611,FALSE,FALSE,neither
evm.TU.scaffold_3.2612,FALSE,FALSE,neither
evm.TU.scaffold_3.2613,FALSE,FALSE,neither
evm.TU.scaffold_3.2614,TRUE,TRUE,maternal zygotic
evm.TU.scaffold_3.2615,FALSE,FALSE,neither
evm.TU.scaffold_3.2616,FALSE,FALSE,neither
evm.TU.scaffold_3.2617,TRUE,TRUE,maternal zygotic
evm.TU.scaffold_3.2619,FALSE,FALSE,neither
evm.TU.scaffold_3.262,FALSE,FALSE,neither
evm.TU.scaffold_3.2620,FALSE,FALSE,neither
evm.TU.scaffold_3.2621,FALSE,FALSE,neither
evm.TU.scaffold_3.2622,FALSE,FALSE,neither
evm.TU.scaffold_3.2623,FALSE,TRUE,zygotic
evm.TU.scaffold_3.2624,TRUE,TRUE,maternal zygotic
evm.TU.scaffold_3.2625,FALSE,FALSE,neither
evm.TU.scaffold_3.2626,FALSE,FALSE,neither
evm.TU.scaffold_3.2627,TRUE,TRUE,maternal zygotic
evm.TU.scaffold_3.2628,TRUE,TRUE,maternal zygotic
evm.TU.scaffold_3.2629,TRUE,TRUE,maternal zygotic
evm.TU.scaffold_3.263,FALSE,FALSE,neither
evm.TU.scaffold_3.2630,TRUE,TRUE,maternal zygotic
evm.TU.scaffold_3.2631,TRUE,TRUE,maternal zygotic
evm.TU.scaffold_3.2632,FALSE,FALSE,neither
evm.TU.scaffold_3.2633,TRUE,TRUE,maternal zygotic
evm.TU.scaffold_3.2635,FALSE,FALSE,neither
evm.TU.scaffold_3.2636,TRUE,FALSE,maternal
evm.TU.scaffold_3.2638,TRUE,TRUE,maternal zygotic
evm.TU.scaffold_3.264,FALSE,FALSE,neither
evm.TU.scaffold_3.2640,TRUE,TRUE,maternal zygotic
evm.TU.scaffold_3.2641,TRUE,TRUE,maternal zygotic
evm.TU.scaffold_3.2642,TRUE,TRUE,maternal zygotic
evm.TU.scaffold_3.2643,TRUE,TRUE,maternal zygotic
evm.TU.scaffold_3.2644,TRUE,TRUE,maternal zygotic
evm.TU.scaffold_3.2645,FALSE,FALSE,neither
evm.TU.scaffold_3.2646,TRUE,TRUE,maternal zygotic
evm.TU.scaffold_3.2647,FALSE,FALSE,neither
evm.TU.scaffold_3.2648,FALSE,FALSE,neither
evm.TU.scaffold_3.2649,FALSE,FALSE,neither
evm.TU.scaffold_3.265,FALSE,FALSE,neither
evm.TU.scaffold_3.2650,TRUE,TRUE,maternal zygotic
evm.TU.scaffold_3.2651,TRUE,TRUE,maternal zygotic
evm.TU.scaffold_3.2652,FALSE,FALSE,neither
evm.TU.scaffold_3.2653,FALSE,FALSE,neither
evm.TU.scaffold_3.2654,FALSE,FALSE,neither
evm.TU.scaffold_3.2657,FALSE,FALSE,neither
evm.TU.scaffold_3.2658,FALSE,FALSE,neither
evm.TU.scaffold_3.2659,TRUE,TRUE,maternal zygotic
evm.TU.scaffold_3.266,FALSE,FALSE,neither
evm.TU.scaffold_3.2660,TRUE,TRUE,maternal zygotic
evm.TU.scaffold_3.2661,TRUE,TRUE,maternal zygotic
evm.TU.scaffold_3.2662,TRUE,TRUE,maternal zygotic
evm.TU.scaffold_3.2663,TRUE,TRUE,maternal zygotic
evm.TU.scaffold_3.2664,FALSE,TRUE,zygotic
evm.TU.scaffold_3.2665,TRUE,TRUE,maternal zygotic
evm.TU.scaffold_3.2666,TRUE,TRUE,maternal zygotic
evm.TU.scaffold_3.2667,TRUE,TRUE,maternal zygotic
evm.TU.scaffold_3.2668,FALSE,FALSE,neither
evm.TU.scaffold_3.267,FALSE,FALSE,neither
evm.TU.scaffold_3.2670,FALSE,FALSE,neither
evm.TU.scaffold_3.2675,FALSE,FALSE,neither
evm.TU.scaffold_3.2676,FALSE,FALSE,neither
evm.TU.scaffold_3.2678,FALSE,FALSE,neither
evm.TU.scaffold_3.268,FALSE,FALSE,neither
evm.TU.scaffold_3.2681,FALSE,FALSE,neither
evm.TU.scaffold_3.2682,FALSE,FALSE,neither
evm.TU.scaffold_3.2684,FALSE,FALSE,neither
evm.TU.scaffold_3.2687,FALSE,FALSE,neither
evm.TU.scaffold_3.2688,FALSE,FALSE,neither
evm.TU.scaffold_3.2689,FALSE,FALSE,neither
evm.TU.scaffold_3.2694,FALSE,FALSE,neither
evm.TU.scaffold_3.2695,FALSE,FALSE,neither
evm.TU.scaffold_3.2696,FALSE,FALSE,neither
evm.TU.scaffold_3.2697,TRUE,TRUE,maternal zygotic
evm.TU.scaffold_3.2698,TRUE,TRUE,maternal zygotic
evm.TU.scaffold_3.2699,TRUE,TRUE,maternal zygotic
evm.TU.scaffold_3.27,FALSE,FALSE,neither
evm.TU.scaffold_3.270,FALSE,FALSE,neither
evm.TU.scaffold_3.2701,TRUE,TRUE,maternal zygotic
evm.TU.scaffold_3.2702,TRUE,TRUE,maternal zygotic
evm.TU.scaffold_3.2703,TRUE,TRUE,maternal zygotic
evm.TU.scaffold_3.2704,TRUE,TRUE,maternal zygotic
evm.TU.scaffold_3.2705,TRUE,TRUE,maternal zygotic
evm.TU.scaffold_3.2706,TRUE,TRUE,maternal zygotic
evm.TU.scaffold_3.2707,TRUE,TRUE,maternal zygotic
evm.TU.scaffold_3.271,FALSE,FALSE,neither
evm.TU.scaffold_3.2710,FALSE,FALSE,neither
evm.TU.scaffold_3.2712,FALSE,FALSE,neither
evm.TU.scaffold_3.2713,FALSE,FALSE,neither
evm.TU.scaffold_3.2715,FALSE,FALSE,neither
evm.TU.scaffold_3.2718,FALSE,FALSE,neither
evm.TU.scaffold_3.272,FALSE,FALSE,neither
evm.TU.scaffold_3.2720,FALSE,FALSE,neither
evm.TU.scaffold_3.2721,FALSE,FALSE,neither
evm.TU.scaffold_3.2722,FALSE,FALSE,neither
evm.TU.scaffold_3.2725,FALSE,FALSE,neither
evm.TU.scaffold_3.2727,FALSE,FALSE,neither
evm.TU.scaffold_3.2728,FALSE,FALSE,neither
evm.TU.scaffold_3.2729,FALSE,FALSE,neither
evm.TU.scaffold_3.273,FALSE,FALSE,neither
evm.TU.scaffold_3.2733,FALSE,FALSE,neither
evm.TU.scaffold_3.2735,FALSE,FALSE,neither
evm.TU.scaffold_3.2736,FALSE,FALSE,neither
evm.TU.scaffold_3.2737,FALSE,FALSE,neither
evm.TU.scaffold_3.2739,FALSE,FALSE,neither
evm.TU.scaffold_3.274,FALSE,FALSE,neither
evm.TU.scaffold_3.2740,FALSE,FALSE,neither
evm.TU.scaffold_3.2741,FALSE,FALSE,neither
evm.TU.scaffold_3.2743,FALSE,FALSE,neither
evm.TU.scaffold_3.2744,FALSE,FALSE,neither
evm.TU.scaffold_3.2745,FALSE,FALSE,neither
evm.TU.scaffold_3.2746,FALSE,FALSE,neither
evm.TU.scaffold_3.2747,FALSE,FALSE,neither
evm.TU.scaffold_3.2749,FALSE,FALSE,neither
evm.TU.scaffold_3.275,FALSE,TRUE,zygotic
evm.TU.scaffold_3.2750,FALSE,FALSE,neither
evm.TU.scaffold_3.2751,FALSE,FALSE,neither
evm.TU.scaffold_3.2752,FALSE,FALSE,neither
evm.TU.scaffold_3.2754,FALSE,FALSE,neither
evm.TU.scaffold_3.2756,FALSE,FALSE,neither
evm.TU.scaffold_3.2757,FALSE,FALSE,neither
evm.TU.scaffold_3.2758,TRUE,TRUE,maternal zygotic
evm.TU.scaffold_3.2759,TRUE,TRUE,maternal zygotic
evm.TU.scaffold_3.276,FALSE,FALSE,neither
evm.TU.scaffold_3.2760,TRUE,TRUE,maternal zygotic
evm.TU.scaffold_3.2761,TRUE,TRUE,maternal zygotic
evm.TU.scaffold_3.2762,TRUE,TRUE,maternal zygotic
evm.TU.scaffold_3.2763,TRUE,TRUE,maternal zygotic
evm.TU.scaffold_3.2764,FALSE,TRUE,zygotic
evm.TU.scaffold_3.2765,FALSE,FALSE,neither
evm.TU.scaffold_3.2766,TRUE,TRUE,maternal zygotic
evm.TU.scaffold_3.2767,TRUE,TRUE,maternal zygotic
evm.TU.scaffold_3.2768,FALSE,FALSE,neither
evm.TU.scaffold_3.2769,FALSE,FALSE,neither
evm.TU.scaffold_3.277,FALSE,FALSE,neither
evm.TU.scaffold_3.2770,FALSE,FALSE,neither
evm.TU.scaffold_3.2771,TRUE,TRUE,maternal zygotic
evm.TU.scaffold_3.2772,TRUE,TRUE,maternal zygotic
evm.TU.scaffold_3.2773,TRUE,TRUE,maternal zygotic
evm.TU.scaffold_3.2774,FALSE,FALSE,neither
evm.TU.scaffold_3.2775,FALSE,FALSE,neither
evm.TU.scaffold_3.2776,FALSE,FALSE,neither
evm.TU.scaffold_3.2777,FALSE,FALSE,neither
evm.TU.scaffold_3.2779,FALSE,FALSE,neither
evm.TU.scaffold_3.278,FALSE,FALSE,neither
evm.TU.scaffold_3.2780,FALSE,FALSE,neither
evm.TU.scaffold_3.2781,TRUE,FALSE,maternal
evm.TU.scaffold_3.2782,FALSE,FALSE,neither
evm.TU.scaffold_3.2783,FALSE,FALSE,neither
evm.TU.scaffold_3.2785,FALSE,FALSE,neither
evm.TU.scaffold_3.2786,FALSE,FALSE,neither
evm.TU.scaffold_3.2787,FALSE,FALSE,neither
evm.TU.scaffold_3.2788,FALSE,FALSE,neither
evm.TU.scaffold_3.279,FALSE,FALSE,neither
evm.TU.scaffold_3.2793,FALSE,FALSE,neither
evm.TU.scaffold_3.2794,FALSE,FALSE,neither
evm.TU.scaffold_3.2795,FALSE,FALSE,neither
evm.TU.scaffold_3.2796,FALSE,FALSE,neither
evm.TU.scaffold_3.2797,FALSE,FALSE,neither
evm.TU.scaffold_3.2798,FALSE,FALSE,neither
evm.TU.scaffold_3.2799,TRUE,TRUE,maternal zygotic
evm.TU.scaffold_3.28,FALSE,FALSE,neither
evm.TU.scaffold_3.280,FALSE,FALSE,neither
evm.TU.scaffold_3.2800,TRUE,TRUE,maternal zygotic
evm.TU.scaffold_3.2801,FALSE,FALSE,neither
evm.TU.scaffold_3.2802,TRUE,TRUE,maternal zygotic
evm.TU.scaffold_3.2803,FALSE,FALSE,neither
evm.TU.scaffold_3.2804,FALSE,FALSE,neither
evm.TU.scaffold_3.2805,TRUE,FALSE,maternal
evm.TU.scaffold_3.2806,FALSE,FALSE,neither
evm.TU.scaffold_3.2807,FALSE,FALSE,neither
evm.TU.scaffold_3.2808,TRUE,FALSE,maternal
evm.TU.scaffold_3.2809,TRUE,TRUE,maternal zygotic
evm.TU.scaffold_3.281,FALSE,FALSE,neither
evm.TU.scaffold_3.2811,FALSE,FALSE,neither
evm.TU.scaffold_3.2813,FALSE,FALSE,neither
evm.TU.scaffold_3.2815,FALSE,FALSE,neither
evm.TU.scaffold_3.2817,FALSE,FALSE,neither
evm.TU.scaffold_3.2818,FALSE,FALSE,neither
evm.TU.scaffold_3.2819,FALSE,TRUE,zygotic
evm.TU.scaffold_3.282,FALSE,FALSE,neither
evm.TU.scaffold_3.2820,FALSE,FALSE,neither
evm.TU.scaffold_3.2821,TRUE,TRUE,maternal zygotic
evm.TU.scaffold_3.2822,TRUE,TRUE,maternal zygotic
evm.TU.scaffold_3.2823,TRUE,TRUE,maternal zygotic
evm.TU.scaffold_3.2824,FALSE,FALSE,neither
evm.TU.scaffold_3.2825,FALSE,FALSE,neither
evm.TU.scaffold_3.2826_evm.TU.scaffold_3.2827,FALSE,TRUE,zygotic
evm.TU.scaffold_3.2828,FALSE,FALSE,neither
evm.TU.scaffold_3.2829,FALSE,TRUE,zygotic
evm.TU.scaffold_3.283,FALSE,FALSE,neither
evm.TU.scaffold_3.2830,FALSE,FALSE,neither
evm.TU.scaffold_3.2831,TRUE,FALSE,maternal
evm.TU.scaffold_3.2832,TRUE,FALSE,maternal
evm.TU.scaffold_3.2833,FALSE,FALSE,neither
evm.TU.scaffold_3.2834,FALSE,FALSE,neither
evm.TU.scaffold_3.2835,FALSE,FALSE,neither
evm.TU.scaffold_3.2836,FALSE,FALSE,neither
evm.TU.scaffold_3.2837,FALSE,FALSE,neither
evm.TU.scaffold_3.2838,FALSE,FALSE,neither
evm.TU.scaffold_3.2842,FALSE,FALSE,neither
evm.TU.scaffold_3.2843,FALSE,FALSE,neither
evm.TU.scaffold_3.2844,FALSE,FALSE,neither
evm.TU.scaffold_3.2845,FALSE,FALSE,neither
evm.TU.scaffold_3.2846,FALSE,FALSE,neither
evm.TU.scaffold_3.2847,FALSE,FALSE,neither
evm.TU.scaffold_3.2848,TRUE,TRUE,maternal zygotic
evm.TU.scaffold_3.2849,TRUE,TRUE,maternal zygotic
evm.TU.scaffold_3.285,FALSE,FALSE,neither
evm.TU.scaffold_3.2850,TRUE,TRUE,maternal zygotic
evm.TU.scaffold_3.2851,TRUE,TRUE,maternal zygotic
evm.TU.scaffold_3.2852,TRUE,TRUE,maternal zygotic
evm.TU.scaffold_3.2853,TRUE,TRUE,maternal zygotic
evm.TU.scaffold_3.2854,TRUE,TRUE,maternal zygotic
evm.TU.scaffold_3.2855,FALSE,FALSE,neither
evm.TU.scaffold_3.2856,TRUE,TRUE,maternal zygotic
evm.TU.scaffold_3.2857,TRUE,TRUE,maternal zygotic
evm.TU.scaffold_3.2858,FALSE,FALSE,neither
evm.TU.scaffold_3.286,FALSE,FALSE,neither
evm.TU.scaffold_3.2861,FALSE,TRUE,zygotic
evm.TU.scaffold_3.2862,TRUE,TRUE,maternal zygotic
evm.TU.scaffold_3.2863,FALSE,FALSE,neither
evm.TU.scaffold_3.2864,FALSE,FALSE,neither
evm.TU.scaffold_3.2865,TRUE,TRUE,maternal zygotic
evm.TU.scaffold_3.2866,TRUE,TRUE,maternal zygotic
evm.TU.scaffold_3.2868,FALSE,FALSE,neither
evm.TU.scaffold_3.2869,FALSE,FALSE,neither
evm.TU.scaffold_3.287,FALSE,FALSE,neither
evm.TU.scaffold_3.2870,FALSE,FALSE,neither
evm.TU.scaffold_3.2871,FALSE,FALSE,neither
evm.TU.scaffold_3.2872,FALSE,TRUE,zygotic
evm.TU.scaffold_3.2873,FALSE,FALSE,neither
evm.TU.scaffold_3.2874,FALSE,FALSE,neither
evm.TU.scaffold_3.2875,FALSE,TRUE,zygotic
evm.TU.scaffold_3.2876,FALSE,FALSE,neither
evm.TU.scaffold_3.2877,FALSE,FALSE,neither
evm.TU.scaffold_3.2878,FALSE,FALSE,neither
evm.TU.scaffold_3.2882,FALSE,FALSE,neither
evm.TU.scaffold_3.2884,FALSE,FALSE,neither
evm.TU.scaffold_3.2886,FALSE,FALSE,neither
evm.TU.scaffold_3.2888,TRUE,TRUE,maternal zygotic
evm.TU.scaffold_3.2889,FALSE,FALSE,neither
evm.TU.scaffold_3.2894,FALSE,FALSE,neither
evm.TU.scaffold_3.2900,FALSE,TRUE,zygotic
evm.TU.scaffold_3.2908,FALSE,FALSE,neither
evm.TU.scaffold_3.2909,FALSE,FALSE,neither
evm.TU.scaffold_3.2912,FALSE,FALSE,neither
evm.TU.scaffold_3.2915,FALSE,FALSE,neither
evm.TU.scaffold_3.2924,FALSE,FALSE,neither
evm.TU.scaffold_3.2927,FALSE,FALSE,neither
evm.TU.scaffold_3.2928,FALSE,FALSE,neither
evm.TU.scaffold_3.2929,FALSE,FALSE,neither
evm.TU.scaffold_3.2930,FALSE,FALSE,neither
evm.TU.scaffold_3.2931,FALSE,FALSE,neither
evm.TU.scaffold_3.2932,FALSE,FALSE,neither
evm.TU.scaffold_3.2933,FALSE,TRUE,zygotic
evm.TU.scaffold_3.2934,FALSE,FALSE,neither
evm.TU.scaffold_3.2935,FALSE,TRUE,zygotic
evm.TU.scaffold_3.2936,FALSE,TRUE,zygotic
evm.TU.scaffold_3.2937,FALSE,TRUE,zygotic
evm.TU.scaffold_3.2938,FALSE,FALSE,neither
evm.TU.scaffold_3.2939,FALSE,FALSE,neither
evm.TU.scaffold_3.294,FALSE,FALSE,neither
evm.TU.scaffold_3.2941,FALSE,TRUE,zygotic
evm.TU.scaffold_3.2943,TRUE,TRUE,maternal zygotic
evm.TU.scaffold_3.2944,FALSE,FALSE,neither
evm.TU.scaffold_3.2945,FALSE,FALSE,neither
evm.TU.scaffold_3.2946,FALSE,FALSE,neither
evm.TU.scaffold_3.2947,FALSE,FALSE,neither
evm.TU.scaffold_3.2948,FALSE,FALSE,neither
evm.TU.scaffold_3.2949,FALSE,FALSE,neither
evm.TU.scaffold_3.295,FALSE,FALSE,neither
evm.TU.scaffold_3.2951,FALSE,FALSE,neither
evm.TU.scaffold_3.2952,FALSE,FALSE,neither
evm.TU.scaffold_3.2953,FALSE,FALSE,neither
evm.TU.scaffold_3.2954,FALSE,FALSE,neither
evm.TU.scaffold_3.2955,TRUE,TRUE,maternal zygotic
evm.TU.scaffold_3.2956,TRUE,TRUE,maternal zygotic
evm.TU.scaffold_3.2957,FALSE,FALSE,neither
evm.TU.scaffold_3.2958,FALSE,FALSE,neither
evm.TU.scaffold_3.296,FALSE,FALSE,neither
evm.TU.scaffold_3.2960,FALSE,FALSE,neither
evm.TU.scaffold_3.2961,FALSE,TRUE,zygotic
evm.TU.scaffold_3.2962,FALSE,FALSE,neither
evm.TU.scaffold_3.2963,TRUE,TRUE,maternal zygotic
evm.TU.scaffold_3.2964,TRUE,TRUE,maternal zygotic
evm.TU.scaffold_3.2965,TRUE,TRUE,maternal zygotic
evm.TU.scaffold_3.2966,TRUE,TRUE,maternal zygotic
evm.TU.scaffold_3.2967,TRUE,TRUE,maternal zygotic
evm.TU.scaffold_3.2968,FALSE,FALSE,neither
evm.TU.scaffold_3.297,TRUE,TRUE,maternal zygotic
evm.TU.scaffold_3.298,TRUE,TRUE,maternal zygotic
evm.TU.scaffold_3.299,TRUE,TRUE,maternal zygotic
evm.TU.scaffold_3.3,FALSE,FALSE,neither
evm.TU.scaffold_3.300,TRUE,TRUE,maternal zygotic
evm.TU.scaffold_3.301,TRUE,TRUE,maternal zygotic
evm.TU.scaffold_3.302,TRUE,TRUE,maternal zygotic
evm.TU.scaffold_3.303,FALSE,TRUE,zygotic
evm.TU.scaffold_3.306,TRUE,TRUE,maternal zygotic
evm.TU.scaffold_3.307,FALSE,FALSE,neither
evm.TU.scaffold_3.308,TRUE,TRUE,maternal zygotic
evm.TU.scaffold_3.309,TRUE,TRUE,maternal zygotic
evm.TU.scaffold_3.310,TRUE,TRUE,maternal zygotic
evm.TU.scaffold_3.311,FALSE,FALSE,neither
evm.TU.scaffold_3.312,FALSE,FALSE,neither
evm.TU.scaffold_3.314,FALSE,FALSE,neither
evm.TU.scaffold_3.315,FALSE,FALSE,neither
evm.TU.scaffold_3.316,FALSE,FALSE,neither
evm.TU.scaffold_3.317,FALSE,TRUE,zygotic
evm.TU.scaffold_3.318,FALSE,FALSE,neither
evm.TU.scaffold_3.319,FALSE,FALSE,neither
evm.TU.scaffold_3.32,FALSE,FALSE,neither
evm.TU.scaffold_3.320,FALSE,FALSE,neither
evm.TU.scaffold_3.321,FALSE,FALSE,neither
evm.TU.scaffold_3.322,FALSE,FALSE,neither
evm.TU.scaffold_3.323,FALSE,FALSE,neither
evm.TU.scaffold_3.324,FALSE,FALSE,neither
evm.TU.scaffold_3.325,FALSE,FALSE,neither
evm.TU.scaffold_3.326,TRUE,TRUE,maternal zygotic
evm.TU.scaffold_3.327,FALSE,FALSE,neither
evm.TU.scaffold_3.328,FALSE,FALSE,neither
evm.TU.scaffold_3.329,TRUE,TRUE,maternal zygotic
evm.TU.scaffold_3.330,FALSE,TRUE,zygotic
evm.TU.scaffold_3.331,TRUE,TRUE,maternal zygotic
evm.TU.scaffold_3.332,TRUE,TRUE,maternal zygotic
evm.TU.scaffold_3.333,TRUE,TRUE,maternal zygotic
evm.TU.scaffold_3.334,TRUE,TRUE,maternal zygotic
evm.TU.scaffold_3.335,FALSE,FALSE,neither
evm.TU.scaffold_3.336,FALSE,FALSE,neither
evm.TU.scaffold_3.337,TRUE,TRUE,maternal zygotic
evm.TU.scaffold_3.338,TRUE,TRUE,maternal zygotic
evm.TU.scaffold_3.339,TRUE,TRUE,maternal zygotic
evm.TU.scaffold_3.34,FALSE,FALSE,neither
evm.TU.scaffold_3.340,FALSE,TRUE,zygotic
evm.TU.scaffold_3.341,FALSE,FALSE,neither
evm.TU.scaffold_3.342,TRUE,TRUE,maternal zygotic
evm.TU.scaffold_3.343,TRUE,TRUE,maternal zygotic
evm.TU.scaffold_3.344,TRUE,TRUE,maternal zygotic
evm.TU.scaffold_3.345,TRUE,TRUE,maternal zygotic
evm.TU.scaffold_3.346_evm.TU.scaffold_3.347,TRUE,TRUE,maternal zygotic
evm.TU.scaffold_3.348,FALSE,FALSE,neither
evm.TU.scaffold_3.349,FALSE,FALSE,neither
evm.TU.scaffold_3.35,FALSE,FALSE,neither
evm.TU.scaffold_3.350,FALSE,FALSE,neither
evm.TU.scaffold_3.351,TRUE,TRUE,maternal zygotic
evm.TU.scaffold_3.352,FALSE,FALSE,neither
evm.TU.scaffold_3.353,TRUE,TRUE,maternal zygotic
evm.TU.scaffold_3.354,FALSE,FALSE,neither
evm.TU.scaffold_3.355,FALSE,FALSE,neither
evm.TU.scaffold_3.356,FALSE,FALSE,neither
evm.TU.scaffold_3.357,FALSE,FALSE,neither
evm.TU.scaffold_3.358,TRUE,TRUE,maternal zygotic
evm.TU.scaffold_3.359,FALSE,FALSE,neither
evm.TU.scaffold_3.363,FALSE,FALSE,neither
evm.TU.scaffold_3.365,FALSE,FALSE,neither
evm.TU.scaffold_3.368,FALSE,TRUE,zygotic
evm.TU.scaffold_3.369,FALSE,FALSE,neither
evm.TU.scaffold_3.370,FALSE,FALSE,neither
evm.TU.scaffold_3.371,FALSE,FALSE,neither
evm.TU.scaffold_3.372,FALSE,FALSE,neither
evm.TU.scaffold_3.373,FALSE,FALSE,neither
evm.TU.scaffold_3.374,TRUE,TRUE,maternal zygotic
evm.TU.scaffold_3.375,FALSE,FALSE,neither
evm.TU.scaffold_3.376,FALSE,FALSE,neither
evm.TU.scaffold_3.377,FALSE,FALSE,neither
evm.TU.scaffold_3.378,FALSE,FALSE,neither
evm.TU.scaffold_3.379,FALSE,FALSE,neither
evm.TU.scaffold_3.380,FALSE,FALSE,neither
evm.TU.scaffold_3.381,TRUE,TRUE,maternal zygotic
evm.TU.scaffold_3.382,FALSE,FALSE,neither
evm.TU.scaffold_3.383,FALSE,FALSE,neither
evm.TU.scaffold_3.384,FALSE,FALSE,neither
evm.TU.scaffold_3.385,FALSE,FALSE,neither
evm.TU.scaffold_3.386,FALSE,FALSE,neither
evm.TU.scaffold_3.387,FALSE,FALSE,neither
evm.TU.scaffold_3.388,TRUE,FALSE,maternal
evm.TU.scaffold_3.389,FALSE,FALSE,neither
evm.TU.scaffold_3.39,FALSE,FALSE,neither
evm.TU.scaffold_3.390,TRUE,FALSE,maternal
evm.TU.scaffold_3.391,TRUE,FALSE,maternal
evm.TU.scaffold_3.392,FALSE,FALSE,neither
evm.TU.scaffold_3.393,TRUE,TRUE,maternal zygotic
evm.TU.scaffold_3.394,TRUE,TRUE,maternal zygotic
evm.TU.scaffold_3.395,TRUE,TRUE,maternal zygotic
evm.TU.scaffold_3.396,FALSE,FALSE,neither
evm.TU.scaffold_3.397,TRUE,TRUE,maternal zygotic
evm.TU.scaffold_3.398,FALSE,TRUE,zygotic
evm.TU.scaffold_3.399,FALSE,FALSE,neither
evm.TU.scaffold_3.4,FALSE,FALSE,neither
evm.TU.scaffold_3.400,FALSE,TRUE,zygotic
evm.TU.scaffold_3.401,FALSE,FALSE,neither
evm.TU.scaffold_3.402,FALSE,FALSE,neither
evm.TU.scaffold_3.403,FALSE,FALSE,neither
evm.TU.scaffold_3.404,FALSE,FALSE,neither
evm.TU.scaffold_3.405,FALSE,FALSE,neither
evm.TU.scaffold_3.406,TRUE,TRUE,maternal zygotic
evm.TU.scaffold_3.407,TRUE,TRUE,maternal zygotic
evm.TU.scaffold_3.409,FALSE,FALSE,neither
evm.TU.scaffold_3.41,FALSE,FALSE,neither
evm.TU.scaffold_3.410,FALSE,FALSE,neither
evm.TU.scaffold_3.411,FALSE,FALSE,neither
evm.TU.scaffold_3.412,FALSE,FALSE,neither
evm.TU.scaffold_3.413,TRUE,FALSE,maternal
evm.TU.scaffold_3.414,TRUE,TRUE,maternal zygotic
evm.TU.scaffold_3.416,TRUE,TRUE,maternal zygotic
evm.TU.scaffold_3.421,TRUE,TRUE,maternal zygotic
evm.TU.scaffold_3.422,TRUE,TRUE,maternal zygotic
evm.TU.scaffold_3.423,TRUE,TRUE,maternal zygotic
evm.TU.scaffold_3.424,TRUE,TRUE,maternal zygotic
evm.TU.scaffold_3.425,TRUE,TRUE,maternal zygotic
evm.TU.scaffold_3.426,TRUE,TRUE,maternal zygotic
evm.TU.scaffold_3.427,TRUE,TRUE,maternal zygotic
evm.TU.scaffold_3.428,FALSE,FALSE,neither
evm.TU.scaffold_3.429,TRUE,FALSE,maternal
evm.TU.scaffold_3.43,FALSE,FALSE,neither
evm.TU.scaffold_3.430,FALSE,FALSE,neither
evm.TU.scaffold_3.431,TRUE,TRUE,maternal zygotic
evm.TU.scaffold_3.432,FALSE,FALSE,neither
evm.TU.scaffold_3.433,TRUE,TRUE,maternal zygotic
evm.TU.scaffold_3.434,TRUE,TRUE,maternal zygotic
evm.TU.scaffold_3.435,TRUE,TRUE,maternal zygotic
evm.TU.scaffold_3.436,FALSE,FALSE,neither
evm.TU.scaffold_3.437,TRUE,TRUE,maternal zygotic
evm.TU.scaffold_3.438,TRUE,TRUE,maternal zygotic
evm.TU.scaffold_3.439,FALSE,FALSE,neither
evm.TU.scaffold_3.440,TRUE,TRUE,maternal zygotic
evm.TU.scaffold_3.441,FALSE,FALSE,neither
evm.TU.scaffold_3.442,FALSE,FALSE,neither
evm.TU.scaffold_3.444,TRUE,TRUE,maternal zygotic
evm.TU.scaffold_3.445,TRUE,TRUE,maternal zygotic
evm.TU.scaffold_3.446,FALSE,FALSE,neither
evm.TU.scaffold_3.447,FALSE,FALSE,neither
evm.TU.scaffold_3.448,FALSE,FALSE,neither
evm.TU.scaffold_3.449,FALSE,FALSE,neither
evm.TU.scaffold_3.45,FALSE,FALSE,neither
evm.TU.scaffold_3.450,TRUE,TRUE,maternal zygotic
evm.TU.scaffold_3.451,TRUE,TRUE,maternal zygotic
evm.TU.scaffold_3.452,TRUE,TRUE,maternal zygotic
evm.TU.scaffold_3.453,FALSE,FALSE,neither
evm.TU.scaffold_3.454,FALSE,FALSE,neither
evm.TU.scaffold_3.455,FALSE,FALSE,neither
evm.TU.scaffold_3.456,FALSE,FALSE,neither
evm.TU.scaffold_3.457,FALSE,FALSE,neither
evm.TU.scaffold_3.458,FALSE,FALSE,neither
evm.TU.scaffold_3.459,FALSE,FALSE,neither
evm.TU.scaffold_3.460,FALSE,FALSE,neither
evm.TU.scaffold_3.461,FALSE,FALSE,neither
evm.TU.scaffold_3.463,FALSE,FALSE,neither
evm.TU.scaffold_3.464,TRUE,TRUE,maternal zygotic
evm.TU.scaffold_3.465,TRUE,TRUE,maternal zygotic
evm.TU.scaffold_3.466,TRUE,TRUE,maternal zygotic
evm.TU.scaffold_3.467,FALSE,FALSE,neither
evm.TU.scaffold_3.468,FALSE,FALSE,neither
evm.TU.scaffold_3.469,TRUE,TRUE,maternal zygotic
evm.TU.scaffold_3.47,FALSE,FALSE,neither
evm.TU.scaffold_3.470,FALSE,TRUE,zygotic
evm.TU.scaffold_3.471,FALSE,TRUE,zygotic
evm.TU.scaffold_3.477,TRUE,TRUE,maternal zygotic
evm.TU.scaffold_3.478,FALSE,FALSE,neither
evm.TU.scaffold_3.479,FALSE,FALSE,neither
evm.TU.scaffold_3.48,TRUE,TRUE,maternal zygotic
evm.TU.scaffold_3.480,FALSE,FALSE,neither
evm.TU.scaffold_3.481,FALSE,FALSE,neither
evm.TU.scaffold_3.482,FALSE,FALSE,neither
evm.TU.scaffold_3.484,FALSE,FALSE,neither
evm.TU.scaffold_3.486,FALSE,FALSE,neither
evm.TU.scaffold_3.487_evm.TU.scaffold_3.488_evm.TU.scaffold_3.489,FALSE,FALSE,neither
evm.TU.scaffold_3.49,FALSE,FALSE,neither
evm.TU.scaffold_3.490,FALSE,FALSE,neither
evm.TU.scaffold_3.491,FALSE,FALSE,neither
evm.TU.scaffold_3.492,FALSE,FALSE,neither
evm.TU.scaffold_3.493,TRUE,TRUE,maternal zygotic
evm.TU.scaffold_3.494,TRUE,TRUE,maternal zygotic
evm.TU.scaffold_3.495,FALSE,FALSE,neither
evm.TU.scaffold_3.496,TRUE,TRUE,maternal zygotic
evm.TU.scaffold_3.498,FALSE,FALSE,neither
evm.TU.scaffold_3.499,TRUE,TRUE,maternal zygotic
evm.TU.scaffold_3.5,FALSE,FALSE,neither
evm.TU.scaffold_3.500,FALSE,FALSE,neither
evm.TU.scaffold_3.501,FALSE,FALSE,neither
evm.TU.scaffold_3.502,TRUE,TRUE,maternal zygotic
evm.TU.scaffold_3.503,TRUE,TRUE,maternal zygotic
evm.TU.scaffold_3.504,TRUE,TRUE,maternal zygotic
evm.TU.scaffold_3.505,TRUE,TRUE,maternal zygotic
evm.TU.scaffold_3.506,TRUE,TRUE,maternal zygotic
evm.TU.scaffold_3.507,TRUE,TRUE,maternal zygotic
evm.TU.scaffold_3.508,TRUE,TRUE,maternal zygotic
evm.TU.scaffold_3.509,TRUE,TRUE,maternal zygotic
evm.TU.scaffold_3.51,FALSE,FALSE,neither
evm.TU.scaffold_3.510,TRUE,TRUE,maternal zygotic
evm.TU.scaffold_3.511,TRUE,TRUE,maternal zygotic
evm.TU.scaffold_3.512,TRUE,TRUE,maternal zygotic
evm.TU.scaffold_3.513,TRUE,TRUE,maternal zygotic
evm.TU.scaffold_3.514,TRUE,TRUE,maternal zygotic
evm.TU.scaffold_3.515,TRUE,TRUE,maternal zygotic
evm.TU.scaffold_3.516,TRUE,TRUE,maternal zygotic
evm.TU.scaffold_3.517,FALSE,FALSE,neither
evm.TU.scaffold_3.518,TRUE,TRUE,maternal zygotic
evm.TU.scaffold_3.519,FALSE,FALSE,neither
evm.TU.scaffold_3.52,TRUE,TRUE,maternal zygotic
evm.TU.scaffold_3.520,TRUE,TRUE,maternal zygotic
evm.TU.scaffold_3.521,TRUE,TRUE,maternal zygotic
evm.TU.scaffold_3.522,FALSE,FALSE,neither
evm.TU.scaffold_3.523,FALSE,FALSE,neither
evm.TU.scaffold_3.524,FALSE,FALSE,neither
evm.TU.scaffold_3.525_evm.TU.scaffold_3.526,FALSE,FALSE,neither
evm.TU.scaffold_3.527,FALSE,FALSE,neither
evm.TU.scaffold_3.528,FALSE,FALSE,neither
evm.TU.scaffold_3.529,FALSE,FALSE,neither
evm.TU.scaffold_3.53,TRUE,TRUE,maternal zygotic
evm.TU.scaffold_3.530,TRUE,TRUE,maternal zygotic
evm.TU.scaffold_3.531,TRUE,TRUE,maternal zygotic
evm.TU.scaffold_3.532,TRUE,TRUE,maternal zygotic
evm.TU.scaffold_3.533,TRUE,TRUE,maternal zygotic
evm.TU.scaffold_3.534,FALSE,FALSE,neither
evm.TU.scaffold_3.535,FALSE,FALSE,neither
evm.TU.scaffold_3.536,TRUE,TRUE,maternal zygotic
evm.TU.scaffold_3.539,TRUE,TRUE,maternal zygotic
evm.TU.scaffold_3.54,TRUE,TRUE,maternal zygotic
evm.TU.scaffold_3.540,TRUE,TRUE,maternal zygotic
evm.TU.scaffold_3.541,TRUE,TRUE,maternal zygotic
evm.TU.scaffold_3.542,FALSE,TRUE,zygotic
evm.TU.scaffold_3.544,FALSE,TRUE,zygotic
evm.TU.scaffold_3.547,FALSE,FALSE,neither
evm.TU.scaffold_3.548,FALSE,FALSE,neither
evm.TU.scaffold_3.549,FALSE,FALSE,neither
evm.TU.scaffold_3.55,TRUE,TRUE,maternal zygotic
evm.TU.scaffold_3.550,FALSE,FALSE,neither
evm.TU.scaffold_3.551,FALSE,FALSE,neither
evm.TU.scaffold_3.552,FALSE,FALSE,neither
evm.TU.scaffold_3.553,FALSE,FALSE,neither
evm.TU.scaffold_3.554,FALSE,FALSE,neither
evm.TU.scaffold_3.555,FALSE,FALSE,neither
evm.TU.scaffold_3.556,FALSE,FALSE,neither
evm.TU.scaffold_3.558,TRUE,TRUE,maternal zygotic
evm.TU.scaffold_3.559,TRUE,TRUE,maternal zygotic
evm.TU.scaffold_3.56,FALSE,FALSE,neither
evm.TU.scaffold_3.560,FALSE,FALSE,neither
evm.TU.scaffold_3.563,FALSE,FALSE,neither
evm.TU.scaffold_3.564,FALSE,FALSE,neither
evm.TU.scaffold_3.565,FALSE,FALSE,neither
evm.TU.scaffold_3.567,FALSE,TRUE,zygotic
evm.TU.scaffold_3.57,FALSE,FALSE,neither
evm.TU.scaffold_3.572,FALSE,FALSE,neither
evm.TU.scaffold_3.573,FALSE,TRUE,zygotic
evm.TU.scaffold_3.574,TRUE,TRUE,maternal zygotic
evm.TU.scaffold_3.575,TRUE,TRUE,maternal zygotic
evm.TU.scaffold_3.576,TRUE,TRUE,maternal zygotic
evm.TU.scaffold_3.577,TRUE,TRUE,maternal zygotic
evm.TU.scaffold_3.578,TRUE,TRUE,maternal zygotic
evm.TU.scaffold_3.579,TRUE,TRUE,maternal zygotic
evm.TU.scaffold_3.58,FALSE,FALSE,neither
evm.TU.scaffold_3.580,FALSE,FALSE,neither
evm.TU.scaffold_3.581,TRUE,TRUE,maternal zygotic
evm.TU.scaffold_3.582,FALSE,FALSE,neither
evm.TU.scaffold_3.583,FALSE,TRUE,zygotic
evm.TU.scaffold_3.584,FALSE,TRUE,zygotic
evm.TU.scaffold_3.585,TRUE,TRUE,maternal zygotic
evm.TU.scaffold_3.587,FALSE,TRUE,zygotic
evm.TU.scaffold_3.588,FALSE,FALSE,neither
evm.TU.scaffold_3.589,TRUE,TRUE,maternal zygotic
evm.TU.scaffold_3.59,FALSE,FALSE,neither
evm.TU.scaffold_3.590,FALSE,FALSE,neither
evm.TU.scaffold_3.591,FALSE,FALSE,neither
evm.TU.scaffold_3.592,FALSE,FALSE,neither
evm.TU.scaffold_3.593,FALSE,FALSE,neither
evm.TU.scaffold_3.594,FALSE,FALSE,neither
evm.TU.scaffold_3.595,FALSE,TRUE,zygotic
evm.TU.scaffold_3.596,FALSE,FALSE,neither
evm.TU.scaffold_3.597,FALSE,FALSE,neither
evm.TU.scaffold_3.598,FALSE,FALSE,neither
evm.TU.scaffold_3.60,FALSE,FALSE,neither
evm.TU.scaffold_3.601,FALSE,FALSE,neither
evm.TU.scaffold_3.602,TRUE,TRUE,maternal zygotic
evm.TU.scaffold_3.603,TRUE,TRUE,maternal zygotic
evm.TU.scaffold_3.604,TRUE,FALSE,maternal
evm.TU.scaffold_3.605,TRUE,TRUE,maternal zygotic
evm.TU.scaffold_3.606,TRUE,TRUE,maternal zygotic
evm.TU.scaffold_3.607,TRUE,TRUE,maternal zygotic
evm.TU.scaffold_3.608,TRUE,TRUE,maternal zygotic
evm.TU.scaffold_3.609,TRUE,TRUE,maternal zygotic
evm.TU.scaffold_3.61,TRUE,TRUE,maternal zygotic
evm.TU.scaffold_3.610,TRUE,TRUE,maternal zygotic
evm.TU.scaffold_3.611,TRUE,TRUE,maternal zygotic
evm.TU.scaffold_3.612,TRUE,TRUE,maternal zygotic
evm.TU.scaffold_3.613,FALSE,FALSE,neither
evm.TU.scaffold_3.614,FALSE,FALSE,neither
evm.TU.scaffold_3.615,TRUE,TRUE,maternal zygotic
evm.TU.scaffold_3.616,TRUE,TRUE,maternal zygotic
evm.TU.scaffold_3.617,TRUE,TRUE,maternal zygotic
evm.TU.scaffold_3.618,TRUE,TRUE,maternal zygotic
evm.TU.scaffold_3.619,TRUE,TRUE,maternal zygotic
evm.TU.scaffold_3.62,FALSE,FALSE,neither
evm.TU.scaffold_3.620,TRUE,TRUE,maternal zygotic
evm.TU.scaffold_3.621,FALSE,FALSE,neither
evm.TU.scaffold_3.622,TRUE,TRUE,maternal zygotic
evm.TU.scaffold_3.623,TRUE,TRUE,maternal zygotic
evm.TU.scaffold_3.624,FALSE,FALSE,neither
evm.TU.scaffold_3.625,TRUE,TRUE,maternal zygotic
evm.TU.scaffold_3.626,TRUE,TRUE,maternal zygotic
evm.TU.scaffold_3.627,TRUE,FALSE,maternal
evm.TU.scaffold_3.628,TRUE,TRUE,maternal zygotic
evm.TU.scaffold_3.629,TRUE,TRUE,maternal zygotic
evm.TU.scaffold_3.63,FALSE,FALSE,neither
evm.TU.scaffold_3.630,TRUE,TRUE,maternal zygotic
evm.TU.scaffold_3.631,TRUE,TRUE,maternal zygotic
evm.TU.scaffold_3.632,TRUE,TRUE,maternal zygotic
evm.TU.scaffold_3.633_evm.TU.scaffold_3.634,TRUE,TRUE,maternal zygotic
evm.TU.scaffold_3.635,TRUE,TRUE,maternal zygotic
evm.TU.scaffold_3.636,FALSE,FALSE,neither
evm.TU.scaffold_3.638,FALSE,FALSE,neither
evm.TU.scaffold_3.64,FALSE,FALSE,neither
evm.TU.scaffold_3.640,FALSE,FALSE,neither
evm.TU.scaffold_3.641,FALSE,FALSE,neither
evm.TU.scaffold_3.642,TRUE,TRUE,maternal zygotic
evm.TU.scaffold_3.643,TRUE,TRUE,maternal zygotic
evm.TU.scaffold_3.644,FALSE,FALSE,neither
evm.TU.scaffold_3.645,FALSE,FALSE,neither
evm.TU.scaffold_3.646,FALSE,FALSE,neither
evm.TU.scaffold_3.647,FALSE,FALSE,neither
evm.TU.scaffold_3.649_evm.TU.scaffold_3.650,FALSE,FALSE,neither
evm.TU.scaffold_3.65,FALSE,FALSE,neither
evm.TU.scaffold_3.651,FALSE,FALSE,neither
evm.TU.scaffold_3.652,TRUE,TRUE,maternal zygotic
evm.TU.scaffold_3.653,FALSE,FALSE,neither
evm.TU.scaffold_3.654,FALSE,FALSE,neither
evm.TU.scaffold_3.655,TRUE,TRUE,maternal zygotic
evm.TU.scaffold_3.656,FALSE,FALSE,neither
evm.TU.scaffold_3.657,FALSE,FALSE,neither
evm.TU.scaffold_3.659,FALSE,FALSE,neither
evm.TU.scaffold_3.66,TRUE,TRUE,maternal zygotic
evm.TU.scaffold_3.660,FALSE,FALSE,neither
evm.TU.scaffold_3.661,FALSE,FALSE,neither
evm.TU.scaffold_3.664,TRUE,TRUE,maternal zygotic
evm.TU.scaffold_3.665,FALSE,FALSE,neither
evm.TU.scaffold_3.667,FALSE,FALSE,neither
evm.TU.scaffold_3.67,TRUE,TRUE,maternal zygotic
evm.TU.scaffold_3.672,TRUE,TRUE,maternal zygotic
evm.TU.scaffold_3.673,TRUE,TRUE,maternal zygotic
evm.TU.scaffold_3.674,TRUE,TRUE,maternal zygotic
evm.TU.scaffold_3.675,TRUE,TRUE,maternal zygotic
evm.TU.scaffold_3.676,TRUE,TRUE,maternal zygotic
evm.TU.scaffold_3.677,TRUE,TRUE,maternal zygotic
evm.TU.scaffold_3.678,FALSE,FALSE,neither
evm.TU.scaffold_3.679,TRUE,TRUE,maternal zygotic
evm.TU.scaffold_3.68,FALSE,FALSE,neither
evm.TU.scaffold_3.680,FALSE,FALSE,neither
evm.TU.scaffold_3.681,TRUE,TRUE,maternal zygotic
evm.TU.scaffold_3.682,FALSE,FALSE,neither
evm.TU.scaffold_3.683,FALSE,FALSE,neither
evm.TU.scaffold_3.684,TRUE,TRUE,maternal zygotic
evm.TU.scaffold_3.685,TRUE,FALSE,maternal
evm.TU.scaffold_3.686,TRUE,TRUE,maternal zygotic
evm.TU.scaffold_3.687,TRUE,TRUE,maternal zygotic
evm.TU.scaffold_3.688,TRUE,TRUE,maternal zygotic
evm.TU.scaffold_3.689,TRUE,TRUE,maternal zygotic
evm.TU.scaffold_3.69,TRUE,TRUE,maternal zygotic
evm.TU.scaffold_3.690,TRUE,TRUE,maternal zygotic
evm.TU.scaffold_3.691,FALSE,FALSE,neither
evm.TU.scaffold_3.692,FALSE,TRUE,zygotic
evm.TU.scaffold_3.693,FALSE,FALSE,neither
evm.TU.scaffold_3.694,FALSE,FALSE,neither
evm.TU.scaffold_3.695,TRUE,TRUE,maternal zygotic
evm.TU.scaffold_3.696,TRUE,TRUE,maternal zygotic
evm.TU.scaffold_3.697,TRUE,TRUE,maternal zygotic
evm.TU.scaffold_3.698,TRUE,TRUE,maternal zygotic
evm.TU.scaffold_3.699,FALSE,FALSE,neither
evm.TU.scaffold_3.7,FALSE,FALSE,neither
evm.TU.scaffold_3.70,TRUE,TRUE,maternal zygotic
evm.TU.scaffold_3.700,TRUE,TRUE,maternal zygotic
evm.TU.scaffold_3.701,TRUE,TRUE,maternal zygotic
evm.TU.scaffold_3.702,TRUE,TRUE,maternal zygotic
evm.TU.scaffold_3.704,FALSE,FALSE,neither
evm.TU.scaffold_3.705,FALSE,FALSE,neither
evm.TU.scaffold_3.706,FALSE,FALSE,neither
evm.TU.scaffold_3.707,FALSE,FALSE,neither
evm.TU.scaffold_3.708,FALSE,FALSE,neither
evm.TU.scaffold_3.709,TRUE,TRUE,maternal zygotic
evm.TU.scaffold_3.71,TRUE,TRUE,maternal zygotic
evm.TU.scaffold_3.710,FALSE,FALSE,neither
evm.TU.scaffold_3.711,FALSE,FALSE,neither
evm.TU.scaffold_3.712,TRUE,TRUE,maternal zygotic
evm.TU.scaffold_3.713,TRUE,TRUE,maternal zygotic
evm.TU.scaffold_3.714,TRUE,TRUE,maternal zygotic
evm.TU.scaffold_3.715,TRUE,TRUE,maternal zygotic
evm.TU.scaffold_3.716_evm.TU.scaffold_3.717,TRUE,TRUE,maternal zygotic
evm.TU.scaffold_3.718,FALSE,FALSE,neither
evm.TU.scaffold_3.719,FALSE,FALSE,neither
evm.TU.scaffold_3.72,FALSE,FALSE,neither
evm.TU.scaffold_3.726,FALSE,FALSE,neither
evm.TU.scaffold_3.73,TRUE,TRUE,maternal zygotic
evm.TU.scaffold_3.731,FALSE,FALSE,neither
evm.TU.scaffold_3.732,FALSE,FALSE,neither
evm.TU.scaffold_3.733,FALSE,TRUE,zygotic
evm.TU.scaffold_3.735,FALSE,FALSE,neither
evm.TU.scaffold_3.736,FALSE,FALSE,neither
evm.TU.scaffold_3.737,TRUE,TRUE,maternal zygotic
evm.TU.scaffold_3.738,TRUE,TRUE,maternal zygotic
evm.TU.scaffold_3.739,TRUE,TRUE,maternal zygotic
evm.TU.scaffold_3.74,FALSE,FALSE,neither
evm.TU.scaffold_3.740,FALSE,FALSE,neither
evm.TU.scaffold_3.741,FALSE,FALSE,neither
evm.TU.scaffold_3.742,TRUE,TRUE,maternal zygotic
evm.TU.scaffold_3.743,FALSE,FALSE,neither
evm.TU.scaffold_3.744,FALSE,FALSE,neither
evm.TU.scaffold_3.745,TRUE,TRUE,maternal zygotic
evm.TU.scaffold_3.746,FALSE,FALSE,neither
evm.TU.scaffold_3.747,FALSE,FALSE,neither
evm.TU.scaffold_3.748,FALSE,FALSE,neither
evm.TU.scaffold_3.749,TRUE,TRUE,maternal zygotic
evm.TU.scaffold_3.75,FALSE,TRUE,zygotic
evm.TU.scaffold_3.750,FALSE,FALSE,neither
evm.TU.scaffold_3.751,FALSE,FALSE,neither
evm.TU.scaffold_3.752,TRUE,TRUE,maternal zygotic
evm.TU.scaffold_3.753,TRUE,TRUE,maternal zygotic
evm.TU.scaffold_3.754,FALSE,FALSE,neither
evm.TU.scaffold_3.755,TRUE,TRUE,maternal zygotic
evm.TU.scaffold_3.756,FALSE,FALSE,neither
evm.TU.scaffold_3.757,FALSE,FALSE,neither
evm.TU.scaffold_3.758,FALSE,FALSE,neither
evm.TU.scaffold_3.759,FALSE,TRUE,zygotic
evm.TU.scaffold_3.76,TRUE,TRUE,maternal zygotic
evm.TU.scaffold_3.760,FALSE,FALSE,neither
evm.TU.scaffold_3.761,FALSE,FALSE,neither
evm.TU.scaffold_3.762,FALSE,FALSE,neither
evm.TU.scaffold_3.763,TRUE,TRUE,maternal zygotic
evm.TU.scaffold_3.766,FALSE,FALSE,neither
evm.TU.scaffold_3.767,FALSE,TRUE,zygotic
evm.TU.scaffold_3.768,FALSE,FALSE,neither
evm.TU.scaffold_3.769,FALSE,FALSE,neither
evm.TU.scaffold_3.77,TRUE,TRUE,maternal zygotic
evm.TU.scaffold_3.773,FALSE,FALSE,neither
evm.TU.scaffold_3.774,TRUE,TRUE,maternal zygotic
evm.TU.scaffold_3.775,FALSE,FALSE,neither
evm.TU.scaffold_3.776,TRUE,TRUE,maternal zygotic
evm.TU.scaffold_3.777,TRUE,TRUE,maternal zygotic
evm.TU.scaffold_3.778,TRUE,TRUE,maternal zygotic
evm.TU.scaffold_3.779,FALSE,FALSE,neither
evm.TU.scaffold_3.78,TRUE,TRUE,maternal zygotic
evm.TU.scaffold_3.780,FALSE,FALSE,neither
evm.TU.scaffold_3.781,FALSE,FALSE,neither
evm.TU.scaffold_3.783,FALSE,FALSE,neither
evm.TU.scaffold_3.784,FALSE,FALSE,neither
evm.TU.scaffold_3.785,TRUE,TRUE,maternal zygotic
evm.TU.scaffold_3.786,TRUE,TRUE,maternal zygotic
evm.TU.scaffold_3.787,TRUE,TRUE,maternal zygotic
evm.TU.scaffold_3.788_evm.TU.scaffold_3.790,TRUE,TRUE,maternal zygotic
evm.TU.scaffold_3.79,TRUE,TRUE,maternal zygotic
evm.TU.scaffold_3.791,TRUE,TRUE,maternal zygotic
evm.TU.scaffold_3.793,FALSE,FALSE,neither
evm.TU.scaffold_3.794,TRUE,TRUE,maternal zygotic
evm.TU.scaffold_3.795,TRUE,TRUE,maternal zygotic
evm.TU.scaffold_3.796,TRUE,TRUE,maternal zygotic
evm.TU.scaffold_3.797,FALSE,FALSE,neither
evm.TU.scaffold_3.798,FALSE,TRUE,zygotic
evm.TU.scaffold_3.799,FALSE,FALSE,neither
evm.TU.scaffold_3.80,TRUE,TRUE,maternal zygotic
evm.TU.scaffold_3.800,FALSE,TRUE,zygotic
evm.TU.scaffold_3.801,FALSE,TRUE,zygotic
evm.TU.scaffold_3.803,FALSE,FALSE,neither
evm.TU.scaffold_3.805,FALSE,FALSE,neither
evm.TU.scaffold_3.807,FALSE,FALSE,neither
evm.TU.scaffold_3.808,FALSE,TRUE,zygotic
evm.TU.scaffold_3.809,FALSE,TRUE,zygotic
evm.TU.scaffold_3.81,TRUE,TRUE,maternal zygotic
evm.TU.scaffold_3.811,FALSE,FALSE,neither
evm.TU.scaffold_3.813,FALSE,FALSE,neither
evm.TU.scaffold_3.817,FALSE,FALSE,neither
evm.TU.scaffold_3.819,FALSE,FALSE,neither
evm.TU.scaffold_3.82,TRUE,TRUE,maternal zygotic
evm.TU.scaffold_3.820,FALSE,TRUE,zygotic
evm.TU.scaffold_3.821,FALSE,FALSE,neither
evm.TU.scaffold_3.822,FALSE,FALSE,neither
evm.TU.scaffold_3.823,FALSE,FALSE,neither
evm.TU.scaffold_3.824,TRUE,TRUE,maternal zygotic
evm.TU.scaffold_3.825,FALSE,FALSE,neither
evm.TU.scaffold_3.828,FALSE,FALSE,neither
evm.TU.scaffold_3.829,FALSE,FALSE,neither
evm.TU.scaffold_3.83,TRUE,TRUE,maternal zygotic
evm.TU.scaffold_3.830,FALSE,FALSE,neither
evm.TU.scaffold_3.834,TRUE,TRUE,maternal zygotic
evm.TU.scaffold_3.835,TRUE,TRUE,maternal zygotic
evm.TU.scaffold_3.836,TRUE,TRUE,maternal zygotic
evm.TU.scaffold_3.837,TRUE,TRUE,maternal zygotic
evm.TU.scaffold_3.838,FALSE,FALSE,neither
evm.TU.scaffold_3.839,FALSE,FALSE,neither
evm.TU.scaffold_3.84,TRUE,TRUE,maternal zygotic
evm.TU.scaffold_3.840_evm.TU.scaffold_3.841,FALSE,FALSE,neither
evm.TU.scaffold_3.842,TRUE,TRUE,maternal zygotic
evm.TU.scaffold_3.844,TRUE,TRUE,maternal zygotic
evm.TU.scaffold_3.845,FALSE,FALSE,neither
evm.TU.scaffold_3.846,FALSE,FALSE,neither
evm.TU.scaffold_3.847,TRUE,TRUE,maternal zygotic
evm.TU.scaffold_3.848,TRUE,TRUE,maternal zygotic
evm.TU.scaffold_3.849,TRUE,TRUE,maternal zygotic
evm.TU.scaffold_3.85,TRUE,TRUE,maternal zygotic
evm.TU.scaffold_3.850,TRUE,TRUE,maternal zygotic
evm.TU.scaffold_3.853,FALSE,FALSE,neither
evm.TU.scaffold_3.855,TRUE,TRUE,maternal zygotic
evm.TU.scaffold_3.856,FALSE,TRUE,zygotic
evm.TU.scaffold_3.858,TRUE,TRUE,maternal zygotic
evm.TU.scaffold_3.859,TRUE,TRUE,maternal zygotic
evm.TU.scaffold_3.86,FALSE,FALSE,neither
evm.TU.scaffold_3.860,TRUE,TRUE,maternal zygotic
evm.TU.scaffold_3.861,FALSE,FALSE,neither
evm.TU.scaffold_3.864,FALSE,FALSE,neither
evm.TU.scaffold_3.865,FALSE,FALSE,neither
evm.TU.scaffold_3.866,FALSE,FALSE,neither
evm.TU.scaffold_3.869,TRUE,TRUE,maternal zygotic
evm.TU.scaffold_3.87,FALSE,FALSE,neither
evm.TU.scaffold_3.870,TRUE,TRUE,maternal zygotic
evm.TU.scaffold_3.871,TRUE,TRUE,maternal zygotic
evm.TU.scaffold_3.872,TRUE,TRUE,maternal zygotic
evm.TU.scaffold_3.873,TRUE,TRUE,maternal zygotic
evm.TU.scaffold_3.874,TRUE,TRUE,maternal zygotic
evm.TU.scaffold_3.876,TRUE,TRUE,maternal zygotic
evm.TU.scaffold_3.878,FALSE,FALSE,neither
evm.TU.scaffold_3.879,TRUE,TRUE,maternal zygotic
evm.TU.scaffold_3.88,FALSE,FALSE,neither
evm.TU.scaffold_3.880,TRUE,TRUE,maternal zygotic
evm.TU.scaffold_3.881,TRUE,TRUE,maternal zygotic
evm.TU.scaffold_3.882,TRUE,TRUE,maternal zygotic
evm.TU.scaffold_3.883,TRUE,FALSE,maternal
evm.TU.scaffold_3.884,FALSE,FALSE,neither
evm.TU.scaffold_3.885,FALSE,FALSE,neither
evm.TU.scaffold_3.886,FALSE,FALSE,neither
evm.TU.scaffold_3.888,FALSE,FALSE,neither
evm.TU.scaffold_3.889,FALSE,FALSE,neither
evm.TU.scaffold_3.89,TRUE,TRUE,maternal zygotic
evm.TU.scaffold_3.890,FALSE,FALSE,neither
evm.TU.scaffold_3.891,FALSE,FALSE,neither
evm.TU.scaffold_3.892,FALSE,FALSE,neither
evm.TU.scaffold_3.893,FALSE,FALSE,neither
evm.TU.scaffold_3.894,FALSE,FALSE,neither
evm.TU.scaffold_3.895,FALSE,FALSE,neither
evm.TU.scaffold_3.896,FALSE,FALSE,neither
evm.TU.scaffold_3.897,FALSE,FALSE,neither
evm.TU.scaffold_3.898,FALSE,FALSE,neither
evm.TU.scaffold_3.899,FALSE,FALSE,neither
evm.TU.scaffold_3.9,FALSE,FALSE,neither
evm.TU.scaffold_3.90,TRUE,FALSE,maternal
evm.TU.scaffold_3.900,FALSE,FALSE,neither
evm.TU.scaffold_3.901,FALSE,FALSE,neither
evm.TU.scaffold_3.902,FALSE,FALSE,neither
evm.TU.scaffold_3.903,FALSE,FALSE,neither
evm.TU.scaffold_3.904,FALSE,TRUE,zygotic
evm.TU.scaffold_3.905,FALSE,FALSE,neither
evm.TU.scaffold_3.906,FALSE,FALSE,neither
evm.TU.scaffold_3.907,TRUE,TRUE,maternal zygotic
evm.TU.scaffold_3.908,TRUE,TRUE,maternal zygotic
evm.TU.scaffold_3.909,FALSE,FALSE,neither
evm.TU.scaffold_3.91,TRUE,TRUE,maternal zygotic
evm.TU.scaffold_3.910,TRUE,TRUE,maternal zygotic
evm.TU.scaffold_3.911,TRUE,TRUE,maternal zygotic
evm.TU.scaffold_3.912,FALSE,FALSE,neither
evm.TU.scaffold_3.913,TRUE,TRUE,maternal zygotic
evm.TU.scaffold_3.915,TRUE,FALSE,maternal
evm.TU.scaffold_3.916,FALSE,FALSE,neither
evm.TU.scaffold_3.917,TRUE,TRUE,maternal zygotic
evm.TU.scaffold_3.918,FALSE,FALSE,neither
evm.TU.scaffold_3.919,FALSE,FALSE,neither
evm.TU.scaffold_3.92,FALSE,TRUE,zygotic
evm.TU.scaffold_3.920,FALSE,FALSE,neither
evm.TU.scaffold_3.921,FALSE,FALSE,neither
evm.TU.scaffold_3.922,FALSE,FALSE,neither
evm.TU.scaffold_3.923,FALSE,FALSE,neither
evm.TU.scaffold_3.924,FALSE,FALSE,neither
evm.TU.scaffold_3.925,FALSE,FALSE,neither
evm.TU.scaffold_3.926,FALSE,FALSE,neither
evm.TU.scaffold_3.929,FALSE,FALSE,neither
evm.TU.scaffold_3.930,FALSE,FALSE,neither
evm.TU.scaffold_3.931,FALSE,FALSE,neither
evm.TU.scaffold_3.934,TRUE,TRUE,maternal zygotic
evm.TU.scaffold_3.935,FALSE,TRUE,zygotic
evm.TU.scaffold_3.936,FALSE,TRUE,zygotic
evm.TU.scaffold_3.937,FALSE,TRUE,zygotic
evm.TU.scaffold_3.938,TRUE,TRUE,maternal zygotic
evm.TU.scaffold_3.939,FALSE,FALSE,neither
evm.TU.scaffold_3.94,TRUE,TRUE,maternal zygotic
evm.TU.scaffold_3.940,TRUE,TRUE,maternal zygotic
evm.TU.scaffold_3.941,TRUE,TRUE,maternal zygotic
evm.TU.scaffold_3.942,TRUE,TRUE,maternal zygotic
evm.TU.scaffold_3.943,TRUE,TRUE,maternal zygotic
evm.TU.scaffold_3.944,TRUE,FALSE,maternal
evm.TU.scaffold_3.945,TRUE,TRUE,maternal zygotic
evm.TU.scaffold_3.946,TRUE,TRUE,maternal zygotic
evm.TU.scaffold_3.947_evm.TU.scaffold_3.948,TRUE,TRUE,maternal zygotic
evm.TU.scaffold_3.949,FALSE,FALSE,neither
evm.TU.scaffold_3.95,FALSE,FALSE,neither
evm.TU.scaffold_3.950,FALSE,FALSE,neither
evm.TU.scaffold_3.951,FALSE,FALSE,neither
evm.TU.scaffold_3.952,FALSE,FALSE,neither
evm.TU.scaffold_3.953,FALSE,FALSE,neither
evm.TU.scaffold_3.954,FALSE,FALSE,neither
evm.TU.scaffold_3.955,FALSE,FALSE,neither
evm.TU.scaffold_3.956,FALSE,FALSE,neither
evm.TU.scaffold_3.957,FALSE,FALSE,neither
evm.TU.scaffold_3.958,TRUE,TRUE,maternal zygotic
evm.TU.scaffold_3.959,TRUE,TRUE,maternal zygotic
evm.TU.scaffold_3.96,TRUE,TRUE,maternal zygotic
evm.TU.scaffold_3.960,FALSE,FALSE,neither
evm.TU.scaffold_3.961,FALSE,FALSE,neither
evm.TU.scaffold_3.962,FALSE,FALSE,neither
evm.TU.scaffold_3.963,FALSE,FALSE,neither
evm.TU.scaffold_3.964,FALSE,FALSE,neither
evm.TU.scaffold_3.965,FALSE,FALSE,neither
evm.TU.scaffold_3.966,FALSE,FALSE,neither
evm.TU.scaffold_3.967,FALSE,FALSE,neither
evm.TU.scaffold_3.968,FALSE,FALSE,neither
evm.TU.scaffold_3.969,TRUE,TRUE,maternal zygotic
evm.TU.scaffold_3.97,TRUE,TRUE,maternal zygotic
evm.TU.scaffold_3.970,FALSE,FALSE,neither
evm.TU.scaffold_3.971,FALSE,FALSE,neither
evm.TU.scaffold_3.972,FALSE,FALSE,neither
evm.TU.scaffold_3.973,FALSE,FALSE,neither
evm.TU.scaffold_3.974,FALSE,FALSE,neither
evm.TU.scaffold_3.975,FALSE,FALSE,neither
evm.TU.scaffold_3.976,FALSE,FALSE,neither
evm.TU.scaffold_3.977,TRUE,TRUE,maternal zygotic
evm.TU.scaffold_3.978,TRUE,TRUE,maternal zygotic
evm.TU.scaffold_3.979,FALSE,FALSE,neither
evm.TU.scaffold_3.980,FALSE,FALSE,neither
evm.TU.scaffold_3.981,FALSE,FALSE,neither
evm.TU.scaffold_3.982,FALSE,FALSE,neither
evm.TU.scaffold_3.983,TRUE,TRUE,maternal zygotic
evm.TU.scaffold_3.984,TRUE,TRUE,maternal zygotic
evm.TU.scaffold_3.985,TRUE,TRUE,maternal zygotic
evm.TU.scaffold_3.986,FALSE,FALSE,neither
evm.TU.scaffold_3.987,TRUE,TRUE,maternal zygotic
evm.TU.scaffold_3.988,TRUE,TRUE,maternal zygotic
evm.TU.scaffold_3.989,TRUE,TRUE,maternal zygotic
evm.TU.scaffold_3.990,FALSE,FALSE,neither
evm.TU.scaffold_3.991,FALSE,FALSE,neither
evm.TU.scaffold_3.992,FALSE,FALSE,neither
evm.TU.scaffold_3.993,FALSE,FALSE,neither
evm.TU.scaffold_3.994,FALSE,FALSE,neither
evm.TU.scaffold_3.995,FALSE,FALSE,neither
evm.TU.scaffold_3.996,TRUE,TRUE,maternal zygotic
evm.TU.scaffold_3.997,TRUE,TRUE,maternal zygotic
evm.TU.scaffold_3.998,FALSE,TRUE,zygotic
evm.TU.scaffold_3.999,FALSE,FALSE,neither
evm.TU.scaffold_30.2,FALSE,FALSE,neither
evm.TU.scaffold_303.3,FALSE,FALSE,neither
evm.TU.scaffold_303.7,FALSE,FALSE,neither
evm.TU.scaffold_305.1,FALSE,FALSE,neither
evm.TU.scaffold_306.1,FALSE,FALSE,neither
evm.TU.scaffold_307.12,FALSE,FALSE,neither
evm.TU.scaffold_307.13,FALSE,FALSE,neither
evm.TU.scaffold_307.2,FALSE,FALSE,neither
evm.TU.scaffold_307.4,FALSE,FALSE,neither
evm.TU.scaffold_307.5,FALSE,FALSE,neither
evm.TU.scaffold_308.2,FALSE,FALSE,neither
evm.TU.scaffold_31.2,FALSE,FALSE,neither
evm.TU.scaffold_37.1,FALSE,FALSE,neither
evm.TU.scaffold_37.3,FALSE,FALSE,neither
evm.TU.scaffold_37.4,FALSE,FALSE,neither
evm.TU.scaffold_4.10,FALSE,TRUE,zygotic
evm.TU.scaffold_4.100,TRUE,TRUE,maternal zygotic
evm.TU.scaffold_4.1000,TRUE,TRUE,maternal zygotic
evm.TU.scaffold_4.1001,TRUE,TRUE,maternal zygotic
evm.TU.scaffold_4.1002,TRUE,TRUE,maternal zygotic
evm.TU.scaffold_4.1003,TRUE,TRUE,maternal zygotic
evm.TU.scaffold_4.1004,TRUE,TRUE,maternal zygotic
evm.TU.scaffold_4.1005,TRUE,TRUE,maternal zygotic
evm.TU.scaffold_4.1006,FALSE,TRUE,zygotic
evm.TU.scaffold_4.1008,TRUE,TRUE,maternal zygotic
evm.TU.scaffold_4.101,TRUE,TRUE,maternal zygotic
evm.TU.scaffold_4.1010,TRUE,TRUE,maternal zygotic
evm.TU.scaffold_4.1011,TRUE,TRUE,maternal zygotic
evm.TU.scaffold_4.1012,TRUE,TRUE,maternal zygotic
evm.TU.scaffold_4.1013,TRUE,TRUE,maternal zygotic
evm.TU.scaffold_4.1014,FALSE,FALSE,neither
evm.TU.scaffold_4.1015,TRUE,TRUE,maternal zygotic
evm.TU.scaffold_4.1016,FALSE,FALSE,neither
evm.TU.scaffold_4.1019,FALSE,FALSE,neither
evm.TU.scaffold_4.102,TRUE,TRUE,maternal zygotic
evm.TU.scaffold_4.1020,FALSE,FALSE,neither
evm.TU.scaffold_4.1021,FALSE,FALSE,neither
evm.TU.scaffold_4.1022,FALSE,FALSE,neither
evm.TU.scaffold_4.1023,TRUE,TRUE,maternal zygotic
evm.TU.scaffold_4.1024,TRUE,TRUE,maternal zygotic
evm.TU.scaffold_4.1025,FALSE,FALSE,neither
evm.TU.scaffold_4.1026,TRUE,TRUE,maternal zygotic
evm.TU.scaffold_4.1027,FALSE,FALSE,neither
evm.TU.scaffold_4.1028,TRUE,TRUE,maternal zygotic
evm.TU.scaffold_4.1029,TRUE,TRUE,maternal zygotic
evm.TU.scaffold_4.103,TRUE,TRUE,maternal zygotic
evm.TU.scaffold_4.1030,TRUE,TRUE,maternal zygotic
evm.TU.scaffold_4.1031,TRUE,TRUE,maternal zygotic
evm.TU.scaffold_4.1032,TRUE,TRUE,maternal zygotic
evm.TU.scaffold_4.1033,TRUE,TRUE,maternal zygotic
evm.TU.scaffold_4.1034,TRUE,TRUE,maternal zygotic
evm.TU.scaffold_4.1036,FALSE,FALSE,neither
evm.TU.scaffold_4.1037,FALSE,FALSE,neither
evm.TU.scaffold_4.1038,TRUE,TRUE,maternal zygotic
evm.TU.scaffold_4.1039,TRUE,TRUE,maternal zygotic
evm.TU.scaffold_4.104,TRUE,TRUE,maternal zygotic
evm.TU.scaffold_4.1040,TRUE,TRUE,maternal zygotic
evm.TU.scaffold_4.1041,TRUE,TRUE,maternal zygotic
evm.TU.scaffold_4.1042,TRUE,TRUE,maternal zygotic
evm.TU.scaffold_4.1043,FALSE,FALSE,neither
evm.TU.scaffold_4.1044,TRUE,TRUE,maternal zygotic
evm.TU.scaffold_4.1045,FALSE,FALSE,neither
evm.TU.scaffold_4.1046,FALSE,FALSE,neither
evm.TU.scaffold_4.1047,FALSE,FALSE,neither
evm.TU.scaffold_4.1048,TRUE,TRUE,maternal zygotic
evm.TU.scaffold_4.1049,FALSE,FALSE,neither
evm.TU.scaffold_4.105,TRUE,TRUE,maternal zygotic
evm.TU.scaffold_4.1051,FALSE,FALSE,neither
evm.TU.scaffold_4.1052,FALSE,FALSE,neither
evm.TU.scaffold_4.1053,FALSE,FALSE,neither
evm.TU.scaffold_4.1054,FALSE,FALSE,neither
evm.TU.scaffold_4.1055,FALSE,FALSE,neither
evm.TU.scaffold_4.1056,FALSE,FALSE,neither
evm.TU.scaffold_4.1057,FALSE,FALSE,neither
evm.TU.scaffold_4.1058,FALSE,FALSE,neither
evm.TU.scaffold_4.1059,TRUE,TRUE,maternal zygotic
evm.TU.scaffold_4.106,TRUE,TRUE,maternal zygotic
evm.TU.scaffold_4.1060,FALSE,FALSE,neither
evm.TU.scaffold_4.1063,TRUE,TRUE,maternal zygotic
evm.TU.scaffold_4.1064,TRUE,TRUE,maternal zygotic
evm.TU.scaffold_4.1065,TRUE,TRUE,maternal zygotic
evm.TU.scaffold_4.1066,TRUE,TRUE,maternal zygotic
evm.TU.scaffold_4.1067,TRUE,TRUE,maternal zygotic
evm.TU.scaffold_4.1068,TRUE,TRUE,maternal zygotic
evm.TU.scaffold_4.1069,TRUE,TRUE,maternal zygotic
evm.TU.scaffold_4.107,TRUE,TRUE,maternal zygotic
evm.TU.scaffold_4.1070,TRUE,TRUE,maternal zygotic
evm.TU.scaffold_4.1071,TRUE,TRUE,maternal zygotic
evm.TU.scaffold_4.1072,TRUE,TRUE,maternal zygotic
evm.TU.scaffold_4.1073,FALSE,FALSE,neither
evm.TU.scaffold_4.1075,TRUE,TRUE,maternal zygotic
evm.TU.scaffold_4.1076,TRUE,TRUE,maternal zygotic
evm.TU.scaffold_4.1077,TRUE,TRUE,maternal zygotic
evm.TU.scaffold_4.1078,TRUE,TRUE,maternal zygotic
evm.TU.scaffold_4.1079,FALSE,FALSE,neither
evm.TU.scaffold_4.108,TRUE,TRUE,maternal zygotic
evm.TU.scaffold_4.1080,TRUE,TRUE,maternal zygotic
evm.TU.scaffold_4.1081,TRUE,TRUE,maternal zygotic
evm.TU.scaffold_4.1082,FALSE,FALSE,neither
evm.TU.scaffold_4.1083,TRUE,TRUE,maternal zygotic
evm.TU.scaffold_4.1084,FALSE,FALSE,neither
evm.TU.scaffold_4.1085,FALSE,FALSE,neither
evm.TU.scaffold_4.1086,FALSE,FALSE,neither
evm.TU.scaffold_4.1087,FALSE,TRUE,zygotic
evm.TU.scaffold_4.1088,TRUE,TRUE,maternal zygotic
evm.TU.scaffold_4.109,TRUE,TRUE,maternal zygotic
evm.TU.scaffold_4.1090,FALSE,FALSE,neither
evm.TU.scaffold_4.1091,FALSE,FALSE,neither
evm.TU.scaffold_4.1092,TRUE,TRUE,maternal zygotic
evm.TU.scaffold_4.1093,FALSE,FALSE,neither
evm.TU.scaffold_4.1094,FALSE,FALSE,neither
evm.TU.scaffold_4.1095,TRUE,TRUE,maternal zygotic
evm.TU.scaffold_4.1096,FALSE,FALSE,neither
evm.TU.scaffold_4.1097,FALSE,TRUE,zygotic
evm.TU.scaffold_4.1098,FALSE,FALSE,neither
evm.TU.scaffold_4.1099,TRUE,TRUE,maternal zygotic
evm.TU.scaffold_4.11,TRUE,TRUE,maternal zygotic
evm.TU.scaffold_4.110,TRUE,TRUE,maternal zygotic
evm.TU.scaffold_4.1100,TRUE,TRUE,maternal zygotic
evm.TU.scaffold_4.1101,FALSE,FALSE,neither
evm.TU.scaffold_4.1102,FALSE,FALSE,neither
evm.TU.scaffold_4.1103,FALSE,FALSE,neither
evm.TU.scaffold_4.1104,FALSE,FALSE,neither
evm.TU.scaffold_4.1105,TRUE,TRUE,maternal zygotic
evm.TU.scaffold_4.1106,FALSE,TRUE,zygotic
evm.TU.scaffold_4.1107,TRUE,TRUE,maternal zygotic
evm.TU.scaffold_4.1108,TRUE,TRUE,maternal zygotic
evm.TU.scaffold_4.1109,TRUE,TRUE,maternal zygotic
evm.TU.scaffold_4.111,TRUE,TRUE,maternal zygotic
evm.TU.scaffold_4.1110,TRUE,TRUE,maternal zygotic
evm.TU.scaffold_4.1111,TRUE,TRUE,maternal zygotic
evm.TU.scaffold_4.1112,TRUE,TRUE,maternal zygotic
evm.TU.scaffold_4.1113,TRUE,TRUE,maternal zygotic
evm.TU.scaffold_4.1114,TRUE,TRUE,maternal zygotic
evm.TU.scaffold_4.1115_evm.TU.scaffold_4.1116,FALSE,FALSE,neither
evm.TU.scaffold_4.1117,FALSE,FALSE,neither
evm.TU.scaffold_4.1118,TRUE,TRUE,maternal zygotic
evm.TU.scaffold_4.1119,TRUE,TRUE,maternal zygotic
evm.TU.scaffold_4.112,FALSE,TRUE,zygotic
evm.TU.scaffold_4.1120,TRUE,TRUE,maternal zygotic
evm.TU.scaffold_4.1121,TRUE,TRUE,maternal zygotic
evm.TU.scaffold_4.1122,TRUE,TRUE,maternal zygotic
evm.TU.scaffold_4.1123,TRUE,TRUE,maternal zygotic
evm.TU.scaffold_4.1124,TRUE,TRUE,maternal zygotic
evm.TU.scaffold_4.1125,TRUE,TRUE,maternal zygotic
evm.TU.scaffold_4.1126,TRUE,TRUE,maternal zygotic
evm.TU.scaffold_4.1127,TRUE,TRUE,maternal zygotic
evm.TU.scaffold_4.1128,TRUE,TRUE,maternal zygotic
evm.TU.scaffold_4.1129,TRUE,TRUE,maternal zygotic
evm.TU.scaffold_4.113,TRUE,TRUE,maternal zygotic
evm.TU.scaffold_4.1130,TRUE,TRUE,maternal zygotic
evm.TU.scaffold_4.1131,TRUE,TRUE,maternal zygotic
evm.TU.scaffold_4.1132,FALSE,FALSE,neither
evm.TU.scaffold_4.1133,FALSE,FALSE,neither
evm.TU.scaffold_4.1134,TRUE,TRUE,maternal zygotic
evm.TU.scaffold_4.1137,FALSE,FALSE,neither
evm.TU.scaffold_4.1138,FALSE,FALSE,neither
evm.TU.scaffold_4.1139,TRUE,TRUE,maternal zygotic
evm.TU.scaffold_4.114,FALSE,TRUE,zygotic
evm.TU.scaffold_4.1140,FALSE,FALSE,neither
evm.TU.scaffold_4.1141,FALSE,FALSE,neither
evm.TU.scaffold_4.1142,FALSE,FALSE,neither
evm.TU.scaffold_4.1143,FALSE,FALSE,neither
evm.TU.scaffold_4.1144,FALSE,FALSE,neither
evm.TU.scaffold_4.1145,FALSE,FALSE,neither
evm.TU.scaffold_4.1146,FALSE,FALSE,neither
evm.TU.scaffold_4.1148,FALSE,FALSE,neither
evm.TU.scaffold_4.115,FALSE,FALSE,neither
evm.TU.scaffold_4.1150,FALSE,FALSE,neither
evm.TU.scaffold_4.1154,TRUE,TRUE,maternal zygotic
evm.TU.scaffold_4.1155,FALSE,FALSE,neither
evm.TU.scaffold_4.1156,FALSE,FALSE,neither
evm.TU.scaffold_4.1157,TRUE,TRUE,maternal zygotic
evm.TU.scaffold_4.1158,TRUE,TRUE,maternal zygotic
evm.TU.scaffold_4.1159,FALSE,FALSE,neither
evm.TU.scaffold_4.116,FALSE,FALSE,neither
evm.TU.scaffold_4.1160,FALSE,FALSE,neither
evm.TU.scaffold_4.1161,FALSE,FALSE,neither
evm.TU.scaffold_4.1162,TRUE,TRUE,maternal zygotic
evm.TU.scaffold_4.1163,TRUE,TRUE,maternal zygotic
evm.TU.scaffold_4.1164,FALSE,FALSE,neither
evm.TU.scaffold_4.1165,FALSE,FALSE,neither
evm.TU.scaffold_4.1166,TRUE,TRUE,maternal zygotic
evm.TU.scaffold_4.1167,FALSE,FALSE,neither
evm.TU.scaffold_4.1168,FALSE,FALSE,neither
evm.TU.scaffold_4.1169,FALSE,FALSE,neither
evm.TU.scaffold_4.117,FALSE,FALSE,neither
evm.TU.scaffold_4.1170,FALSE,FALSE,neither
evm.TU.scaffold_4.1171,TRUE,TRUE,maternal zygotic
evm.TU.scaffold_4.1172,TRUE,TRUE,maternal zygotic
evm.TU.scaffold_4.1173,TRUE,TRUE,maternal zygotic
evm.TU.scaffold_4.1174,FALSE,FALSE,neither
evm.TU.scaffold_4.1175,TRUE,TRUE,maternal zygotic
evm.TU.scaffold_4.1176,FALSE,FALSE,neither
evm.TU.scaffold_4.1177,FALSE,FALSE,neither
evm.TU.scaffold_4.1178,FALSE,FALSE,neither
evm.TU.scaffold_4.118,TRUE,TRUE,maternal zygotic
evm.TU.scaffold_4.1180,FALSE,FALSE,neither
evm.TU.scaffold_4.1181,FALSE,FALSE,neither
evm.TU.scaffold_4.1182,TRUE,FALSE,maternal
evm.TU.scaffold_4.1183,TRUE,FALSE,maternal
evm.TU.scaffold_4.1184,FALSE,FALSE,neither
evm.TU.scaffold_4.1185,TRUE,TRUE,maternal zygotic
evm.TU.scaffold_4.1186_evm.TU.scaffold_4.1187,TRUE,TRUE,maternal zygotic
evm.TU.scaffold_4.1188,TRUE,TRUE,maternal zygotic
evm.TU.scaffold_4.1189,TRUE,TRUE,maternal zygotic
evm.TU.scaffold_4.119,TRUE,TRUE,maternal zygotic
evm.TU.scaffold_4.1190,TRUE,TRUE,maternal zygotic
evm.TU.scaffold_4.1191,TRUE,TRUE,maternal zygotic
evm.TU.scaffold_4.1192,TRUE,TRUE,maternal zygotic
evm.TU.scaffold_4.1193,FALSE,FALSE,neither
evm.TU.scaffold_4.1194,FALSE,FALSE,neither
evm.TU.scaffold_4.1195,FALSE,FALSE,neither
evm.TU.scaffold_4.1196,FALSE,FALSE,neither
evm.TU.scaffold_4.1197,FALSE,FALSE,neither
evm.TU.scaffold_4.1198,TRUE,TRUE,maternal zygotic
evm.TU.scaffold_4.1199,TRUE,TRUE,maternal zygotic
evm.TU.scaffold_4.12,TRUE,TRUE,maternal zygotic
evm.TU.scaffold_4.120,FALSE,TRUE,zygotic
evm.TU.scaffold_4.1200,TRUE,TRUE,maternal zygotic
evm.TU.scaffold_4.1201,FALSE,FALSE,neither
evm.TU.scaffold_4.1202,TRUE,FALSE,maternal
evm.TU.scaffold_4.1203,FALSE,FALSE,neither
evm.TU.scaffold_4.1204,TRUE,TRUE,maternal zygotic
evm.TU.scaffold_4.1205,TRUE,TRUE,maternal zygotic
evm.TU.scaffold_4.1207,TRUE,TRUE,maternal zygotic
evm.TU.scaffold_4.1208,TRUE,TRUE,maternal zygotic
evm.TU.scaffold_4.1209,TRUE,TRUE,maternal zygotic
evm.TU.scaffold_4.121,TRUE,TRUE,maternal zygotic
evm.TU.scaffold_4.1210,TRUE,TRUE,maternal zygotic
evm.TU.scaffold_4.1211,FALSE,FALSE,neither
evm.TU.scaffold_4.1212,FALSE,FALSE,neither
evm.TU.scaffold_4.1213,TRUE,TRUE,maternal zygotic
evm.TU.scaffold_4.1214,TRUE,TRUE,maternal zygotic
evm.TU.scaffold_4.1216,FALSE,FALSE,neither
evm.TU.scaffold_4.1217,TRUE,TRUE,maternal zygotic
evm.TU.scaffold_4.1218,FALSE,FALSE,neither
evm.TU.scaffold_4.122,FALSE,FALSE,neither
evm.TU.scaffold_4.1221,TRUE,TRUE,maternal zygotic
evm.TU.scaffold_4.1222,TRUE,TRUE,maternal zygotic
evm.TU.scaffold_4.1223,TRUE,TRUE,maternal zygotic
evm.TU.scaffold_4.1224,FALSE,FALSE,neither
evm.TU.scaffold_4.1225,TRUE,FALSE,maternal
evm.TU.scaffold_4.1226,FALSE,FALSE,neither
evm.TU.scaffold_4.1227,FALSE,FALSE,neither
evm.TU.scaffold_4.1228,FALSE,FALSE,neither
evm.TU.scaffold_4.1229,TRUE,TRUE,maternal zygotic
evm.TU.scaffold_4.123,TRUE,TRUE,maternal zygotic
evm.TU.scaffold_4.1230,TRUE,TRUE,maternal zygotic
evm.TU.scaffold_4.1231,TRUE,TRUE,maternal zygotic
evm.TU.scaffold_4.1232,FALSE,FALSE,neither
evm.TU.scaffold_4.1233,TRUE,TRUE,maternal zygotic
evm.TU.scaffold_4.1235_evm.TU.scaffold_4.1236,TRUE,TRUE,maternal zygotic
evm.TU.scaffold_4.1237,TRUE,TRUE,maternal zygotic
evm.TU.scaffold_4.1238,FALSE,FALSE,neither
evm.TU.scaffold_4.1239,FALSE,FALSE,neither
evm.TU.scaffold_4.124,TRUE,FALSE,maternal
evm.TU.scaffold_4.1240,FALSE,FALSE,neither
evm.TU.scaffold_4.1241,TRUE,TRUE,maternal zygotic
evm.TU.scaffold_4.1242,TRUE,TRUE,maternal zygotic
evm.TU.scaffold_4.1243,TRUE,TRUE,maternal zygotic
evm.TU.scaffold_4.1244,TRUE,TRUE,maternal zygotic
evm.TU.scaffold_4.1245,FALSE,FALSE,neither
evm.TU.scaffold_4.1246,FALSE,FALSE,neither
evm.TU.scaffold_4.1247,TRUE,TRUE,maternal zygotic
evm.TU.scaffold_4.1248,TRUE,TRUE,maternal zygotic
evm.TU.scaffold_4.1249,TRUE,TRUE,maternal zygotic
evm.TU.scaffold_4.125,TRUE,TRUE,maternal zygotic
evm.TU.scaffold_4.1250,TRUE,TRUE,maternal zygotic
evm.TU.scaffold_4.1251,TRUE,TRUE,maternal zygotic
evm.TU.scaffold_4.1252,FALSE,FALSE,neither
evm.TU.scaffold_4.1258,TRUE,TRUE,maternal zygotic
evm.TU.scaffold_4.1259,TRUE,TRUE,maternal zygotic
evm.TU.scaffold_4.126,TRUE,TRUE,maternal zygotic
evm.TU.scaffold_4.1260,TRUE,TRUE,maternal zygotic
evm.TU.scaffold_4.1261,TRUE,TRUE,maternal zygotic
evm.TU.scaffold_4.1262,FALSE,FALSE,neither
evm.TU.scaffold_4.1263,TRUE,FALSE,maternal
evm.TU.scaffold_4.1264,TRUE,TRUE,maternal zygotic
evm.TU.scaffold_4.1265,FALSE,FALSE,neither
evm.TU.scaffold_4.1266,TRUE,TRUE,maternal zygotic
evm.TU.scaffold_4.1267,TRUE,TRUE,maternal zygotic
evm.TU.scaffold_4.1268,TRUE,TRUE,maternal zygotic
evm.TU.scaffold_4.1269_evm.TU.scaffold_4.1270_evm.TU.scaffold_4.1271,TRUE,TRUE,maternal zygotic
evm.TU.scaffold_4.127,TRUE,TRUE,maternal zygotic
evm.TU.scaffold_4.1272,FALSE,FALSE,neither
evm.TU.scaffold_4.1273,FALSE,FALSE,neither
evm.TU.scaffold_4.1274,FALSE,FALSE,neither
evm.TU.scaffold_4.1275,FALSE,FALSE,neither
evm.TU.scaffold_4.1276,FALSE,FALSE,neither
evm.TU.scaffold_4.1277,FALSE,FALSE,neither
evm.TU.scaffold_4.1278,FALSE,FALSE,neither
evm.TU.scaffold_4.1279,FALSE,FALSE,neither
evm.TU.scaffold_4.128,TRUE,TRUE,maternal zygotic
evm.TU.scaffold_4.1280,FALSE,FALSE,neither
evm.TU.scaffold_4.1281,TRUE,TRUE,maternal zygotic
evm.TU.scaffold_4.1282,FALSE,FALSE,neither
evm.TU.scaffold_4.1283,TRUE,TRUE,maternal zygotic
evm.TU.scaffold_4.1284,TRUE,TRUE,maternal zygotic
evm.TU.scaffold_4.1285,TRUE,TRUE,maternal zygotic
evm.TU.scaffold_4.1286,TRUE,TRUE,maternal zygotic
evm.TU.scaffold_4.1287,FALSE,FALSE,neither
evm.TU.scaffold_4.1288,TRUE,FALSE,maternal
evm.TU.scaffold_4.1289,FALSE,FALSE,neither
evm.TU.scaffold_4.129,TRUE,TRUE,maternal zygotic
evm.TU.scaffold_4.1290,TRUE,TRUE,maternal zygotic
evm.TU.scaffold_4.1291,FALSE,FALSE,neither
evm.TU.scaffold_4.1292,TRUE,TRUE,maternal zygotic
evm.TU.scaffold_4.1293,TRUE,TRUE,maternal zygotic
evm.TU.scaffold_4.1294,FALSE,FALSE,neither
evm.TU.scaffold_4.1295,FALSE,FALSE,neither
evm.TU.scaffold_4.1296,FALSE,FALSE,neither
evm.TU.scaffold_4.1297,TRUE,TRUE,maternal zygotic
evm.TU.scaffold_4.1298,FALSE,FALSE,neither
evm.TU.scaffold_4.1299,FALSE,FALSE,neither
evm.TU.scaffold_4.13,FALSE,FALSE,neither
evm.TU.scaffold_4.130,FALSE,FALSE,neither
evm.TU.scaffold_4.1300,TRUE,TRUE,maternal zygotic
evm.TU.scaffold_4.1301,TRUE,TRUE,maternal zygotic
evm.TU.scaffold_4.1304,TRUE,TRUE,maternal zygotic
evm.TU.scaffold_4.1305,TRUE,TRUE,maternal zygotic
evm.TU.scaffold_4.1306,TRUE,TRUE,maternal zygotic
evm.TU.scaffold_4.1307,TRUE,TRUE,maternal zygotic
evm.TU.scaffold_4.1308,TRUE,TRUE,maternal zygotic
evm.TU.scaffold_4.1309,TRUE,TRUE,maternal zygotic
evm.TU.scaffold_4.131,TRUE,TRUE,maternal zygotic
evm.TU.scaffold_4.1310,TRUE,TRUE,maternal zygotic
evm.TU.scaffold_4.1311,TRUE,TRUE,maternal zygotic
evm.TU.scaffold_4.1312,TRUE,TRUE,maternal zygotic
evm.TU.scaffold_4.1313,FALSE,FALSE,neither
evm.TU.scaffold_4.1314,FALSE,FALSE,neither
evm.TU.scaffold_4.1315_evm.TU.scaffold_4.1316,FALSE,FALSE,neither
evm.TU.scaffold_4.1317,FALSE,FALSE,neither
evm.TU.scaffold_4.1318,FALSE,FALSE,neither
evm.TU.scaffold_4.1319,TRUE,TRUE,maternal zygotic
evm.TU.scaffold_4.132,TRUE,TRUE,maternal zygotic
evm.TU.scaffold_4.1320,TRUE,FALSE,maternal
evm.TU.scaffold_4.1321,TRUE,TRUE,maternal zygotic
evm.TU.scaffold_4.1322,TRUE,TRUE,maternal zygotic
evm.TU.scaffold_4.1323,TRUE,TRUE,maternal zygotic
evm.TU.scaffold_4.1324,TRUE,TRUE,maternal zygotic
evm.TU.scaffold_4.1325,TRUE,TRUE,maternal zygotic
evm.TU.scaffold_4.1327,TRUE,TRUE,maternal zygotic
evm.TU.scaffold_4.1328,TRUE,TRUE,maternal zygotic
evm.TU.scaffold_4.1329,TRUE,TRUE,maternal zygotic
evm.TU.scaffold_4.133,TRUE,TRUE,maternal zygotic
evm.TU.scaffold_4.1330,TRUE,FALSE,maternal
evm.TU.scaffold_4.1331,TRUE,TRUE,maternal zygotic
evm.TU.scaffold_4.1332,TRUE,TRUE,maternal zygotic
evm.TU.scaffold_4.1334,TRUE,TRUE,maternal zygotic
evm.TU.scaffold_4.1335_evm.TU.scaffold_4.1336,FALSE,FALSE,neither
evm.TU.scaffold_4.1337,TRUE,TRUE,maternal zygotic
evm.TU.scaffold_4.1338,TRUE,TRUE,maternal zygotic
evm.TU.scaffold_4.1339,FALSE,FALSE,neither
evm.TU.scaffold_4.134,TRUE,TRUE,maternal zygotic
evm.TU.scaffold_4.1340,TRUE,TRUE,maternal zygotic
evm.TU.scaffold_4.1341,FALSE,FALSE,neither
evm.TU.scaffold_4.1342,FALSE,FALSE,neither
evm.TU.scaffold_4.1343,TRUE,TRUE,maternal zygotic
evm.TU.scaffold_4.1344,TRUE,TRUE,maternal zygotic
evm.TU.scaffold_4.1345,TRUE,TRUE,maternal zygotic
evm.TU.scaffold_4.1347,FALSE,FALSE,neither
evm.TU.scaffold_4.1348,FALSE,FALSE,neither
evm.TU.scaffold_4.1349,FALSE,FALSE,neither
evm.TU.scaffold_4.135,TRUE,TRUE,maternal zygotic
evm.TU.scaffold_4.1350,TRUE,TRUE,maternal zygotic
evm.TU.scaffold_4.1351,TRUE,TRUE,maternal zygotic
evm.TU.scaffold_4.1352,TRUE,TRUE,maternal zygotic
evm.TU.scaffold_4.1353,TRUE,TRUE,maternal zygotic
evm.TU.scaffold_4.1354,TRUE,TRUE,maternal zygotic
evm.TU.scaffold_4.1355,TRUE,TRUE,maternal zygotic
evm.TU.scaffold_4.1356,FALSE,FALSE,neither
evm.TU.scaffold_4.1357,FALSE,FALSE,neither
evm.TU.scaffold_4.1358,FALSE,FALSE,neither
evm.TU.scaffold_4.1359,FALSE,FALSE,neither
evm.TU.scaffold_4.136,FALSE,FALSE,neither
evm.TU.scaffold_4.1360,FALSE,FALSE,neither
evm.TU.scaffold_4.1361,FALSE,FALSE,neither
evm.TU.scaffold_4.1366,FALSE,TRUE,zygotic
evm.TU.scaffold_4.1368,TRUE,TRUE,maternal zygotic
evm.TU.scaffold_4.1369,TRUE,TRUE,maternal zygotic
evm.TU.scaffold_4.137,FALSE,FALSE,neither
evm.TU.scaffold_4.1370,FALSE,FALSE,neither
evm.TU.scaffold_4.1371,FALSE,FALSE,neither
evm.TU.scaffold_4.1372,FALSE,TRUE,zygotic
evm.TU.scaffold_4.1373,FALSE,FALSE,neither
evm.TU.scaffold_4.1374,FALSE,TRUE,zygotic
evm.TU.scaffold_4.1375,FALSE,TRUE,zygotic
evm.TU.scaffold_4.1377,TRUE,TRUE,maternal zygotic
evm.TU.scaffold_4.1378,FALSE,FALSE,neither
evm.TU.scaffold_4.1379,FALSE,FALSE,neither
evm.TU.scaffold_4.138,FALSE,FALSE,neither
evm.TU.scaffold_4.1380,TRUE,TRUE,maternal zygotic
evm.TU.scaffold_4.1381,FALSE,FALSE,neither
evm.TU.scaffold_4.1382,FALSE,FALSE,neither
evm.TU.scaffold_4.1383,TRUE,TRUE,maternal zygotic
evm.TU.scaffold_4.1384,TRUE,TRUE,maternal zygotic
evm.TU.scaffold_4.1385,TRUE,TRUE,maternal zygotic
evm.TU.scaffold_4.1386,FALSE,FALSE,neither
evm.TU.scaffold_4.1387,FALSE,FALSE,neither
evm.TU.scaffold_4.1388,FALSE,FALSE,neither
evm.TU.scaffold_4.1389,TRUE,TRUE,maternal zygotic
evm.TU.scaffold_4.1391,TRUE,TRUE,maternal zygotic
evm.TU.scaffold_4.1392,TRUE,TRUE,maternal zygotic
evm.TU.scaffold_4.1393,FALSE,FALSE,neither
evm.TU.scaffold_4.1394,FALSE,FALSE,neither
evm.TU.scaffold_4.1395,FALSE,FALSE,neither
evm.TU.scaffold_4.1396,FALSE,FALSE,neither
evm.TU.scaffold_4.1397,FALSE,FALSE,neither
evm.TU.scaffold_4.1398,FALSE,FALSE,neither
evm.TU.scaffold_4.1399,FALSE,FALSE,neither
evm.TU.scaffold_4.140,FALSE,FALSE,neither
evm.TU.scaffold_4.1400,FALSE,FALSE,neither
evm.TU.scaffold_4.1401,FALSE,FALSE,neither
evm.TU.scaffold_4.1402,FALSE,FALSE,neither
evm.TU.scaffold_4.1406,FALSE,FALSE,neither
evm.TU.scaffold_4.1407,FALSE,FALSE,neither
evm.TU.scaffold_4.1408,TRUE,TRUE,maternal zygotic
evm.TU.scaffold_4.141,FALSE,FALSE,neither
evm.TU.scaffold_4.1410,FALSE,FALSE,neither
evm.TU.scaffold_4.1411,FALSE,FALSE,neither
evm.TU.scaffold_4.1412,FALSE,FALSE,neither
evm.TU.scaffold_4.1414,FALSE,FALSE,neither
evm.TU.scaffold_4.1415,TRUE,TRUE,maternal zygotic
evm.TU.scaffold_4.1416,TRUE,TRUE,maternal zygotic
evm.TU.scaffold_4.1417,FALSE,FALSE,neither
evm.TU.scaffold_4.1418,FALSE,FALSE,neither
evm.TU.scaffold_4.1419,FALSE,FALSE,neither
evm.TU.scaffold_4.142,TRUE,TRUE,maternal zygotic
evm.TU.scaffold_4.1420,FALSE,FALSE,neither
evm.TU.scaffold_4.1421,TRUE,TRUE,maternal zygotic
evm.TU.scaffold_4.1422,TRUE,TRUE,maternal zygotic
evm.TU.scaffold_4.1423,FALSE,FALSE,neither
evm.TU.scaffold_4.1424,TRUE,TRUE,maternal zygotic
evm.TU.scaffold_4.1425,TRUE,TRUE,maternal zygotic
evm.TU.scaffold_4.1426,TRUE,TRUE,maternal zygotic
evm.TU.scaffold_4.1427,TRUE,TRUE,maternal zygotic
evm.TU.scaffold_4.1428,TRUE,TRUE,maternal zygotic
evm.TU.scaffold_4.1429,FALSE,FALSE,neither
evm.TU.scaffold_4.143,TRUE,TRUE,maternal zygotic
evm.TU.scaffold_4.1430,TRUE,TRUE,maternal zygotic
evm.TU.scaffold_4.1431,TRUE,TRUE,maternal zygotic
evm.TU.scaffold_4.1432,FALSE,FALSE,neither
evm.TU.scaffold_4.1433,TRUE,TRUE,maternal zygotic
evm.TU.scaffold_4.1434,FALSE,FALSE,neither
evm.TU.scaffold_4.1435,TRUE,TRUE,maternal zygotic
evm.TU.scaffold_4.1436,FALSE,FALSE,neither
evm.TU.scaffold_4.1437,TRUE,TRUE,maternal zygotic
evm.TU.scaffold_4.1438,TRUE,TRUE,maternal zygotic
evm.TU.scaffold_4.1439,TRUE,TRUE,maternal zygotic
evm.TU.scaffold_4.144,TRUE,TRUE,maternal zygotic
evm.TU.scaffold_4.1440,TRUE,TRUE,maternal zygotic
evm.TU.scaffold_4.1441,TRUE,TRUE,maternal zygotic
evm.TU.scaffold_4.1442,TRUE,TRUE,maternal zygotic
evm.TU.scaffold_4.1443,FALSE,TRUE,zygotic
evm.TU.scaffold_4.1444,FALSE,FALSE,neither
evm.TU.scaffold_4.1445_evm.TU.scaffold_4.1447,FALSE,FALSE,neither
evm.TU.scaffold_4.1446,FALSE,FALSE,neither
evm.TU.scaffold_4.1448,TRUE,TRUE,maternal zygotic
evm.TU.scaffold_4.1449,TRUE,TRUE,maternal zygotic
evm.TU.scaffold_4.145,TRUE,TRUE,maternal zygotic
evm.TU.scaffold_4.1450,TRUE,TRUE,maternal zygotic
evm.TU.scaffold_4.1451,TRUE,TRUE,maternal zygotic
evm.TU.scaffold_4.1452,TRUE,TRUE,maternal zygotic
evm.TU.scaffold_4.1453,TRUE,TRUE,maternal zygotic
evm.TU.scaffold_4.1454_evm.TU.scaffold_4.1455,TRUE,TRUE,maternal zygotic
evm.TU.scaffold_4.1456,TRUE,TRUE,maternal zygotic
evm.TU.scaffold_4.1457,TRUE,TRUE,maternal zygotic
evm.TU.scaffold_4.1458,FALSE,FALSE,neither
evm.TU.scaffold_4.1459,TRUE,TRUE,maternal zygotic
evm.TU.scaffold_4.146,FALSE,FALSE,neither
evm.TU.scaffold_4.1460,TRUE,TRUE,maternal zygotic
evm.TU.scaffold_4.1461,TRUE,TRUE,maternal zygotic
evm.TU.scaffold_4.1464,TRUE,TRUE,maternal zygotic
evm.TU.scaffold_4.1465,FALSE,FALSE,neither
evm.TU.scaffold_4.1466,FALSE,FALSE,neither
evm.TU.scaffold_4.1468,FALSE,FALSE,neither
evm.TU.scaffold_4.1469,FALSE,FALSE,neither
evm.TU.scaffold_4.147,FALSE,FALSE,neither
evm.TU.scaffold_4.1470,FALSE,FALSE,neither
evm.TU.scaffold_4.1472,TRUE,TRUE,maternal zygotic
evm.TU.scaffold_4.1473,FALSE,FALSE,neither
evm.TU.scaffold_4.1474,FALSE,FALSE,neither
evm.TU.scaffold_4.1476,FALSE,FALSE,neither
evm.TU.scaffold_4.1477,FALSE,FALSE,neither
evm.TU.scaffold_4.1478,TRUE,TRUE,maternal zygotic
evm.TU.scaffold_4.1479,TRUE,TRUE,maternal zygotic
evm.TU.scaffold_4.148,TRUE,TRUE,maternal zygotic
evm.TU.scaffold_4.1480,FALSE,FALSE,neither
evm.TU.scaffold_4.1481,FALSE,FALSE,neither
evm.TU.scaffold_4.1482,TRUE,TRUE,maternal zygotic
evm.TU.scaffold_4.1483,TRUE,TRUE,maternal zygotic
evm.TU.scaffold_4.1485,TRUE,TRUE,maternal zygotic
evm.TU.scaffold_4.1486,TRUE,TRUE,maternal zygotic
evm.TU.scaffold_4.1487,FALSE,FALSE,neither
evm.TU.scaffold_4.1488,FALSE,FALSE,neither
evm.TU.scaffold_4.1489,FALSE,FALSE,neither
evm.TU.scaffold_4.149,TRUE,TRUE,maternal zygotic
evm.TU.scaffold_4.1490,FALSE,FALSE,neither
evm.TU.scaffold_4.1491,FALSE,FALSE,neither
evm.TU.scaffold_4.1492,FALSE,FALSE,neither
evm.TU.scaffold_4.1495,TRUE,TRUE,maternal zygotic
evm.TU.scaffold_4.1496,FALSE,FALSE,neither
evm.TU.scaffold_4.1499,FALSE,FALSE,neither
evm.TU.scaffold_4.15,TRUE,TRUE,maternal zygotic
evm.TU.scaffold_4.150,FALSE,FALSE,neither
evm.TU.scaffold_4.1500,FALSE,FALSE,neither
evm.TU.scaffold_4.1501,TRUE,TRUE,maternal zygotic
evm.TU.scaffold_4.1502,FALSE,FALSE,neither
evm.TU.scaffold_4.1503,TRUE,TRUE,maternal zygotic
evm.TU.scaffold_4.1504,TRUE,FALSE,maternal
evm.TU.scaffold_4.1505,TRUE,TRUE,maternal zygotic
evm.TU.scaffold_4.1506,FALSE,FALSE,neither
evm.TU.scaffold_4.1508,FALSE,TRUE,zygotic
evm.TU.scaffold_4.1509,FALSE,FALSE,neither
evm.TU.scaffold_4.151,FALSE,FALSE,neither
evm.TU.scaffold_4.1510,TRUE,TRUE,maternal zygotic
evm.TU.scaffold_4.1511,TRUE,TRUE,maternal zygotic
evm.TU.scaffold_4.1512,TRUE,TRUE,maternal zygotic
evm.TU.scaffold_4.1513,FALSE,FALSE,neither
evm.TU.scaffold_4.1514,TRUE,FALSE,maternal
evm.TU.scaffold_4.1515,FALSE,FALSE,neither
evm.TU.scaffold_4.1516,FALSE,FALSE,neither
evm.TU.scaffold_4.1517,FALSE,FALSE,neither
evm.TU.scaffold_4.1518,FALSE,FALSE,neither
evm.TU.scaffold_4.152,TRUE,TRUE,maternal zygotic
evm.TU.scaffold_4.1520_evm.TU.scaffold_4.1521,TRUE,FALSE,maternal
evm.TU.scaffold_4.1522,TRUE,TRUE,maternal zygotic
evm.TU.scaffold_4.1526,FALSE,FALSE,neither
evm.TU.scaffold_4.1527,FALSE,FALSE,neither
evm.TU.scaffold_4.1528,FALSE,FALSE,neither
evm.TU.scaffold_4.1529,FALSE,FALSE,neither
evm.TU.scaffold_4.153,FALSE,FALSE,neither
evm.TU.scaffold_4.1530,FALSE,FALSE,neither
evm.TU.scaffold_4.1531,TRUE,FALSE,maternal
evm.TU.scaffold_4.1532,TRUE,TRUE,maternal zygotic
evm.TU.scaffold_4.1533,FALSE,FALSE,neither
evm.TU.scaffold_4.1537,TRUE,TRUE,maternal zygotic
evm.TU.scaffold_4.1538,FALSE,FALSE,neither
evm.TU.scaffold_4.1539,FALSE,FALSE,neither
evm.TU.scaffold_4.154,TRUE,TRUE,maternal zygotic
evm.TU.scaffold_4.1540,TRUE,TRUE,maternal zygotic
evm.TU.scaffold_4.1541,TRUE,TRUE,maternal zygotic
evm.TU.scaffold_4.1542,TRUE,TRUE,maternal zygotic
evm.TU.scaffold_4.1543,TRUE,TRUE,maternal zygotic
evm.TU.scaffold_4.1544,TRUE,TRUE,maternal zygotic
evm.TU.scaffold_4.1545,TRUE,TRUE,maternal zygotic
evm.TU.scaffold_4.1546,FALSE,FALSE,neither
evm.TU.scaffold_4.1547,TRUE,TRUE,maternal zygotic
evm.TU.scaffold_4.1548,FALSE,TRUE,zygotic
evm.TU.scaffold_4.155,TRUE,TRUE,maternal zygotic
evm.TU.scaffold_4.1550,FALSE,TRUE,zygotic
evm.TU.scaffold_4.1551,FALSE,FALSE,neither
evm.TU.scaffold_4.1552,FALSE,FALSE,neither
evm.TU.scaffold_4.1553,TRUE,TRUE,maternal zygotic
evm.TU.scaffold_4.1554,TRUE,TRUE,maternal zygotic
evm.TU.scaffold_4.1555,TRUE,TRUE,maternal zygotic
evm.TU.scaffold_4.1556,TRUE,TRUE,maternal zygotic
evm.TU.scaffold_4.1558,TRUE,TRUE,maternal zygotic
evm.TU.scaffold_4.1559,FALSE,FALSE,neither
evm.TU.scaffold_4.1560,FALSE,FALSE,neither
evm.TU.scaffold_4.1561,TRUE,TRUE,maternal zygotic
evm.TU.scaffold_4.1562,TRUE,TRUE,maternal zygotic
evm.TU.scaffold_4.1563,TRUE,TRUE,maternal zygotic
evm.TU.scaffold_4.1564,TRUE,TRUE,maternal zygotic
evm.TU.scaffold_4.1565,FALSE,FALSE,neither
evm.TU.scaffold_4.1566,TRUE,TRUE,maternal zygotic
evm.TU.scaffold_4.1567,TRUE,TRUE,maternal zygotic
evm.TU.scaffold_4.1568,TRUE,TRUE,maternal zygotic
evm.TU.scaffold_4.1569,FALSE,FALSE,neither
evm.TU.scaffold_4.156_evm.TU.scaffold_4.157,TRUE,TRUE,maternal zygotic
evm.TU.scaffold_4.1570,FALSE,FALSE,neither
evm.TU.scaffold_4.1571,FALSE,FALSE,neither
evm.TU.scaffold_4.1572,TRUE,TRUE,maternal zygotic
evm.TU.scaffold_4.1573,FALSE,TRUE,zygotic
evm.TU.scaffold_4.1574,FALSE,FALSE,neither
evm.TU.scaffold_4.1575,FALSE,TRUE,zygotic
evm.TU.scaffold_4.1576_evm.TU.scaffold_4.1577,FALSE,FALSE,neither
evm.TU.scaffold_4.1578,FALSE,FALSE,neither
evm.TU.scaffold_4.158,TRUE,TRUE,maternal zygotic
evm.TU.scaffold_4.1580,FALSE,FALSE,neither
evm.TU.scaffold_4.1582,FALSE,FALSE,neither
evm.TU.scaffold_4.1584,FALSE,TRUE,zygotic
evm.TU.scaffold_4.1585_evm.TU.scaffold_4.1586,TRUE,TRUE,maternal zygotic
evm.TU.scaffold_4.1587,TRUE,TRUE,maternal zygotic
evm.TU.scaffold_4.1588,TRUE,TRUE,maternal zygotic
evm.TU.scaffold_4.1589,TRUE,TRUE,maternal zygotic
evm.TU.scaffold_4.159,TRUE,TRUE,maternal zygotic
evm.TU.scaffold_4.1590,TRUE,TRUE,maternal zygotic
evm.TU.scaffold_4.1591,TRUE,TRUE,maternal zygotic
evm.TU.scaffold_4.1593,TRUE,TRUE,maternal zygotic
evm.TU.scaffold_4.1594,TRUE,TRUE,maternal zygotic
evm.TU.scaffold_4.1595,TRUE,TRUE,maternal zygotic
evm.TU.scaffold_4.1596,FALSE,FALSE,neither
evm.TU.scaffold_4.1597,TRUE,TRUE,maternal zygotic
evm.TU.scaffold_4.1599,TRUE,TRUE,maternal zygotic
evm.TU.scaffold_4.16,TRUE,TRUE,maternal zygotic
evm.TU.scaffold_4.1600,TRUE,TRUE,maternal zygotic
evm.TU.scaffold_4.1601,TRUE,TRUE,maternal zygotic
evm.TU.scaffold_4.1602,TRUE,TRUE,maternal zygotic
evm.TU.scaffold_4.1603,TRUE,TRUE,maternal zygotic
evm.TU.scaffold_4.1604,TRUE,TRUE,maternal zygotic
evm.TU.scaffold_4.1605,TRUE,TRUE,maternal zygotic
evm.TU.scaffold_4.1606,TRUE,TRUE,maternal zygotic
evm.TU.scaffold_4.1607,FALSE,FALSE,neither
evm.TU.scaffold_4.1608,TRUE,TRUE,maternal zygotic
evm.TU.scaffold_4.1609,FALSE,TRUE,zygotic
evm.TU.scaffold_4.160_evm.TU.scaffold_4.161,TRUE,TRUE,maternal zygotic
evm.TU.scaffold_4.1610,FALSE,FALSE,neither
evm.TU.scaffold_4.1611,FALSE,FALSE,neither
evm.TU.scaffold_4.1612,FALSE,FALSE,neither
evm.TU.scaffold_4.1614,FALSE,FALSE,neither
evm.TU.scaffold_4.1615,FALSE,FALSE,neither
evm.TU.scaffold_4.1616,TRUE,TRUE,maternal zygotic
evm.TU.scaffold_4.1617,TRUE,TRUE,maternal zygotic
evm.TU.scaffold_4.1618,FALSE,FALSE,neither
evm.TU.scaffold_4.1619,TRUE,TRUE,maternal zygotic
evm.TU.scaffold_4.162,TRUE,TRUE,maternal zygotic
evm.TU.scaffold_4.1620,FALSE,FALSE,neither
evm.TU.scaffold_4.1621,FALSE,FALSE,neither
evm.TU.scaffold_4.1622,FALSE,FALSE,neither
evm.TU.scaffold_4.1623,FALSE,FALSE,neither
evm.TU.scaffold_4.1624,TRUE,TRUE,maternal zygotic
evm.TU.scaffold_4.1625,FALSE,FALSE,neither
evm.TU.scaffold_4.1626,FALSE,FALSE,neither
evm.TU.scaffold_4.1627,FALSE,FALSE,neither
evm.TU.scaffold_4.1628,TRUE,TRUE,maternal zygotic
evm.TU.scaffold_4.1629,TRUE,TRUE,maternal zygotic
evm.TU.scaffold_4.163,TRUE,TRUE,maternal zygotic
evm.TU.scaffold_4.1630,TRUE,TRUE,maternal zygotic
evm.TU.scaffold_4.1631,TRUE,TRUE,maternal zygotic
evm.TU.scaffold_4.1632,TRUE,TRUE,maternal zygotic
evm.TU.scaffold_4.1633,TRUE,TRUE,maternal zygotic
evm.TU.scaffold_4.1634,FALSE,FALSE,neither
evm.TU.scaffold_4.1635,FALSE,FALSE,neither
evm.TU.scaffold_4.1636,FALSE,FALSE,neither
evm.TU.scaffold_4.1637,FALSE,FALSE,neither
evm.TU.scaffold_4.1638,FALSE,TRUE,zygotic
evm.TU.scaffold_4.1639,TRUE,TRUE,maternal zygotic
evm.TU.scaffold_4.164,TRUE,TRUE,maternal zygotic
evm.TU.scaffold_4.1640,TRUE,TRUE,maternal zygotic
evm.TU.scaffold_4.1641,TRUE,TRUE,maternal zygotic
evm.TU.scaffold_4.1642,TRUE,TRUE,maternal zygotic
evm.TU.scaffold_4.1643,TRUE,TRUE,maternal zygotic
evm.TU.scaffold_4.1644,FALSE,FALSE,neither
evm.TU.scaffold_4.1645,FALSE,FALSE,neither
evm.TU.scaffold_4.1647,FALSE,TRUE,zygotic
evm.TU.scaffold_4.1648,FALSE,FALSE,neither
evm.TU.scaffold_4.1649,FALSE,FALSE,neither
evm.TU.scaffold_4.165,FALSE,FALSE,neither
evm.TU.scaffold_4.1650,FALSE,FALSE,neither
evm.TU.scaffold_4.1652,TRUE,TRUE,maternal zygotic
evm.TU.scaffold_4.1653,TRUE,TRUE,maternal zygotic
evm.TU.scaffold_4.1654,FALSE,FALSE,neither
evm.TU.scaffold_4.1655,TRUE,TRUE,maternal zygotic
evm.TU.scaffold_4.1657,FALSE,FALSE,neither
evm.TU.scaffold_4.1659,FALSE,FALSE,neither
evm.TU.scaffold_4.166,TRUE,TRUE,maternal zygotic
evm.TU.scaffold_4.1660,FALSE,FALSE,neither
evm.TU.scaffold_4.1662,FALSE,FALSE,neither
evm.TU.scaffold_4.1663,FALSE,FALSE,neither
evm.TU.scaffold_4.1664,FALSE,FALSE,neither
evm.TU.scaffold_4.1667,FALSE,FALSE,neither
evm.TU.scaffold_4.1669,TRUE,TRUE,maternal zygotic
evm.TU.scaffold_4.167,TRUE,TRUE,maternal zygotic
evm.TU.scaffold_4.1671,FALSE,FALSE,neither
evm.TU.scaffold_4.1672,TRUE,TRUE,maternal zygotic
evm.TU.scaffold_4.1673,TRUE,TRUE,maternal zygotic
evm.TU.scaffold_4.1674,TRUE,TRUE,maternal zygotic
evm.TU.scaffold_4.1675,TRUE,TRUE,maternal zygotic
evm.TU.scaffold_4.1676,TRUE,TRUE,maternal zygotic
evm.TU.scaffold_4.1677,TRUE,TRUE,maternal zygotic
evm.TU.scaffold_4.1678,TRUE,TRUE,maternal zygotic
evm.TU.scaffold_4.1679,TRUE,TRUE,maternal zygotic
evm.TU.scaffold_4.168,TRUE,TRUE,maternal zygotic
evm.TU.scaffold_4.1680,FALSE,FALSE,neither
evm.TU.scaffold_4.1681,TRUE,TRUE,maternal zygotic
evm.TU.scaffold_4.1682,TRUE,TRUE,maternal zygotic
evm.TU.scaffold_4.1683,TRUE,TRUE,maternal zygotic
evm.TU.scaffold_4.1684,FALSE,FALSE,neither
evm.TU.scaffold_4.1685,FALSE,FALSE,neither
evm.TU.scaffold_4.1686,FALSE,FALSE,neither
evm.TU.scaffold_4.1688,TRUE,TRUE,maternal zygotic
evm.TU.scaffold_4.1689,FALSE,FALSE,neither
evm.TU.scaffold_4.169,TRUE,FALSE,maternal
evm.TU.scaffold_4.1690,TRUE,TRUE,maternal zygotic
evm.TU.scaffold_4.1691,TRUE,TRUE,maternal zygotic
evm.TU.scaffold_4.1692,FALSE,FALSE,neither
evm.TU.scaffold_4.1693,TRUE,TRUE,maternal zygotic
evm.TU.scaffold_4.1694,TRUE,TRUE,maternal zygotic
evm.TU.scaffold_4.1695,TRUE,TRUE,maternal zygotic
evm.TU.scaffold_4.1696,TRUE,TRUE,maternal zygotic
evm.TU.scaffold_4.1697,TRUE,TRUE,maternal zygotic
evm.TU.scaffold_4.1698,TRUE,TRUE,maternal zygotic
evm.TU.scaffold_4.1699,TRUE,TRUE,maternal zygotic
evm.TU.scaffold_4.17,TRUE,TRUE,maternal zygotic
evm.TU.scaffold_4.170,TRUE,FALSE,maternal
evm.TU.scaffold_4.1700,TRUE,TRUE,maternal zygotic
evm.TU.scaffold_4.1701,TRUE,FALSE,maternal
evm.TU.scaffold_4.1702,TRUE,TRUE,maternal zygotic
evm.TU.scaffold_4.1703,TRUE,TRUE,maternal zygotic
evm.TU.scaffold_4.1704,TRUE,TRUE,maternal zygotic
evm.TU.scaffold_4.1705,TRUE,TRUE,maternal zygotic
evm.TU.scaffold_4.1706,TRUE,TRUE,maternal zygotic
evm.TU.scaffold_4.1707,TRUE,FALSE,maternal
evm.TU.scaffold_4.1708,TRUE,TRUE,maternal zygotic
evm.TU.scaffold_4.1709,TRUE,TRUE,maternal zygotic
evm.TU.scaffold_4.171,TRUE,TRUE,maternal zygotic
evm.TU.scaffold_4.1711,TRUE,TRUE,maternal zygotic
evm.TU.scaffold_4.1712,TRUE,TRUE,maternal zygotic
evm.TU.scaffold_4.1713,FALSE,FALSE,neither
evm.TU.scaffold_4.1714,FALSE,FALSE,neither
evm.TU.scaffold_4.1716,FALSE,FALSE,neither
evm.TU.scaffold_4.1717,FALSE,FALSE,neither
evm.TU.scaffold_4.1718,TRUE,TRUE,maternal zygotic
evm.TU.scaffold_4.1719,TRUE,TRUE,maternal zygotic
evm.TU.scaffold_4.172,FALSE,FALSE,neither
evm.TU.scaffold_4.1720,TRUE,TRUE,maternal zygotic
evm.TU.scaffold_4.1721,TRUE,TRUE,maternal zygotic
evm.TU.scaffold_4.1722,FALSE,FALSE,neither
evm.TU.scaffold_4.1723,TRUE,TRUE,maternal zygotic
evm.TU.scaffold_4.1724,TRUE,TRUE,maternal zygotic
evm.TU.scaffold_4.1725,FALSE,FALSE,neither
evm.TU.scaffold_4.1726,FALSE,FALSE,neither
evm.TU.scaffold_4.1727,FALSE,FALSE,neither
evm.TU.scaffold_4.1728,TRUE,TRUE,maternal zygotic
evm.TU.scaffold_4.173,FALSE,TRUE,zygotic
evm.TU.scaffold_4.1730,FALSE,FALSE,neither
evm.TU.scaffold_4.1731,TRUE,TRUE,maternal zygotic
evm.TU.scaffold_4.1732,TRUE,TRUE,maternal zygotic
evm.TU.scaffold_4.1733,FALSE,FALSE,neither
evm.TU.scaffold_4.1734,TRUE,TRUE,maternal zygotic
evm.TU.scaffold_4.1735,TRUE,TRUE,maternal zygotic
evm.TU.scaffold_4.1736,TRUE,TRUE,maternal zygotic
evm.TU.scaffold_4.1737,TRUE,TRUE,maternal zygotic
evm.TU.scaffold_4.1738,TRUE,TRUE,maternal zygotic
evm.TU.scaffold_4.1739,TRUE,TRUE,maternal zygotic
evm.TU.scaffold_4.174,FALSE,FALSE,neither
evm.TU.scaffold_4.1741,FALSE,FALSE,neither
evm.TU.scaffold_4.1742,FALSE,FALSE,neither
evm.TU.scaffold_4.1743,FALSE,FALSE,neither
evm.TU.scaffold_4.1744,FALSE,FALSE,neither
evm.TU.scaffold_4.1745,FALSE,FALSE,neither
evm.TU.scaffold_4.1746,FALSE,FALSE,neither
evm.TU.scaffold_4.1747,FALSE,FALSE,neither
evm.TU.scaffold_4.1748,FALSE,FALSE,neither
evm.TU.scaffold_4.1749,FALSE,FALSE,neither
evm.TU.scaffold_4.175,FALSE,FALSE,neither
evm.TU.scaffold_4.1750,TRUE,FALSE,maternal
evm.TU.scaffold_4.1751,TRUE,TRUE,maternal zygotic
evm.TU.scaffold_4.1752,TRUE,TRUE,maternal zygotic
evm.TU.scaffold_4.1753,TRUE,TRUE,maternal zygotic
evm.TU.scaffold_4.1754,TRUE,TRUE,maternal zygotic
evm.TU.scaffold_4.1757,FALSE,FALSE,neither
evm.TU.scaffold_4.1758,FALSE,FALSE,neither
evm.TU.scaffold_4.176,TRUE,TRUE,maternal zygotic
evm.TU.scaffold_4.1760,FALSE,FALSE,neither
evm.TU.scaffold_4.1761,FALSE,FALSE,neither
evm.TU.scaffold_4.1762,TRUE,TRUE,maternal zygotic
evm.TU.scaffold_4.1763,TRUE,TRUE,maternal zygotic
evm.TU.scaffold_4.1764,TRUE,TRUE,maternal zygotic
evm.TU.scaffold_4.1765,FALSE,FALSE,neither
evm.TU.scaffold_4.1766,TRUE,TRUE,maternal zygotic
evm.TU.scaffold_4.1767,FALSE,FALSE,neither
evm.TU.scaffold_4.1768,FALSE,FALSE,neither
evm.TU.scaffold_4.1769,FALSE,FALSE,neither
evm.TU.scaffold_4.177,FALSE,FALSE,neither
evm.TU.scaffold_4.1770,FALSE,FALSE,neither
evm.TU.scaffold_4.1771,TRUE,TRUE,maternal zygotic
evm.TU.scaffold_4.1772,TRUE,TRUE,maternal zygotic
evm.TU.scaffold_4.1773,TRUE,TRUE,maternal zygotic
evm.TU.scaffold_4.1774,FALSE,FALSE,neither
evm.TU.scaffold_4.1775,FALSE,FALSE,neither
evm.TU.scaffold_4.1776,TRUE,TRUE,maternal zygotic
evm.TU.scaffold_4.1777,TRUE,TRUE,maternal zygotic
evm.TU.scaffold_4.1778,FALSE,FALSE,neither
evm.TU.scaffold_4.1779,FALSE,FALSE,neither
evm.TU.scaffold_4.178,FALSE,FALSE,neither
evm.TU.scaffold_4.1780,TRUE,TRUE,maternal zygotic
evm.TU.scaffold_4.1781,TRUE,TRUE,maternal zygotic
evm.TU.scaffold_4.1782,TRUE,TRUE,maternal zygotic
evm.TU.scaffold_4.1783,TRUE,TRUE,maternal zygotic
evm.TU.scaffold_4.1784,TRUE,TRUE,maternal zygotic
evm.TU.scaffold_4.1785,TRUE,TRUE,maternal zygotic
evm.TU.scaffold_4.1786,TRUE,TRUE,maternal zygotic
evm.TU.scaffold_4.1787,TRUE,TRUE,maternal zygotic
evm.TU.scaffold_4.1788,FALSE,FALSE,neither
evm.TU.scaffold_4.179,TRUE,TRUE,maternal zygotic
evm.TU.scaffold_4.1792,FALSE,FALSE,neither
evm.TU.scaffold_4.1793,FALSE,FALSE,neither
evm.TU.scaffold_4.1794,FALSE,FALSE,neither
evm.TU.scaffold_4.1795,FALSE,FALSE,neither
evm.TU.scaffold_4.1797,FALSE,FALSE,neither
evm.TU.scaffold_4.18,TRUE,TRUE,maternal zygotic
evm.TU.scaffold_4.180,TRUE,TRUE,maternal zygotic
evm.TU.scaffold_4.1800,FALSE,FALSE,neither
evm.TU.scaffold_4.1801,TRUE,TRUE,maternal zygotic
evm.TU.scaffold_4.1802,TRUE,TRUE,maternal zygotic
evm.TU.scaffold_4.1803,TRUE,TRUE,maternal zygotic
evm.TU.scaffold_4.1804,TRUE,TRUE,maternal zygotic
evm.TU.scaffold_4.1805,FALSE,FALSE,neither
evm.TU.scaffold_4.1806,TRUE,TRUE,maternal zygotic
evm.TU.scaffold_4.1807,TRUE,TRUE,maternal zygotic
evm.TU.scaffold_4.1808,FALSE,FALSE,neither
evm.TU.scaffold_4.1809,FALSE,FALSE,neither
evm.TU.scaffold_4.181,FALSE,FALSE,neither
evm.TU.scaffold_4.1810,FALSE,FALSE,neither
evm.TU.scaffold_4.1811,FALSE,FALSE,neither
evm.TU.scaffold_4.1812,FALSE,FALSE,neither
evm.TU.scaffold_4.1813,TRUE,TRUE,maternal zygotic
evm.TU.scaffold_4.1814,TRUE,TRUE,maternal zygotic
evm.TU.scaffold_4.1815,TRUE,TRUE,maternal zygotic
evm.TU.scaffold_4.1816,FALSE,FALSE,neither
evm.TU.scaffold_4.1817,TRUE,TRUE,maternal zygotic
evm.TU.scaffold_4.1818,TRUE,TRUE,maternal zygotic
evm.TU.scaffold_4.1819,TRUE,TRUE,maternal zygotic
evm.TU.scaffold_4.182,TRUE,TRUE,maternal zygotic
evm.TU.scaffold_4.1820,FALSE,FALSE,neither
evm.TU.scaffold_4.1821,TRUE,TRUE,maternal zygotic
evm.TU.scaffold_4.1822,TRUE,TRUE,maternal zygotic
evm.TU.scaffold_4.1823,TRUE,TRUE,maternal zygotic
evm.TU.scaffold_4.1824,TRUE,TRUE,maternal zygotic
evm.TU.scaffold_4.1826,FALSE,FALSE,neither
evm.TU.scaffold_4.1827,TRUE,TRUE,maternal zygotic
evm.TU.scaffold_4.1828,TRUE,TRUE,maternal zygotic
evm.TU.scaffold_4.1829,TRUE,TRUE,maternal zygotic
evm.TU.scaffold_4.183,TRUE,TRUE,maternal zygotic
evm.TU.scaffold_4.1830,TRUE,TRUE,maternal zygotic
evm.TU.scaffold_4.1831,FALSE,FALSE,neither
evm.TU.scaffold_4.1832,FALSE,FALSE,neither
evm.TU.scaffold_4.1833,FALSE,FALSE,neither
evm.TU.scaffold_4.1834,FALSE,FALSE,neither
evm.TU.scaffold_4.1835,TRUE,TRUE,maternal zygotic
evm.TU.scaffold_4.1836,TRUE,TRUE,maternal zygotic
evm.TU.scaffold_4.1837,TRUE,TRUE,maternal zygotic
evm.TU.scaffold_4.1838,FALSE,FALSE,neither
evm.TU.scaffold_4.1839,TRUE,TRUE,maternal zygotic
evm.TU.scaffold_4.184,TRUE,TRUE,maternal zygotic
evm.TU.scaffold_4.1840,FALSE,FALSE,neither
evm.TU.scaffold_4.1842,FALSE,FALSE,neither
evm.TU.scaffold_4.1844,FALSE,FALSE,neither
evm.TU.scaffold_4.1845,TRUE,TRUE,maternal zygotic
evm.TU.scaffold_4.1846,FALSE,TRUE,zygotic
evm.TU.scaffold_4.1849,FALSE,TRUE,zygotic
evm.TU.scaffold_4.185,FALSE,FALSE,neither
evm.TU.scaffold_4.1851,TRUE,TRUE,maternal zygotic
evm.TU.scaffold_4.1852,TRUE,TRUE,maternal zygotic
evm.TU.scaffold_4.1853,FALSE,FALSE,neither
evm.TU.scaffold_4.1854,FALSE,FALSE,neither
evm.TU.scaffold_4.1855,FALSE,FALSE,neither
evm.TU.scaffold_4.1856,FALSE,FALSE,neither
evm.TU.scaffold_4.1857,TRUE,TRUE,maternal zygotic
evm.TU.scaffold_4.1858,TRUE,TRUE,maternal zygotic
evm.TU.scaffold_4.1859,TRUE,TRUE,maternal zygotic
evm.TU.scaffold_4.1860,FALSE,FALSE,neither
evm.TU.scaffold_4.1861,TRUE,TRUE,maternal zygotic
evm.TU.scaffold_4.1862,TRUE,TRUE,maternal zygotic
evm.TU.scaffold_4.1863,TRUE,TRUE,maternal zygotic
evm.TU.scaffold_4.1864,TRUE,TRUE,maternal zygotic
evm.TU.scaffold_4.1865,TRUE,TRUE,maternal zygotic
evm.TU.scaffold_4.1866,TRUE,TRUE,maternal zygotic
evm.TU.scaffold_4.1867,TRUE,TRUE,maternal zygotic
evm.TU.scaffold_4.1868,TRUE,TRUE,maternal zygotic
evm.TU.scaffold_4.1869,TRUE,TRUE,maternal zygotic
evm.TU.scaffold_4.187,TRUE,TRUE,maternal zygotic
evm.TU.scaffold_4.1870,FALSE,FALSE,neither
evm.TU.scaffold_4.1871,TRUE,TRUE,maternal zygotic
evm.TU.scaffold_4.1872,TRUE,TRUE,maternal zygotic
evm.TU.scaffold_4.1873,TRUE,TRUE,maternal zygotic
evm.TU.scaffold_4.1874,TRUE,TRUE,maternal zygotic
evm.TU.scaffold_4.1875,TRUE,TRUE,maternal zygotic
evm.TU.scaffold_4.1876,TRUE,TRUE,maternal zygotic
evm.TU.scaffold_4.1877,TRUE,TRUE,maternal zygotic
evm.TU.scaffold_4.1878,TRUE,TRUE,maternal zygotic
evm.TU.scaffold_4.1879,TRUE,TRUE,maternal zygotic
evm.TU.scaffold_4.188,TRUE,TRUE,maternal zygotic
evm.TU.scaffold_4.1880,TRUE,TRUE,maternal zygotic
evm.TU.scaffold_4.1881,FALSE,FALSE,neither
evm.TU.scaffold_4.1882,FALSE,FALSE,neither
evm.TU.scaffold_4.1883,FALSE,FALSE,neither
evm.TU.scaffold_4.1884,FALSE,FALSE,neither
evm.TU.scaffold_4.1885,FALSE,FALSE,neither
evm.TU.scaffold_4.1886_evm.TU.scaffold_4.1887,FALSE,FALSE,neither
evm.TU.scaffold_4.1889,TRUE,TRUE,maternal zygotic
evm.TU.scaffold_4.189,TRUE,TRUE,maternal zygotic
evm.TU.scaffold_4.1890,TRUE,TRUE,maternal zygotic
evm.TU.scaffold_4.1891,FALSE,FALSE,neither
evm.TU.scaffold_4.1892,TRUE,TRUE,maternal zygotic
evm.TU.scaffold_4.1893,TRUE,TRUE,maternal zygotic
evm.TU.scaffold_4.1894,TRUE,TRUE,maternal zygotic
evm.TU.scaffold_4.1895,TRUE,TRUE,maternal zygotic
evm.TU.scaffold_4.1896,TRUE,TRUE,maternal zygotic
evm.TU.scaffold_4.1897,TRUE,TRUE,maternal zygotic
evm.TU.scaffold_4.1898,TRUE,TRUE,maternal zygotic
evm.TU.scaffold_4.1899,TRUE,TRUE,maternal zygotic
evm.TU.scaffold_4.19,TRUE,TRUE,maternal zygotic
evm.TU.scaffold_4.190,FALSE,FALSE,neither
evm.TU.scaffold_4.1900,FALSE,TRUE,zygotic
evm.TU.scaffold_4.1901,TRUE,TRUE,maternal zygotic
evm.TU.scaffold_4.1903,TRUE,TRUE,maternal zygotic
evm.TU.scaffold_4.1904,TRUE,TRUE,maternal zygotic
evm.TU.scaffold_4.1906,TRUE,TRUE,maternal zygotic
evm.TU.scaffold_4.1907,TRUE,TRUE,maternal zygotic
evm.TU.scaffold_4.1908_evm.TU.scaffold_4.1909,TRUE,TRUE,maternal zygotic
evm.TU.scaffold_4.191,TRUE,TRUE,maternal zygotic
evm.TU.scaffold_4.1910,FALSE,FALSE,neither
evm.TU.scaffold_4.1911,FALSE,FALSE,neither
evm.TU.scaffold_4.1912,FALSE,FALSE,neither
evm.TU.scaffold_4.1913,TRUE,TRUE,maternal zygotic
evm.TU.scaffold_4.1914,FALSE,FALSE,neither
evm.TU.scaffold_4.1915,FALSE,FALSE,neither
evm.TU.scaffold_4.1916,FALSE,TRUE,zygotic
evm.TU.scaffold_4.1917,TRUE,TRUE,maternal zygotic
evm.TU.scaffold_4.1918,TRUE,TRUE,maternal zygotic
evm.TU.scaffold_4.1919,TRUE,TRUE,maternal zygotic
evm.TU.scaffold_4.192,TRUE,TRUE,maternal zygotic
evm.TU.scaffold_4.1920,TRUE,TRUE,maternal zygotic
evm.TU.scaffold_4.1921,TRUE,TRUE,maternal zygotic
evm.TU.scaffold_4.1922,TRUE,TRUE,maternal zygotic
evm.TU.scaffold_4.1923,TRUE,TRUE,maternal zygotic
evm.TU.scaffold_4.1924,TRUE,TRUE,maternal zygotic
evm.TU.scaffold_4.1925,TRUE,TRUE,maternal zygotic
evm.TU.scaffold_4.193,FALSE,FALSE,neither
evm.TU.scaffold_4.1931,FALSE,FALSE,neither
evm.TU.scaffold_4.1932,FALSE,FALSE,neither
evm.TU.scaffold_4.1935,FALSE,FALSE,neither
evm.TU.scaffold_4.1936,FALSE,FALSE,neither
evm.TU.scaffold_4.1937,FALSE,FALSE,neither
evm.TU.scaffold_4.1938,FALSE,FALSE,neither
evm.TU.scaffold_4.1941,FALSE,FALSE,neither
evm.TU.scaffold_4.1947,TRUE,TRUE,maternal zygotic
evm.TU.scaffold_4.1948,FALSE,FALSE,neither
evm.TU.scaffold_4.1949,FALSE,TRUE,zygotic
evm.TU.scaffold_4.195,TRUE,TRUE,maternal zygotic
evm.TU.scaffold_4.1951,TRUE,TRUE,maternal zygotic
evm.TU.scaffold_4.1952,FALSE,FALSE,neither
evm.TU.scaffold_4.1954,FALSE,FALSE,neither
evm.TU.scaffold_4.1955,TRUE,TRUE,maternal zygotic
evm.TU.scaffold_4.1956,FALSE,TRUE,zygotic
evm.TU.scaffold_4.1957,TRUE,TRUE,maternal zygotic
evm.TU.scaffold_4.1958,TRUE,TRUE,maternal zygotic
evm.TU.scaffold_4.1959,TRUE,TRUE,maternal zygotic
evm.TU.scaffold_4.196,TRUE,TRUE,maternal zygotic
evm.TU.scaffold_4.1960_evm.TU.scaffold_4.1961,TRUE,TRUE,maternal zygotic
evm.TU.scaffold_4.1962,TRUE,TRUE,maternal zygotic
evm.TU.scaffold_4.1963,FALSE,TRUE,zygotic
evm.TU.scaffold_4.1964,TRUE,TRUE,maternal zygotic
evm.TU.scaffold_4.1969,FALSE,FALSE,neither
evm.TU.scaffold_4.197,TRUE,TRUE,maternal zygotic
evm.TU.scaffold_4.1970,TRUE,TRUE,maternal zygotic
evm.TU.scaffold_4.1971,FALSE,TRUE,zygotic
evm.TU.scaffold_4.1972,TRUE,TRUE,maternal zygotic
evm.TU.scaffold_4.1973,FALSE,FALSE,neither
evm.TU.scaffold_4.1974,FALSE,FALSE,neither
evm.TU.scaffold_4.1975,FALSE,FALSE,neither
evm.TU.scaffold_4.1976,FALSE,FALSE,neither
evm.TU.scaffold_4.1977,FALSE,FALSE,neither
evm.TU.scaffold_4.1978,TRUE,TRUE,maternal zygotic
evm.TU.scaffold_4.1979,TRUE,TRUE,maternal zygotic
evm.TU.scaffold_4.198,TRUE,TRUE,maternal zygotic
evm.TU.scaffold_4.1980,TRUE,TRUE,maternal zygotic
evm.TU.scaffold_4.1981,TRUE,TRUE,maternal zygotic
evm.TU.scaffold_4.1982,TRUE,TRUE,maternal zygotic
evm.TU.scaffold_4.1983,TRUE,TRUE,maternal zygotic
evm.TU.scaffold_4.1985,TRUE,TRUE,maternal zygotic
evm.TU.scaffold_4.1986_evm.TU.scaffold_4.1987,TRUE,TRUE,maternal zygotic
evm.TU.scaffold_4.1988_evm.TU.scaffold_4.1989,FALSE,FALSE,neither
evm.TU.scaffold_4.199,TRUE,TRUE,maternal zygotic
evm.TU.scaffold_4.1992,TRUE,TRUE,maternal zygotic
evm.TU.scaffold_4.1993,FALSE,TRUE,zygotic
evm.TU.scaffold_4.1994,FALSE,FALSE,neither
evm.TU.scaffold_4.1995,FALSE,FALSE,neither
evm.TU.scaffold_4.1996,TRUE,FALSE,maternal
evm.TU.scaffold_4.1997,FALSE,FALSE,neither
evm.TU.scaffold_4.20,TRUE,TRUE,maternal zygotic
evm.TU.scaffold_4.200,TRUE,TRUE,maternal zygotic
evm.TU.scaffold_4.2000,TRUE,TRUE,maternal zygotic
evm.TU.scaffold_4.2001_evm.TU.scaffold_4.2002,TRUE,FALSE,maternal
evm.TU.scaffold_4.2003,TRUE,TRUE,maternal zygotic
evm.TU.scaffold_4.2004,FALSE,FALSE,neither
evm.TU.scaffold_4.2005,TRUE,TRUE,maternal zygotic
evm.TU.scaffold_4.2006,FALSE,FALSE,neither
evm.TU.scaffold_4.2007,TRUE,TRUE,maternal zygotic
evm.TU.scaffold_4.2008,TRUE,TRUE,maternal zygotic
evm.TU.scaffold_4.2009,FALSE,FALSE,neither
evm.TU.scaffold_4.201,TRUE,TRUE,maternal zygotic
evm.TU.scaffold_4.2010,FALSE,FALSE,neither
evm.TU.scaffold_4.2011,FALSE,FALSE,neither
evm.TU.scaffold_4.2012,FALSE,FALSE,neither
evm.TU.scaffold_4.2013,TRUE,TRUE,maternal zygotic
evm.TU.scaffold_4.2014,TRUE,TRUE,maternal zygotic
evm.TU.scaffold_4.2015,TRUE,TRUE,maternal zygotic
evm.TU.scaffold_4.2016,TRUE,TRUE,maternal zygotic
evm.TU.scaffold_4.2017,FALSE,FALSE,neither
evm.TU.scaffold_4.2018,FALSE,FALSE,neither
evm.TU.scaffold_4.2019,TRUE,FALSE,maternal
evm.TU.scaffold_4.202,FALSE,FALSE,neither
evm.TU.scaffold_4.2020,FALSE,FALSE,neither
evm.TU.scaffold_4.2022,FALSE,FALSE,neither
evm.TU.scaffold_4.2023,FALSE,FALSE,neither
evm.TU.scaffold_4.2026,TRUE,TRUE,maternal zygotic
evm.TU.scaffold_4.2027,FALSE,FALSE,neither
evm.TU.scaffold_4.2028,FALSE,FALSE,neither
evm.TU.scaffold_4.2029,FALSE,FALSE,neither
evm.TU.scaffold_4.203,TRUE,TRUE,maternal zygotic
evm.TU.scaffold_4.2030,TRUE,TRUE,maternal zygotic
evm.TU.scaffold_4.2031,TRUE,TRUE,maternal zygotic
evm.TU.scaffold_4.2032,TRUE,TRUE,maternal zygotic
evm.TU.scaffold_4.2033,FALSE,FALSE,neither
evm.TU.scaffold_4.2036,FALSE,FALSE,neither
evm.TU.scaffold_4.2037,FALSE,FALSE,neither
evm.TU.scaffold_4.2038,FALSE,FALSE,neither
evm.TU.scaffold_4.2039,TRUE,TRUE,maternal zygotic
evm.TU.scaffold_4.204,TRUE,TRUE,maternal zygotic
evm.TU.scaffold_4.2040,TRUE,TRUE,maternal zygotic
evm.TU.scaffold_4.2041,TRUE,TRUE,maternal zygotic
evm.TU.scaffold_4.2042,FALSE,FALSE,neither
evm.TU.scaffold_4.2043,FALSE,FALSE,neither
evm.TU.scaffold_4.2044,TRUE,TRUE,maternal zygotic
evm.TU.scaffold_4.2045,TRUE,TRUE,maternal zygotic
evm.TU.scaffold_4.2046,TRUE,TRUE,maternal zygotic
evm.TU.scaffold_4.2047,TRUE,TRUE,maternal zygotic
evm.TU.scaffold_4.2048,TRUE,TRUE,maternal zygotic
evm.TU.scaffold_4.2049_evm.TU.scaffold_4.2049_evm.TU.scaffold_4.2050,TRUE,TRUE,maternal zygotic
evm.TU.scaffold_4.205,FALSE,FALSE,neither
evm.TU.scaffold_4.2051,FALSE,FALSE,neither
evm.TU.scaffold_4.2052,FALSE,FALSE,neither
evm.TU.scaffold_4.2053,FALSE,FALSE,neither
evm.TU.scaffold_4.2054,FALSE,FALSE,neither
evm.TU.scaffold_4.2056,TRUE,TRUE,maternal zygotic
evm.TU.scaffold_4.2058,FALSE,TRUE,zygotic
evm.TU.scaffold_4.206,TRUE,TRUE,maternal zygotic
evm.TU.scaffold_4.2060,FALSE,FALSE,neither
evm.TU.scaffold_4.2061,TRUE,TRUE,maternal zygotic
evm.TU.scaffold_4.2062,FALSE,FALSE,neither
evm.TU.scaffold_4.2063,TRUE,TRUE,maternal zygotic
evm.TU.scaffold_4.2064,TRUE,TRUE,maternal zygotic
evm.TU.scaffold_4.2065,FALSE,FALSE,neither
evm.TU.scaffold_4.2066,TRUE,TRUE,maternal zygotic
evm.TU.scaffold_4.2067,TRUE,TRUE,maternal zygotic
evm.TU.scaffold_4.2068,TRUE,TRUE,maternal zygotic
evm.TU.scaffold_4.2069,TRUE,TRUE,maternal zygotic
evm.TU.scaffold_4.207,TRUE,TRUE,maternal zygotic
evm.TU.scaffold_4.2071,TRUE,TRUE,maternal zygotic
evm.TU.scaffold_4.2072,TRUE,TRUE,maternal zygotic
evm.TU.scaffold_4.2073,TRUE,TRUE,maternal zygotic
evm.TU.scaffold_4.2074,TRUE,TRUE,maternal zygotic
evm.TU.scaffold_4.2075,TRUE,TRUE,maternal zygotic
evm.TU.scaffold_4.2076,FALSE,FALSE,neither
evm.TU.scaffold_4.2077,TRUE,TRUE,maternal zygotic
evm.TU.scaffold_4.2078,TRUE,TRUE,maternal zygotic
evm.TU.scaffold_4.2079,TRUE,TRUE,maternal zygotic
evm.TU.scaffold_4.208,FALSE,FALSE,neither
evm.TU.scaffold_4.2080,FALSE,FALSE,neither
evm.TU.scaffold_4.2081,TRUE,TRUE,maternal zygotic
evm.TU.scaffold_4.2082,TRUE,TRUE,maternal zygotic
evm.TU.scaffold_4.2083,TRUE,TRUE,maternal zygotic
evm.TU.scaffold_4.2084,TRUE,FALSE,maternal
evm.TU.scaffold_4.2085,TRUE,TRUE,maternal zygotic
evm.TU.scaffold_4.2086,TRUE,TRUE,maternal zygotic
evm.TU.scaffold_4.2087,TRUE,TRUE,maternal zygotic
evm.TU.scaffold_4.2088,FALSE,FALSE,neither
evm.TU.scaffold_4.2089,TRUE,TRUE,maternal zygotic
evm.TU.scaffold_4.209,TRUE,TRUE,maternal zygotic
evm.TU.scaffold_4.2090,TRUE,TRUE,maternal zygotic
evm.TU.scaffold_4.2091,TRUE,TRUE,maternal zygotic
evm.TU.scaffold_4.2092,TRUE,TRUE,maternal zygotic
evm.TU.scaffold_4.2093,TRUE,TRUE,maternal zygotic
evm.TU.scaffold_4.2094,TRUE,TRUE,maternal zygotic
evm.TU.scaffold_4.2095,TRUE,TRUE,maternal zygotic
evm.TU.scaffold_4.2096,FALSE,FALSE,neither
evm.TU.scaffold_4.2097,FALSE,TRUE,zygotic
evm.TU.scaffold_4.2098,FALSE,TRUE,zygotic
evm.TU.scaffold_4.2099,FALSE,FALSE,neither
evm.TU.scaffold_4.21,TRUE,TRUE,maternal zygotic
evm.TU.scaffold_4.210,FALSE,FALSE,neither
evm.TU.scaffold_4.2101,FALSE,FALSE,neither
evm.TU.scaffold_4.2102,TRUE,TRUE,maternal zygotic
evm.TU.scaffold_4.2103,TRUE,TRUE,maternal zygotic
evm.TU.scaffold_4.2104,TRUE,TRUE,maternal zygotic
evm.TU.scaffold_4.2105,TRUE,TRUE,maternal zygotic
evm.TU.scaffold_4.2106,TRUE,TRUE,maternal zygotic
evm.TU.scaffold_4.2107,TRUE,TRUE,maternal zygotic
evm.TU.scaffold_4.2108,TRUE,TRUE,maternal zygotic
evm.TU.scaffold_4.2109,TRUE,TRUE,maternal zygotic
evm.TU.scaffold_4.211,TRUE,TRUE,maternal zygotic
evm.TU.scaffold_4.2110,TRUE,TRUE,maternal zygotic
evm.TU.scaffold_4.2111,TRUE,TRUE,maternal zygotic
evm.TU.scaffold_4.2112,FALSE,TRUE,zygotic
evm.TU.scaffold_4.2113,TRUE,TRUE,maternal zygotic
evm.TU.scaffold_4.2114,FALSE,FALSE,neither
evm.TU.scaffold_4.2115,TRUE,TRUE,maternal zygotic
evm.TU.scaffold_4.2116_evm.TU.scaffold_4.2117,FALSE,FALSE,neither
evm.TU.scaffold_4.2118,FALSE,FALSE,neither
evm.TU.scaffold_4.212,TRUE,TRUE,maternal zygotic
evm.TU.scaffold_4.2120,FALSE,FALSE,neither
evm.TU.scaffold_4.2122,FALSE,TRUE,zygotic
evm.TU.scaffold_4.2123,TRUE,TRUE,maternal zygotic
evm.TU.scaffold_4.2124,TRUE,TRUE,maternal zygotic
evm.TU.scaffold_4.2125,TRUE,TRUE,maternal zygotic
evm.TU.scaffold_4.2126,TRUE,TRUE,maternal zygotic
evm.TU.scaffold_4.2127,FALSE,FALSE,neither
evm.TU.scaffold_4.2128,FALSE,FALSE,neither
evm.TU.scaffold_4.2129,TRUE,TRUE,maternal zygotic
evm.TU.scaffold_4.213,TRUE,TRUE,maternal zygotic
evm.TU.scaffold_4.2130,TRUE,TRUE,maternal zygotic
evm.TU.scaffold_4.2131,TRUE,TRUE,maternal zygotic
evm.TU.scaffold_4.2132,TRUE,TRUE,maternal zygotic
evm.TU.scaffold_4.2133,TRUE,TRUE,maternal zygotic
evm.TU.scaffold_4.2134,TRUE,TRUE,maternal zygotic
evm.TU.scaffold_4.2135,TRUE,TRUE,maternal zygotic
evm.TU.scaffold_4.2136,FALSE,FALSE,neither
evm.TU.scaffold_4.2137,FALSE,FALSE,neither
evm.TU.scaffold_4.2138,FALSE,FALSE,neither
evm.TU.scaffold_4.2139,FALSE,FALSE,neither
evm.TU.scaffold_4.214,FALSE,FALSE,neither
evm.TU.scaffold_4.2140_evm.TU.scaffold_4.2141,FALSE,FALSE,neither
evm.TU.scaffold_4.2142,FALSE,FALSE,neither
evm.TU.scaffold_4.2143,FALSE,FALSE,neither
evm.TU.scaffold_4.2144,FALSE,FALSE,neither
evm.TU.scaffold_4.2145,FALSE,FALSE,neither
evm.TU.scaffold_4.2147,TRUE,TRUE,maternal zygotic
evm.TU.scaffold_4.2148,FALSE,FALSE,neither
evm.TU.scaffold_4.2149,FALSE,FALSE,neither
evm.TU.scaffold_4.2150,TRUE,TRUE,maternal zygotic
evm.TU.scaffold_4.2151,FALSE,FALSE,neither
evm.TU.scaffold_4.2152,FALSE,FALSE,neither
evm.TU.scaffold_4.2153,TRUE,TRUE,maternal zygotic
evm.TU.scaffold_4.2154,TRUE,TRUE,maternal zygotic
evm.TU.scaffold_4.2155,TRUE,TRUE,maternal zygotic
evm.TU.scaffold_4.2156,FALSE,FALSE,neither
evm.TU.scaffold_4.2157,TRUE,TRUE,maternal zygotic
evm.TU.scaffold_4.2159,FALSE,FALSE,neither
evm.TU.scaffold_4.2160,FALSE,FALSE,neither
evm.TU.scaffold_4.2161,FALSE,FALSE,neither
evm.TU.scaffold_4.2162,FALSE,FALSE,neither
evm.TU.scaffold_4.2163,FALSE,FALSE,neither
evm.TU.scaffold_4.2164,FALSE,FALSE,neither
evm.TU.scaffold_4.2165,FALSE,FALSE,neither
evm.TU.scaffold_4.2166,FALSE,FALSE,neither
evm.TU.scaffold_4.2167,FALSE,FALSE,neither
evm.TU.scaffold_4.2168,FALSE,FALSE,neither
evm.TU.scaffold_4.2169,FALSE,FALSE,neither
evm.TU.scaffold_4.217,TRUE,TRUE,maternal zygotic
evm.TU.scaffold_4.2170,TRUE,TRUE,maternal zygotic
evm.TU.scaffold_4.2171,FALSE,FALSE,neither
evm.TU.scaffold_4.2172,FALSE,FALSE,neither
evm.TU.scaffold_4.2173,FALSE,FALSE,neither
evm.TU.scaffold_4.2174,TRUE,TRUE,maternal zygotic
evm.TU.scaffold_4.2175,TRUE,TRUE,maternal zygotic
evm.TU.scaffold_4.2176,TRUE,TRUE,maternal zygotic
evm.TU.scaffold_4.2177,TRUE,TRUE,maternal zygotic
evm.TU.scaffold_4.2178,TRUE,TRUE,maternal zygotic
evm.TU.scaffold_4.218,FALSE,FALSE,neither
evm.TU.scaffold_4.2180,FALSE,FALSE,neither
evm.TU.scaffold_4.2181,TRUE,TRUE,maternal zygotic
evm.TU.scaffold_4.2182,TRUE,TRUE,maternal zygotic
evm.TU.scaffold_4.2183,TRUE,TRUE,maternal zygotic
evm.TU.scaffold_4.2184,TRUE,TRUE,maternal zygotic
evm.TU.scaffold_4.2185,TRUE,TRUE,maternal zygotic
evm.TU.scaffold_4.2186,TRUE,TRUE,maternal zygotic
evm.TU.scaffold_4.2188,FALSE,TRUE,zygotic
evm.TU.scaffold_4.2189,TRUE,TRUE,maternal zygotic
evm.TU.scaffold_4.219,FALSE,FALSE,neither
evm.TU.scaffold_4.2190,FALSE,FALSE,neither
evm.TU.scaffold_4.2191,TRUE,TRUE,maternal zygotic
evm.TU.scaffold_4.2192,FALSE,FALSE,neither
evm.TU.scaffold_4.2193,FALSE,TRUE,zygotic
evm.TU.scaffold_4.2194,FALSE,FALSE,neither
evm.TU.scaffold_4.2195,FALSE,FALSE,neither
evm.TU.scaffold_4.2196,FALSE,TRUE,zygotic
evm.TU.scaffold_4.22,TRUE,TRUE,maternal zygotic
evm.TU.scaffold_4.2201,TRUE,TRUE,maternal zygotic
evm.TU.scaffold_4.2202,TRUE,TRUE,maternal zygotic
evm.TU.scaffold_4.2203,TRUE,TRUE,maternal zygotic
evm.TU.scaffold_4.2204,TRUE,TRUE,maternal zygotic
evm.TU.scaffold_4.2205,TRUE,TRUE,maternal zygotic
evm.TU.scaffold_4.2206,FALSE,FALSE,neither
evm.TU.scaffold_4.2207,FALSE,FALSE,neither
evm.TU.scaffold_4.2208,FALSE,FALSE,neither
evm.TU.scaffold_4.2209,FALSE,FALSE,neither
evm.TU.scaffold_4.2210,TRUE,TRUE,maternal zygotic
evm.TU.scaffold_4.2211,TRUE,TRUE,maternal zygotic
evm.TU.scaffold_4.2212,TRUE,TRUE,maternal zygotic
evm.TU.scaffold_4.2213,TRUE,FALSE,maternal
evm.TU.scaffold_4.2214,FALSE,FALSE,neither
evm.TU.scaffold_4.2215,FALSE,FALSE,neither
evm.TU.scaffold_4.2216,FALSE,FALSE,neither
evm.TU.scaffold_4.2217,FALSE,FALSE,neither
evm.TU.scaffold_4.2219,FALSE,FALSE,neither
evm.TU.scaffold_4.222,FALSE,FALSE,neither
evm.TU.scaffold_4.2220,FALSE,FALSE,neither
evm.TU.scaffold_4.2221,FALSE,TRUE,zygotic
evm.TU.scaffold_4.2222,FALSE,FALSE,neither
evm.TU.scaffold_4.2223,FALSE,TRUE,zygotic
evm.TU.scaffold_4.2224,TRUE,TRUE,maternal zygotic
evm.TU.scaffold_4.2225,FALSE,FALSE,neither
evm.TU.scaffold_4.2226,FALSE,FALSE,neither
evm.TU.scaffold_4.2227,TRUE,TRUE,maternal zygotic
evm.TU.scaffold_4.2228,TRUE,TRUE,maternal zygotic
evm.TU.scaffold_4.2229,TRUE,TRUE,maternal zygotic
evm.TU.scaffold_4.223,FALSE,FALSE,neither
evm.TU.scaffold_4.2230,TRUE,TRUE,maternal zygotic
evm.TU.scaffold_4.2231,FALSE,FALSE,neither
evm.TU.scaffold_4.2232,FALSE,FALSE,neither
evm.TU.scaffold_4.2233,TRUE,TRUE,maternal zygotic
evm.TU.scaffold_4.2234,FALSE,FALSE,neither
evm.TU.scaffold_4.2235,FALSE,FALSE,neither
evm.TU.scaffold_4.2236,FALSE,FALSE,neither
evm.TU.scaffold_4.2239,FALSE,FALSE,neither
evm.TU.scaffold_4.224,FALSE,FALSE,neither
evm.TU.scaffold_4.2240,FALSE,FALSE,neither
evm.TU.scaffold_4.2243,TRUE,TRUE,maternal zygotic
evm.TU.scaffold_4.2244,TRUE,TRUE,maternal zygotic
evm.TU.scaffold_4.2245,TRUE,TRUE,maternal zygotic
evm.TU.scaffold_4.2246,FALSE,TRUE,zygotic
evm.TU.scaffold_4.2247,TRUE,TRUE,maternal zygotic
evm.TU.scaffold_4.2248,TRUE,TRUE,maternal zygotic
evm.TU.scaffold_4.2249,TRUE,TRUE,maternal zygotic
evm.TU.scaffold_4.225,FALSE,FALSE,neither
evm.TU.scaffold_4.2250,TRUE,TRUE,maternal zygotic
evm.TU.scaffold_4.2251,TRUE,TRUE,maternal zygotic
evm.TU.scaffold_4.2252,TRUE,TRUE,maternal zygotic
evm.TU.scaffold_4.2253,FALSE,FALSE,neither
evm.TU.scaffold_4.2254,TRUE,TRUE,maternal zygotic
evm.TU.scaffold_4.2255,TRUE,TRUE,maternal zygotic
evm.TU.scaffold_4.2256,TRUE,TRUE,maternal zygotic
evm.TU.scaffold_4.2257,FALSE,FALSE,neither
evm.TU.scaffold_4.2258,FALSE,FALSE,neither
evm.TU.scaffold_4.2259,FALSE,FALSE,neither
evm.TU.scaffold_4.226,TRUE,TRUE,maternal zygotic
evm.TU.scaffold_4.2260,FALSE,FALSE,neither
evm.TU.scaffold_4.2261,TRUE,TRUE,maternal zygotic
evm.TU.scaffold_4.2262,TRUE,TRUE,maternal zygotic
evm.TU.scaffold_4.2263,TRUE,TRUE,maternal zygotic
evm.TU.scaffold_4.2264,TRUE,TRUE,maternal zygotic
evm.TU.scaffold_4.2266,FALSE,FALSE,neither
evm.TU.scaffold_4.2268,TRUE,TRUE,maternal zygotic
evm.TU.scaffold_4.2269,FALSE,FALSE,neither
evm.TU.scaffold_4.227,TRUE,TRUE,maternal zygotic
evm.TU.scaffold_4.2270,FALSE,FALSE,neither
evm.TU.scaffold_4.2271,FALSE,FALSE,neither
evm.TU.scaffold_4.2272,TRUE,TRUE,maternal zygotic
evm.TU.scaffold_4.2273,TRUE,TRUE,maternal zygotic
evm.TU.scaffold_4.2274,FALSE,FALSE,neither
evm.TU.scaffold_4.2275,TRUE,TRUE,maternal zygotic
evm.TU.scaffold_4.2276,TRUE,TRUE,maternal zygotic
evm.TU.scaffold_4.2277,TRUE,TRUE,maternal zygotic
evm.TU.scaffold_4.2278,TRUE,TRUE,maternal zygotic
evm.TU.scaffold_4.2279,TRUE,TRUE,maternal zygotic
evm.TU.scaffold_4.228,FALSE,FALSE,neither
evm.TU.scaffold_4.2280,FALSE,FALSE,neither
evm.TU.scaffold_4.2281,FALSE,FALSE,neither
evm.TU.scaffold_4.2282,FALSE,FALSE,neither
evm.TU.scaffold_4.2283,FALSE,FALSE,neither
evm.TU.scaffold_4.2284,FALSE,FALSE,neither
evm.TU.scaffold_4.2285,TRUE,TRUE,maternal zygotic
evm.TU.scaffold_4.2286,TRUE,TRUE,maternal zygotic
evm.TU.scaffold_4.2287,TRUE,TRUE,maternal zygotic
evm.TU.scaffold_4.2288,TRUE,TRUE,maternal zygotic
evm.TU.scaffold_4.2289,TRUE,TRUE,maternal zygotic
evm.TU.scaffold_4.229,FALSE,FALSE,neither
evm.TU.scaffold_4.2290,TRUE,TRUE,maternal zygotic
evm.TU.scaffold_4.2291,TRUE,TRUE,maternal zygotic
evm.TU.scaffold_4.2292,FALSE,FALSE,neither
evm.TU.scaffold_4.2293,TRUE,TRUE,maternal zygotic
evm.TU.scaffold_4.2294,TRUE,TRUE,maternal zygotic
evm.TU.scaffold_4.2295,FALSE,FALSE,neither
evm.TU.scaffold_4.2296,FALSE,FALSE,neither
evm.TU.scaffold_4.2297,TRUE,TRUE,maternal zygotic
evm.TU.scaffold_4.2298,TRUE,TRUE,maternal zygotic
evm.TU.scaffold_4.2299,TRUE,TRUE,maternal zygotic
evm.TU.scaffold_4.23,TRUE,TRUE,maternal zygotic
evm.TU.scaffold_4.230,FALSE,FALSE,neither
evm.TU.scaffold_4.2300,FALSE,FALSE,neither
evm.TU.scaffold_4.2301,TRUE,TRUE,maternal zygotic
evm.TU.scaffold_4.2302,TRUE,TRUE,maternal zygotic
evm.TU.scaffold_4.2303,FALSE,FALSE,neither
evm.TU.scaffold_4.2304,FALSE,FALSE,neither
evm.TU.scaffold_4.2305,FALSE,FALSE,neither
evm.TU.scaffold_4.2306,TRUE,FALSE,maternal
evm.TU.scaffold_4.2307,TRUE,TRUE,maternal zygotic
evm.TU.scaffold_4.2308,TRUE,TRUE,maternal zygotic
evm.TU.scaffold_4.2309,TRUE,TRUE,maternal zygotic
evm.TU.scaffold_4.231,FALSE,FALSE,neither
evm.TU.scaffold_4.2310,TRUE,TRUE,maternal zygotic
evm.TU.scaffold_4.2311,TRUE,TRUE,maternal zygotic
evm.TU.scaffold_4.2312,TRUE,TRUE,maternal zygotic
evm.TU.scaffold_4.2313,TRUE,TRUE,maternal zygotic
evm.TU.scaffold_4.2314,TRUE,TRUE,maternal zygotic
evm.TU.scaffold_4.2315,FALSE,TRUE,zygotic
evm.TU.scaffold_4.2317,FALSE,FALSE,neither
evm.TU.scaffold_4.2318,FALSE,FALSE,neither
evm.TU.scaffold_4.232,FALSE,FALSE,neither
evm.TU.scaffold_4.2320,TRUE,FALSE,maternal
evm.TU.scaffold_4.2321,FALSE,FALSE,neither
evm.TU.scaffold_4.2322,TRUE,TRUE,maternal zygotic
evm.TU.scaffold_4.2323,TRUE,TRUE,maternal zygotic
evm.TU.scaffold_4.2324,TRUE,TRUE,maternal zygotic
evm.TU.scaffold_4.2325,TRUE,FALSE,maternal
evm.TU.scaffold_4.2326,TRUE,TRUE,maternal zygotic
evm.TU.scaffold_4.2327,TRUE,TRUE,maternal zygotic
evm.TU.scaffold_4.2328,TRUE,TRUE,maternal zygotic
evm.TU.scaffold_4.2329,TRUE,TRUE,maternal zygotic
evm.TU.scaffold_4.233,TRUE,TRUE,maternal zygotic
evm.TU.scaffold_4.2330,TRUE,TRUE,maternal zygotic
evm.TU.scaffold_4.2331,TRUE,TRUE,maternal zygotic
evm.TU.scaffold_4.2332,TRUE,TRUE,maternal zygotic
evm.TU.scaffold_4.2333,TRUE,TRUE,maternal zygotic
evm.TU.scaffold_4.2334,FALSE,FALSE,neither
evm.TU.scaffold_4.2335,TRUE,TRUE,maternal zygotic
evm.TU.scaffold_4.2336,TRUE,TRUE,maternal zygotic
evm.TU.scaffold_4.2337,TRUE,TRUE,maternal zygotic
evm.TU.scaffold_4.234,TRUE,TRUE,maternal zygotic
evm.TU.scaffold_4.2340,FALSE,FALSE,neither
evm.TU.scaffold_4.2341,FALSE,FALSE,neither
evm.TU.scaffold_4.2342,FALSE,FALSE,neither
evm.TU.scaffold_4.2343,FALSE,FALSE,neither
evm.TU.scaffold_4.2344,TRUE,TRUE,maternal zygotic
evm.TU.scaffold_4.2345,TRUE,TRUE,maternal zygotic
evm.TU.scaffold_4.2346,TRUE,TRUE,maternal zygotic
evm.TU.scaffold_4.2347,FALSE,TRUE,zygotic
evm.TU.scaffold_4.2348,TRUE,TRUE,maternal zygotic
evm.TU.scaffold_4.2349,TRUE,TRUE,maternal zygotic
evm.TU.scaffold_4.235,TRUE,TRUE,maternal zygotic
evm.TU.scaffold_4.2350,TRUE,TRUE,maternal zygotic
evm.TU.scaffold_4.2351,FALSE,FALSE,neither
evm.TU.scaffold_4.2352,TRUE,TRUE,maternal zygotic
evm.TU.scaffold_4.2353,TRUE,TRUE,maternal zygotic
evm.TU.scaffold_4.2354,TRUE,TRUE,maternal zygotic
evm.TU.scaffold_4.2355,FALSE,FALSE,neither
evm.TU.scaffold_4.2356,FALSE,FALSE,neither
evm.TU.scaffold_4.2357,FALSE,FALSE,neither
evm.TU.scaffold_4.2358,TRUE,TRUE,maternal zygotic
evm.TU.scaffold_4.2359,TRUE,TRUE,maternal zygotic
evm.TU.scaffold_4.236,TRUE,TRUE,maternal zygotic
evm.TU.scaffold_4.2360,TRUE,TRUE,maternal zygotic
evm.TU.scaffold_4.2361,TRUE,TRUE,maternal zygotic
evm.TU.scaffold_4.2362,TRUE,TRUE,maternal zygotic
evm.TU.scaffold_4.2363,FALSE,TRUE,zygotic
evm.TU.scaffold_4.2364,TRUE,TRUE,maternal zygotic
evm.TU.scaffold_4.2365,TRUE,TRUE,maternal zygotic
evm.TU.scaffold_4.2366,TRUE,TRUE,maternal zygotic
evm.TU.scaffold_4.2367,TRUE,TRUE,maternal zygotic
evm.TU.scaffold_4.2368,TRUE,TRUE,maternal zygotic
evm.TU.scaffold_4.2369,TRUE,TRUE,maternal zygotic
evm.TU.scaffold_4.2370,TRUE,TRUE,maternal zygotic
evm.TU.scaffold_4.2371,TRUE,TRUE,maternal zygotic
evm.TU.scaffold_4.2372,TRUE,TRUE,maternal zygotic
evm.TU.scaffold_4.2373,TRUE,TRUE,maternal zygotic
evm.TU.scaffold_4.2374,TRUE,TRUE,maternal zygotic
evm.TU.scaffold_4.2375,TRUE,TRUE,maternal zygotic
evm.TU.scaffold_4.2376,TRUE,TRUE,maternal zygotic
evm.TU.scaffold_4.2377,TRUE,TRUE,maternal zygotic
evm.TU.scaffold_4.2378,FALSE,FALSE,neither
evm.TU.scaffold_4.2379,TRUE,TRUE,maternal zygotic
evm.TU.scaffold_4.238,FALSE,FALSE,neither
evm.TU.scaffold_4.2380,FALSE,FALSE,neither
evm.TU.scaffold_4.2381,FALSE,FALSE,neither
evm.TU.scaffold_4.2382,TRUE,TRUE,maternal zygotic
evm.TU.scaffold_4.2383,TRUE,TRUE,maternal zygotic
evm.TU.scaffold_4.2384,TRUE,TRUE,maternal zygotic
evm.TU.scaffold_4.2385,TRUE,TRUE,maternal zygotic
evm.TU.scaffold_4.2386,FALSE,FALSE,neither
evm.TU.scaffold_4.2387,TRUE,TRUE,maternal zygotic
evm.TU.scaffold_4.2388,TRUE,TRUE,maternal zygotic
evm.TU.scaffold_4.2389,FALSE,FALSE,neither
evm.TU.scaffold_4.239,FALSE,FALSE,neither
evm.TU.scaffold_4.2390,TRUE,TRUE,maternal zygotic
evm.TU.scaffold_4.2391,TRUE,TRUE,maternal zygotic
evm.TU.scaffold_4.2392,TRUE,TRUE,maternal zygotic
evm.TU.scaffold_4.2393,TRUE,TRUE,maternal zygotic
evm.TU.scaffold_4.2394,TRUE,TRUE,maternal zygotic
evm.TU.scaffold_4.2395,FALSE,FALSE,neither
evm.TU.scaffold_4.2396,FALSE,FALSE,neither
evm.TU.scaffold_4.2397,TRUE,TRUE,maternal zygotic
evm.TU.scaffold_4.2398,FALSE,FALSE,neither
evm.TU.scaffold_4.2399,FALSE,FALSE,neither
evm.TU.scaffold_4.24,TRUE,TRUE,maternal zygotic
evm.TU.scaffold_4.240,FALSE,FALSE,neither
evm.TU.scaffold_4.2400,TRUE,TRUE,maternal zygotic
evm.TU.scaffold_4.2401,TRUE,TRUE,maternal zygotic
evm.TU.scaffold_4.2402,TRUE,TRUE,maternal zygotic
evm.TU.scaffold_4.2403,FALSE,FALSE,neither
evm.TU.scaffold_4.2404,TRUE,TRUE,maternal zygotic
evm.TU.scaffold_4.2405,TRUE,TRUE,maternal zygotic
evm.TU.scaffold_4.2406,TRUE,TRUE,maternal zygotic
evm.TU.scaffold_4.2407,TRUE,TRUE,maternal zygotic
evm.TU.scaffold_4.2408,TRUE,TRUE,maternal zygotic
evm.TU.scaffold_4.2409,TRUE,TRUE,maternal zygotic
evm.TU.scaffold_4.241,FALSE,FALSE,neither
evm.TU.scaffold_4.2410,TRUE,TRUE,maternal zygotic
evm.TU.scaffold_4.2411,TRUE,TRUE,maternal zygotic
evm.TU.scaffold_4.2413,TRUE,TRUE,maternal zygotic
evm.TU.scaffold_4.2414,TRUE,TRUE,maternal zygotic
evm.TU.scaffold_4.2415,TRUE,TRUE,maternal zygotic
evm.TU.scaffold_4.2416,FALSE,FALSE,neither
evm.TU.scaffold_4.2417,TRUE,TRUE,maternal zygotic
evm.TU.scaffold_4.2418,FALSE,FALSE,neither
evm.TU.scaffold_4.2419,TRUE,TRUE,maternal zygotic
evm.TU.scaffold_4.242,FALSE,FALSE,neither
evm.TU.scaffold_4.2420,FALSE,FALSE,neither
evm.TU.scaffold_4.2421,TRUE,FALSE,maternal
evm.TU.scaffold_4.2422,TRUE,TRUE,maternal zygotic
evm.TU.scaffold_4.2423,FALSE,FALSE,neither
evm.TU.scaffold_4.2424,FALSE,FALSE,neither
evm.TU.scaffold_4.2425,FALSE,FALSE,neither
evm.TU.scaffold_4.2426,FALSE,FALSE,neither
evm.TU.scaffold_4.2427,FALSE,FALSE,neither
evm.TU.scaffold_4.2428,TRUE,TRUE,maternal zygotic
evm.TU.scaffold_4.2429,TRUE,TRUE,maternal zygotic
evm.TU.scaffold_4.243,FALSE,TRUE,zygotic
evm.TU.scaffold_4.2430,TRUE,TRUE,maternal zygotic
evm.TU.scaffold_4.2433,TRUE,TRUE,maternal zygotic
evm.TU.scaffold_4.2434,TRUE,TRUE,maternal zygotic
evm.TU.scaffold_4.2435,TRUE,TRUE,maternal zygotic
evm.TU.scaffold_4.2436,TRUE,TRUE,maternal zygotic
evm.TU.scaffold_4.2437,TRUE,TRUE,maternal zygotic
evm.TU.scaffold_4.2438,TRUE,TRUE,maternal zygotic
evm.TU.scaffold_4.2439,TRUE,TRUE,maternal zygotic
evm.TU.scaffold_4.2440,FALSE,TRUE,zygotic
evm.TU.scaffold_4.2441,FALSE,FALSE,neither
evm.TU.scaffold_4.2442,FALSE,FALSE,neither
evm.TU.scaffold_4.2443,TRUE,TRUE,maternal zygotic
evm.TU.scaffold_4.2444,FALSE,TRUE,zygotic
evm.TU.scaffold_4.2445,FALSE,FALSE,neither
evm.TU.scaffold_4.2446,FALSE,FALSE,neither
evm.TU.scaffold_4.2447,FALSE,FALSE,neither
evm.TU.scaffold_4.2448,FALSE,FALSE,neither
evm.TU.scaffold_4.2449,FALSE,FALSE,neither
evm.TU.scaffold_4.245,FALSE,FALSE,neither
evm.TU.scaffold_4.2450,TRUE,TRUE,maternal zygotic
evm.TU.scaffold_4.2451_evm.TU.scaffold_4.2452,FALSE,FALSE,neither
evm.TU.scaffold_4.2453,FALSE,FALSE,neither
evm.TU.scaffold_4.2454,FALSE,FALSE,neither
evm.TU.scaffold_4.2455,FALSE,FALSE,neither
evm.TU.scaffold_4.2456,FALSE,FALSE,neither
evm.TU.scaffold_4.2457,FALSE,FALSE,neither
evm.TU.scaffold_4.2459,FALSE,TRUE,zygotic
evm.TU.scaffold_4.246,TRUE,TRUE,maternal zygotic
evm.TU.scaffold_4.2460,TRUE,TRUE,maternal zygotic
evm.TU.scaffold_4.2461,FALSE,FALSE,neither
evm.TU.scaffold_4.2462,FALSE,FALSE,neither
evm.TU.scaffold_4.2463,FALSE,FALSE,neither
evm.TU.scaffold_4.2464,FALSE,FALSE,neither
evm.TU.scaffold_4.2465,TRUE,TRUE,maternal zygotic
evm.TU.scaffold_4.2466,TRUE,TRUE,maternal zygotic
evm.TU.scaffold_4.2467,FALSE,FALSE,neither
evm.TU.scaffold_4.2468,FALSE,FALSE,neither
evm.TU.scaffold_4.2469,FALSE,FALSE,neither
evm.TU.scaffold_4.247,TRUE,TRUE,maternal zygotic
evm.TU.scaffold_4.2470,FALSE,FALSE,neither
evm.TU.scaffold_4.2471,FALSE,FALSE,neither
evm.TU.scaffold_4.2472,FALSE,FALSE,neither
evm.TU.scaffold_4.2473,FALSE,FALSE,neither
evm.TU.scaffold_4.2474,TRUE,TRUE,maternal zygotic
evm.TU.scaffold_4.2475,FALSE,FALSE,neither
evm.TU.scaffold_4.2476,FALSE,FALSE,neither
evm.TU.scaffold_4.2477,TRUE,FALSE,maternal
evm.TU.scaffold_4.2478,FALSE,FALSE,neither
evm.TU.scaffold_4.2479,TRUE,TRUE,maternal zygotic
evm.TU.scaffold_4.248,TRUE,TRUE,maternal zygotic
evm.TU.scaffold_4.2480,FALSE,FALSE,neither
evm.TU.scaffold_4.2481,FALSE,FALSE,neither
evm.TU.scaffold_4.2482,FALSE,FALSE,neither
evm.TU.scaffold_4.2483,FALSE,FALSE,neither
evm.TU.scaffold_4.2484,FALSE,FALSE,neither
evm.TU.scaffold_4.2485,FALSE,FALSE,neither
evm.TU.scaffold_4.2486,FALSE,FALSE,neither
evm.TU.scaffold_4.2487,TRUE,TRUE,maternal zygotic
evm.TU.scaffold_4.2488,TRUE,TRUE,maternal zygotic
evm.TU.scaffold_4.2489,TRUE,TRUE,maternal zygotic
evm.TU.scaffold_4.249,TRUE,TRUE,maternal zygotic
evm.TU.scaffold_4.2490,FALSE,FALSE,neither
evm.TU.scaffold_4.2491,TRUE,TRUE,maternal zygotic
evm.TU.scaffold_4.2492,TRUE,FALSE,maternal
evm.TU.scaffold_4.2493,TRUE,TRUE,maternal zygotic
evm.TU.scaffold_4.2494,FALSE,FALSE,neither
evm.TU.scaffold_4.2495,TRUE,TRUE,maternal zygotic
evm.TU.scaffold_4.2496,TRUE,TRUE,maternal zygotic
evm.TU.scaffold_4.2497,TRUE,TRUE,maternal zygotic
evm.TU.scaffold_4.2498,TRUE,TRUE,maternal zygotic
evm.TU.scaffold_4.2499,TRUE,TRUE,maternal zygotic
evm.TU.scaffold_4.25,TRUE,TRUE,maternal zygotic
evm.TU.scaffold_4.250,TRUE,TRUE,maternal zygotic
evm.TU.scaffold_4.2501,TRUE,TRUE,maternal zygotic
evm.TU.scaffold_4.2502,FALSE,TRUE,zygotic
evm.TU.scaffold_4.2503,TRUE,TRUE,maternal zygotic
evm.TU.scaffold_4.2504,TRUE,TRUE,maternal zygotic
evm.TU.scaffold_4.2505,FALSE,FALSE,neither
evm.TU.scaffold_4.2506,FALSE,FALSE,neither
evm.TU.scaffold_4.2507,TRUE,TRUE,maternal zygotic
evm.TU.scaffold_4.251,TRUE,TRUE,maternal zygotic
evm.TU.scaffold_4.2510,FALSE,FALSE,neither
evm.TU.scaffold_4.2511,FALSE,FALSE,neither
evm.TU.scaffold_4.2514,FALSE,FALSE,neither
evm.TU.scaffold_4.2517,FALSE,FALSE,neither
evm.TU.scaffold_4.2518,FALSE,FALSE,neither
evm.TU.scaffold_4.2519,FALSE,FALSE,neither
evm.TU.scaffold_4.2522,FALSE,FALSE,neither
evm.TU.scaffold_4.2524,FALSE,FALSE,neither
evm.TU.scaffold_4.2525,FALSE,FALSE,neither
evm.TU.scaffold_4.2527,FALSE,FALSE,neither
evm.TU.scaffold_4.2528,FALSE,FALSE,neither
evm.TU.scaffold_4.2529,FALSE,FALSE,neither
evm.TU.scaffold_4.2530,FALSE,FALSE,neither
evm.TU.scaffold_4.2531,FALSE,FALSE,neither
evm.TU.scaffold_4.2535,TRUE,TRUE,maternal zygotic
evm.TU.scaffold_4.254,TRUE,TRUE,maternal zygotic
evm.TU.scaffold_4.2541,FALSE,FALSE,neither
evm.TU.scaffold_4.2542,FALSE,FALSE,neither
evm.TU.scaffold_4.2543,FALSE,FALSE,neither
evm.TU.scaffold_4.2544,TRUE,TRUE,maternal zygotic
evm.TU.scaffold_4.2545,TRUE,TRUE,maternal zygotic
evm.TU.scaffold_4.2546,FALSE,TRUE,zygotic
evm.TU.scaffold_4.2547,FALSE,TRUE,zygotic
evm.TU.scaffold_4.2548,FALSE,FALSE,neither
evm.TU.scaffold_4.2549,FALSE,FALSE,neither
evm.TU.scaffold_4.255,TRUE,TRUE,maternal zygotic
evm.TU.scaffold_4.2550_evm.TU.scaffold_4.2551,TRUE,TRUE,maternal zygotic
evm.TU.scaffold_4.2553,TRUE,TRUE,maternal zygotic
evm.TU.scaffold_4.2554,TRUE,TRUE,maternal zygotic
evm.TU.scaffold_4.2555,FALSE,FALSE,neither
evm.TU.scaffold_4.2556,FALSE,FALSE,neither
evm.TU.scaffold_4.2559,FALSE,TRUE,zygotic
evm.TU.scaffold_4.256,TRUE,TRUE,maternal zygotic
evm.TU.scaffold_4.2560,FALSE,FALSE,neither
evm.TU.scaffold_4.2561,FALSE,FALSE,neither
evm.TU.scaffold_4.2564,TRUE,TRUE,maternal zygotic
evm.TU.scaffold_4.2565,TRUE,TRUE,maternal zygotic
evm.TU.scaffold_4.2566,TRUE,TRUE,maternal zygotic
evm.TU.scaffold_4.2567,TRUE,TRUE,maternal zygotic
evm.TU.scaffold_4.2568,FALSE,FALSE,neither
evm.TU.scaffold_4.2569,FALSE,FALSE,neither
evm.TU.scaffold_4.257,FALSE,FALSE,neither
evm.TU.scaffold_4.2570,TRUE,TRUE,maternal zygotic
evm.TU.scaffold_4.2571,FALSE,FALSE,neither
evm.TU.scaffold_4.2572,FALSE,FALSE,neither
evm.TU.scaffold_4.2573,FALSE,FALSE,neither
evm.TU.scaffold_4.2574,TRUE,TRUE,maternal zygotic
evm.TU.scaffold_4.2575,TRUE,TRUE,maternal zygotic
evm.TU.scaffold_4.2576,TRUE,TRUE,maternal zygotic
evm.TU.scaffold_4.2577,FALSE,FALSE,neither
evm.TU.scaffold_4.2578,TRUE,TRUE,maternal zygotic
evm.TU.scaffold_4.2579,TRUE,TRUE,maternal zygotic
evm.TU.scaffold_4.258,TRUE,TRUE,maternal zygotic
evm.TU.scaffold_4.2580,FALSE,FALSE,neither
evm.TU.scaffold_4.2581,TRUE,TRUE,maternal zygotic
evm.TU.scaffold_4.2584,TRUE,TRUE,maternal zygotic
evm.TU.scaffold_4.2585,FALSE,FALSE,neither
evm.TU.scaffold_4.2588,FALSE,FALSE,neither
evm.TU.scaffold_4.2589,TRUE,TRUE,maternal zygotic
evm.TU.scaffold_4.259,TRUE,TRUE,maternal zygotic
evm.TU.scaffold_4.2590,FALSE,FALSE,neither
evm.TU.scaffold_4.2591,TRUE,TRUE,maternal zygotic
evm.TU.scaffold_4.2594,FALSE,FALSE,neither
evm.TU.scaffold_4.2595,TRUE,FALSE,maternal
evm.TU.scaffold_4.2596,FALSE,FALSE,neither
evm.TU.scaffold_4.2597,FALSE,FALSE,neither
evm.TU.scaffold_4.2598,FALSE,FALSE,neither
evm.TU.scaffold_4.26,TRUE,TRUE,maternal zygotic
evm.TU.scaffold_4.2600,FALSE,FALSE,neither
evm.TU.scaffold_4.2601,TRUE,TRUE,maternal zygotic
evm.TU.scaffold_4.2602,FALSE,FALSE,neither
evm.TU.scaffold_4.2603,TRUE,TRUE,maternal zygotic
evm.TU.scaffold_4.2604,FALSE,FALSE,neither
evm.TU.scaffold_4.2605,FALSE,FALSE,neither
evm.TU.scaffold_4.2606,FALSE,FALSE,neither
evm.TU.scaffold_4.2611,FALSE,FALSE,neither
evm.TU.scaffold_4.2612,TRUE,TRUE,maternal zygotic
evm.TU.scaffold_4.2613,TRUE,TRUE,maternal zygotic
evm.TU.scaffold_4.2614,FALSE,FALSE,neither
evm.TU.scaffold_4.2615,FALSE,FALSE,neither
evm.TU.scaffold_4.2616,TRUE,TRUE,maternal zygotic
evm.TU.scaffold_4.2617,FALSE,FALSE,neither
evm.TU.scaffold_4.2619,TRUE,TRUE,maternal zygotic
evm.TU.scaffold_4.2620,TRUE,TRUE,maternal zygotic
evm.TU.scaffold_4.2621,TRUE,TRUE,maternal zygotic
evm.TU.scaffold_4.2622,TRUE,TRUE,maternal zygotic
evm.TU.scaffold_4.2623,FALSE,FALSE,neither
evm.TU.scaffold_4.2624,TRUE,TRUE,maternal zygotic
evm.TU.scaffold_4.2625,FALSE,FALSE,neither
evm.TU.scaffold_4.2626,TRUE,TRUE,maternal zygotic
evm.TU.scaffold_4.2627,FALSE,FALSE,neither
evm.TU.scaffold_4.2628,FALSE,FALSE,neither
evm.TU.scaffold_4.2629,FALSE,FALSE,neither
evm.TU.scaffold_4.263,FALSE,FALSE,neither
evm.TU.scaffold_4.2632,FALSE,TRUE,zygotic
evm.TU.scaffold_4.2633,FALSE,FALSE,neither
evm.TU.scaffold_4.2634,TRUE,TRUE,maternal zygotic
evm.TU.scaffold_4.2635,FALSE,FALSE,neither
evm.TU.scaffold_4.2636,TRUE,TRUE,maternal zygotic
evm.TU.scaffold_4.2637,FALSE,FALSE,neither
evm.TU.scaffold_4.2638,TRUE,TRUE,maternal zygotic
evm.TU.scaffold_4.2639,FALSE,FALSE,neither
evm.TU.scaffold_4.264,FALSE,FALSE,neither
evm.TU.scaffold_4.2640,TRUE,TRUE,maternal zygotic
evm.TU.scaffold_4.2641,FALSE,FALSE,neither
evm.TU.scaffold_4.2642,FALSE,FALSE,neither
evm.TU.scaffold_4.2644,FALSE,FALSE,neither
evm.TU.scaffold_4.2645,FALSE,FALSE,neither
evm.TU.scaffold_4.2646,FALSE,FALSE,neither
evm.TU.scaffold_4.2647,TRUE,TRUE,maternal zygotic
evm.TU.scaffold_4.2648,FALSE,FALSE,neither
evm.TU.scaffold_4.2649,TRUE,TRUE,maternal zygotic
evm.TU.scaffold_4.265,TRUE,FALSE,maternal
evm.TU.scaffold_4.2650,TRUE,TRUE,maternal zygotic
evm.TU.scaffold_4.2651,FALSE,FALSE,neither
evm.TU.scaffold_4.2652,FALSE,FALSE,neither
evm.TU.scaffold_4.2653,TRUE,TRUE,maternal zygotic
evm.TU.scaffold_4.2654,FALSE,FALSE,neither
evm.TU.scaffold_4.2655,FALSE,FALSE,neither
evm.TU.scaffold_4.2657,FALSE,FALSE,neither
evm.TU.scaffold_4.2658,FALSE,FALSE,neither
evm.TU.scaffold_4.2659,FALSE,FALSE,neither
evm.TU.scaffold_4.266,TRUE,TRUE,maternal zygotic
evm.TU.scaffold_4.2660,FALSE,FALSE,neither
evm.TU.scaffold_4.2662,TRUE,TRUE,maternal zygotic
evm.TU.scaffold_4.2663,TRUE,TRUE,maternal zygotic
evm.TU.scaffold_4.2664,FALSE,FALSE,neither
evm.TU.scaffold_4.2668,TRUE,TRUE,maternal zygotic
evm.TU.scaffold_4.2669,FALSE,FALSE,neither
evm.TU.scaffold_4.267,TRUE,TRUE,maternal zygotic
evm.TU.scaffold_4.2670,FALSE,FALSE,neither
evm.TU.scaffold_4.2671,FALSE,FALSE,neither
evm.TU.scaffold_4.2672,TRUE,TRUE,maternal zygotic
evm.TU.scaffold_4.2673,TRUE,TRUE,maternal zygotic
evm.TU.scaffold_4.2674,FALSE,FALSE,neither
evm.TU.scaffold_4.2677,FALSE,FALSE,neither
evm.TU.scaffold_4.2679,FALSE,FALSE,neither
evm.TU.scaffold_4.268,FALSE,TRUE,zygotic
evm.TU.scaffold_4.2680,FALSE,TRUE,zygotic
evm.TU.scaffold_4.2681,TRUE,TRUE,maternal zygotic
evm.TU.scaffold_4.2682,TRUE,FALSE,maternal
evm.TU.scaffold_4.2683,FALSE,FALSE,neither
evm.TU.scaffold_4.2684,TRUE,TRUE,maternal zygotic
evm.TU.scaffold_4.2685,TRUE,TRUE,maternal zygotic
evm.TU.scaffold_4.2686,TRUE,TRUE,maternal zygotic
evm.TU.scaffold_4.2687,FALSE,FALSE,neither
evm.TU.scaffold_4.2688,TRUE,TRUE,maternal zygotic
evm.TU.scaffold_4.2689,TRUE,TRUE,maternal zygotic
evm.TU.scaffold_4.269,TRUE,TRUE,maternal zygotic
evm.TU.scaffold_4.2690,TRUE,TRUE,maternal zygotic
evm.TU.scaffold_4.2691,TRUE,TRUE,maternal zygotic
evm.TU.scaffold_4.2692,TRUE,TRUE,maternal zygotic
evm.TU.scaffold_4.2693,TRUE,TRUE,maternal zygotic
evm.TU.scaffold_4.2696,FALSE,FALSE,neither
evm.TU.scaffold_4.2699,FALSE,FALSE,neither
evm.TU.scaffold_4.270,TRUE,TRUE,maternal zygotic
evm.TU.scaffold_4.2702,FALSE,FALSE,neither
evm.TU.scaffold_4.2705,FALSE,FALSE,neither
evm.TU.scaffold_4.2706,FALSE,FALSE,neither
evm.TU.scaffold_4.2707,FALSE,FALSE,neither
evm.TU.scaffold_4.271,TRUE,TRUE,maternal zygotic
evm.TU.scaffold_4.2710,FALSE,FALSE,neither
evm.TU.scaffold_4.2711,TRUE,TRUE,maternal zygotic
evm.TU.scaffold_4.2712,TRUE,TRUE,maternal zygotic
evm.TU.scaffold_4.2713,TRUE,TRUE,maternal zygotic
evm.TU.scaffold_4.2714,FALSE,FALSE,neither
evm.TU.scaffold_4.2715,TRUE,FALSE,maternal
evm.TU.scaffold_4.2716,TRUE,FALSE,maternal
evm.TU.scaffold_4.2717,TRUE,TRUE,maternal zygotic
evm.TU.scaffold_4.2718,TRUE,FALSE,maternal
evm.TU.scaffold_4.2719,TRUE,TRUE,maternal zygotic
evm.TU.scaffold_4.272,TRUE,TRUE,maternal zygotic
evm.TU.scaffold_4.2720,TRUE,FALSE,maternal
evm.TU.scaffold_4.2721,TRUE,TRUE,maternal zygotic
evm.TU.scaffold_4.2722,TRUE,FALSE,maternal
evm.TU.scaffold_4.2723,TRUE,TRUE,maternal zygotic
evm.TU.scaffold_4.2724,TRUE,TRUE,maternal zygotic
evm.TU.scaffold_4.2725,FALSE,FALSE,neither
evm.TU.scaffold_4.2726,FALSE,TRUE,zygotic
evm.TU.scaffold_4.2729,FALSE,FALSE,neither
evm.TU.scaffold_4.273,TRUE,TRUE,maternal zygotic
evm.TU.scaffold_4.2730,FALSE,FALSE,neither
evm.TU.scaffold_4.2731,FALSE,FALSE,neither
evm.TU.scaffold_4.2732,FALSE,FALSE,neither
evm.TU.scaffold_4.2733,FALSE,FALSE,neither
evm.TU.scaffold_4.2734,TRUE,TRUE,maternal zygotic
evm.TU.scaffold_4.2735,FALSE,FALSE,neither
evm.TU.scaffold_4.2736,FALSE,FALSE,neither
evm.TU.scaffold_4.2737,FALSE,FALSE,neither
evm.TU.scaffold_4.274,TRUE,TRUE,maternal zygotic
evm.TU.scaffold_4.2740,FALSE,FALSE,neither
evm.TU.scaffold_4.2741,FALSE,FALSE,neither
evm.TU.scaffold_4.2742,FALSE,FALSE,neither
evm.TU.scaffold_4.2743,FALSE,FALSE,neither
evm.TU.scaffold_4.2745,FALSE,FALSE,neither
evm.TU.scaffold_4.2746_evm.TU.scaffold_4.2747,FALSE,FALSE,neither
evm.TU.scaffold_4.2748,FALSE,FALSE,neither
evm.TU.scaffold_4.2749,FALSE,FALSE,neither
evm.TU.scaffold_4.275,FALSE,FALSE,neither
evm.TU.scaffold_4.2750,FALSE,FALSE,neither
evm.TU.scaffold_4.2751,FALSE,FALSE,neither
evm.TU.scaffold_4.2752,FALSE,FALSE,neither
evm.TU.scaffold_4.2754,TRUE,TRUE,maternal zygotic
evm.TU.scaffold_4.2755,TRUE,TRUE,maternal zygotic
evm.TU.scaffold_4.2756,TRUE,TRUE,maternal zygotic
evm.TU.scaffold_4.2757,TRUE,TRUE,maternal zygotic
evm.TU.scaffold_4.2758,FALSE,FALSE,neither
evm.TU.scaffold_4.2759,TRUE,TRUE,maternal zygotic
evm.TU.scaffold_4.276,FALSE,FALSE,neither
evm.TU.scaffold_4.2760,TRUE,TRUE,maternal zygotic
evm.TU.scaffold_4.2761,TRUE,TRUE,maternal zygotic
evm.TU.scaffold_4.2762,TRUE,TRUE,maternal zygotic
evm.TU.scaffold_4.2763,TRUE,FALSE,maternal
evm.TU.scaffold_4.2764,FALSE,TRUE,zygotic
evm.TU.scaffold_4.2765,TRUE,TRUE,maternal zygotic
evm.TU.scaffold_4.2766,TRUE,TRUE,maternal zygotic
evm.TU.scaffold_4.2767,TRUE,TRUE,maternal zygotic
evm.TU.scaffold_4.2768,FALSE,FALSE,neither
evm.TU.scaffold_4.2769,TRUE,TRUE,maternal zygotic
evm.TU.scaffold_4.277,FALSE,FALSE,neither
evm.TU.scaffold_4.2770,FALSE,FALSE,neither
evm.TU.scaffold_4.2771,TRUE,TRUE,maternal zygotic
evm.TU.scaffold_4.2772,FALSE,FALSE,neither
evm.TU.scaffold_4.2773,TRUE,TRUE,maternal zygotic
evm.TU.scaffold_4.2774,FALSE,FALSE,neither
evm.TU.scaffold_4.2775,FALSE,FALSE,neither
evm.TU.scaffold_4.2776,FALSE,FALSE,neither
evm.TU.scaffold_4.2777,FALSE,FALSE,neither
evm.TU.scaffold_4.2778,FALSE,FALSE,neither
evm.TU.scaffold_4.278,TRUE,TRUE,maternal zygotic
evm.TU.scaffold_4.2780,FALSE,FALSE,neither
evm.TU.scaffold_4.2781,FALSE,FALSE,neither
evm.TU.scaffold_4.2784,FALSE,FALSE,neither
evm.TU.scaffold_4.2785,FALSE,FALSE,neither
evm.TU.scaffold_4.279,TRUE,TRUE,maternal zygotic
evm.TU.scaffold_4.2790,FALSE,FALSE,neither
evm.TU.scaffold_4.2794,FALSE,FALSE,neither
evm.TU.scaffold_4.2797,FALSE,FALSE,neither
evm.TU.scaffold_4.2799,FALSE,TRUE,zygotic
evm.TU.scaffold_4.28,TRUE,TRUE,maternal zygotic
evm.TU.scaffold_4.280,TRUE,TRUE,maternal zygotic
evm.TU.scaffold_4.2806,FALSE,FALSE,neither
evm.TU.scaffold_4.2807,FALSE,FALSE,neither
evm.TU.scaffold_4.2809,FALSE,FALSE,neither
evm.TU.scaffold_4.2814,FALSE,FALSE,neither
evm.TU.scaffold_4.2815,FALSE,FALSE,neither
evm.TU.scaffold_4.2816,FALSE,FALSE,neither
evm.TU.scaffold_4.2818,FALSE,FALSE,neither
evm.TU.scaffold_4.282,TRUE,TRUE,maternal zygotic
evm.TU.scaffold_4.2820,FALSE,FALSE,neither
evm.TU.scaffold_4.2821,FALSE,FALSE,neither
evm.TU.scaffold_4.2822,FALSE,FALSE,neither
evm.TU.scaffold_4.2823,FALSE,FALSE,neither
evm.TU.scaffold_4.2824,FALSE,FALSE,neither
evm.TU.scaffold_4.283,TRUE,TRUE,maternal zygotic
evm.TU.scaffold_4.2830,FALSE,FALSE,neither
evm.TU.scaffold_4.2832,FALSE,FALSE,neither
evm.TU.scaffold_4.284,TRUE,TRUE,maternal zygotic
evm.TU.scaffold_4.2841,FALSE,FALSE,neither
evm.TU.scaffold_4.2847,FALSE,FALSE,neither
evm.TU.scaffold_4.285,TRUE,TRUE,maternal zygotic
evm.TU.scaffold_4.2852,FALSE,FALSE,neither
evm.TU.scaffold_4.2855,FALSE,FALSE,neither
evm.TU.scaffold_4.2857,FALSE,FALSE,neither
evm.TU.scaffold_4.286,TRUE,TRUE,maternal zygotic
evm.TU.scaffold_4.2860,FALSE,FALSE,neither
evm.TU.scaffold_4.2864,TRUE,TRUE,maternal zygotic
evm.TU.scaffold_4.2869,FALSE,FALSE,neither
evm.TU.scaffold_4.287,TRUE,FALSE,maternal
evm.TU.scaffold_4.2870,FALSE,FALSE,neither
evm.TU.scaffold_4.2871,FALSE,FALSE,neither
evm.TU.scaffold_4.2875,FALSE,FALSE,neither
evm.TU.scaffold_4.2876,FALSE,FALSE,neither
evm.TU.scaffold_4.288,TRUE,TRUE,maternal zygotic
evm.TU.scaffold_4.2881,FALSE,FALSE,neither
evm.TU.scaffold_4.2883,FALSE,FALSE,neither
evm.TU.scaffold_4.2885,FALSE,FALSE,neither
evm.TU.scaffold_4.2892,FALSE,FALSE,neither
evm.TU.scaffold_4.2893,FALSE,FALSE,neither
evm.TU.scaffold_4.2894,FALSE,FALSE,neither
evm.TU.scaffold_4.2895,FALSE,FALSE,neither
evm.TU.scaffold_4.2898,FALSE,FALSE,neither
evm.TU.scaffold_4.2899,FALSE,FALSE,neither
evm.TU.scaffold_4.29,TRUE,TRUE,maternal zygotic
evm.TU.scaffold_4.2900,TRUE,TRUE,maternal zygotic
evm.TU.scaffold_4.2903,FALSE,FALSE,neither
evm.TU.scaffold_4.2904,FALSE,FALSE,neither
evm.TU.scaffold_4.2906,FALSE,FALSE,neither
evm.TU.scaffold_4.2909,FALSE,FALSE,neither
evm.TU.scaffold_4.2910,FALSE,FALSE,neither
evm.TU.scaffold_4.2914,FALSE,FALSE,neither
evm.TU.scaffold_4.2918,FALSE,FALSE,neither
evm.TU.scaffold_4.2921,FALSE,FALSE,neither
evm.TU.scaffold_4.2922,FALSE,FALSE,neither
evm.TU.scaffold_4.2923,FALSE,FALSE,neither
evm.TU.scaffold_4.2926,FALSE,FALSE,neither
evm.TU.scaffold_4.2933,FALSE,FALSE,neither
evm.TU.scaffold_4.2934,FALSE,FALSE,neither
evm.TU.scaffold_4.2935,FALSE,FALSE,neither
evm.TU.scaffold_4.2936,FALSE,FALSE,neither
evm.TU.scaffold_4.2937,FALSE,TRUE,zygotic
evm.TU.scaffold_4.2938,FALSE,FALSE,neither
evm.TU.scaffold_4.2943,FALSE,FALSE,neither
evm.TU.scaffold_4.2945,FALSE,FALSE,neither
evm.TU.scaffold_4.2946,FALSE,FALSE,neither
evm.TU.scaffold_4.2948,TRUE,TRUE,maternal zygotic
evm.TU.scaffold_4.2949,FALSE,FALSE,neither
evm.TU.scaffold_4.2950,FALSE,FALSE,neither
evm.TU.scaffold_4.2951,FALSE,FALSE,neither
evm.TU.scaffold_4.2952,FALSE,FALSE,neither
evm.TU.scaffold_4.2953,FALSE,FALSE,neither
evm.TU.scaffold_4.2954,FALSE,FALSE,neither
evm.TU.scaffold_4.2956,FALSE,FALSE,neither
evm.TU.scaffold_4.2957,FALSE,FALSE,neither
evm.TU.scaffold_4.2958,FALSE,FALSE,neither
evm.TU.scaffold_4.296,FALSE,FALSE,neither
evm.TU.scaffold_4.2962,FALSE,FALSE,neither
evm.TU.scaffold_4.2966,FALSE,FALSE,neither
evm.TU.scaffold_4.297,TRUE,TRUE,maternal zygotic
evm.TU.scaffold_4.2973,FALSE,FALSE,neither
evm.TU.scaffold_4.2981,FALSE,FALSE,neither
evm.TU.scaffold_4.2982,FALSE,FALSE,neither
evm.TU.scaffold_4.2984,FALSE,FALSE,neither
evm.TU.scaffold_4.2985,FALSE,FALSE,neither
evm.TU.scaffold_4.2988,FALSE,FALSE,neither
evm.TU.scaffold_4.2989,FALSE,FALSE,neither
evm.TU.scaffold_4.2993,FALSE,FALSE,neither
evm.TU.scaffold_4.2995,FALSE,FALSE,neither
evm.TU.scaffold_4.2996,FALSE,FALSE,neither
evm.TU.scaffold_4.2998,FALSE,FALSE,neither
evm.TU.scaffold_4.2999,FALSE,FALSE,neither
evm.TU.scaffold_4.30,TRUE,TRUE,maternal zygotic
evm.TU.scaffold_4.300,TRUE,TRUE,maternal zygotic
evm.TU.scaffold_4.3000,FALSE,FALSE,neither
evm.TU.scaffold_4.3005,FALSE,FALSE,neither
evm.TU.scaffold_4.3007,FALSE,FALSE,neither
evm.TU.scaffold_4.3009,FALSE,FALSE,neither
evm.TU.scaffold_4.301,TRUE,TRUE,maternal zygotic
evm.TU.scaffold_4.3010,FALSE,FALSE,neither
evm.TU.scaffold_4.3011,FALSE,FALSE,neither
evm.TU.scaffold_4.3013,FALSE,FALSE,neither
evm.TU.scaffold_4.3014,FALSE,FALSE,neither
evm.TU.scaffold_4.3015,FALSE,FALSE,neither
evm.TU.scaffold_4.3018,FALSE,FALSE,neither
evm.TU.scaffold_4.302,FALSE,FALSE,neither
evm.TU.scaffold_4.3022,FALSE,FALSE,neither
evm.TU.scaffold_4.3023,TRUE,TRUE,maternal zygotic
evm.TU.scaffold_4.3025,FALSE,FALSE,neither
evm.TU.scaffold_4.3026,TRUE,TRUE,maternal zygotic
evm.TU.scaffold_4.303,FALSE,FALSE,neither
evm.TU.scaffold_4.3032,TRUE,FALSE,maternal
evm.TU.scaffold_4.3033,FALSE,FALSE,neither
evm.TU.scaffold_4.304,FALSE,FALSE,neither
evm.TU.scaffold_4.3042,FALSE,FALSE,neither
evm.TU.scaffold_4.3044,FALSE,FALSE,neither
evm.TU.scaffold_4.3046,FALSE,FALSE,neither
evm.TU.scaffold_4.305,FALSE,FALSE,neither
evm.TU.scaffold_4.3052,FALSE,FALSE,neither
evm.TU.scaffold_4.3053,FALSE,FALSE,neither
evm.TU.scaffold_4.3054,FALSE,FALSE,neither
evm.TU.scaffold_4.3056,FALSE,FALSE,neither
evm.TU.scaffold_4.306,TRUE,TRUE,maternal zygotic
evm.TU.scaffold_4.3060,FALSE,FALSE,neither
evm.TU.scaffold_4.3064,FALSE,FALSE,neither
evm.TU.scaffold_4.3066,FALSE,FALSE,neither
evm.TU.scaffold_4.3068,FALSE,FALSE,neither
evm.TU.scaffold_4.3069,FALSE,FALSE,neither
evm.TU.scaffold_4.307,TRUE,TRUE,maternal zygotic
evm.TU.scaffold_4.3071,FALSE,FALSE,neither
evm.TU.scaffold_4.3072,FALSE,FALSE,neither
evm.TU.scaffold_4.3073,FALSE,FALSE,neither
evm.TU.scaffold_4.3074,FALSE,FALSE,neither
evm.TU.scaffold_4.3075,FALSE,FALSE,neither
evm.TU.scaffold_4.3076,FALSE,FALSE,neither
evm.TU.scaffold_4.3079,FALSE,FALSE,neither
evm.TU.scaffold_4.308,TRUE,TRUE,maternal zygotic
evm.TU.scaffold_4.3081,FALSE,FALSE,neither
evm.TU.scaffold_4.3084,FALSE,FALSE,neither
evm.TU.scaffold_4.3085,FALSE,FALSE,neither
evm.TU.scaffold_4.3086,FALSE,FALSE,neither
evm.TU.scaffold_4.3087,FALSE,FALSE,neither
evm.TU.scaffold_4.3088,FALSE,FALSE,neither
evm.TU.scaffold_4.3089,FALSE,FALSE,neither
evm.TU.scaffold_4.309,TRUE,TRUE,maternal zygotic
evm.TU.scaffold_4.3091,FALSE,FALSE,neither
evm.TU.scaffold_4.3092,FALSE,FALSE,neither
evm.TU.scaffold_4.3096,FALSE,FALSE,neither
evm.TU.scaffold_4.3097,FALSE,FALSE,neither
evm.TU.scaffold_4.3098,FALSE,FALSE,neither
evm.TU.scaffold_4.31,TRUE,TRUE,maternal zygotic
evm.TU.scaffold_4.310,TRUE,TRUE,maternal zygotic
evm.TU.scaffold_4.3100,FALSE,FALSE,neither
evm.TU.scaffold_4.3101,FALSE,FALSE,neither
evm.TU.scaffold_4.3104,FALSE,FALSE,neither
evm.TU.scaffold_4.3105,FALSE,FALSE,neither
evm.TU.scaffold_4.3106,FALSE,FALSE,neither
evm.TU.scaffold_4.3107,FALSE,FALSE,neither
evm.TU.scaffold_4.3108,FALSE,FALSE,neither
evm.TU.scaffold_4.311,FALSE,FALSE,neither
evm.TU.scaffold_4.3110,TRUE,TRUE,maternal zygotic
evm.TU.scaffold_4.3112,FALSE,FALSE,neither
evm.TU.scaffold_4.3115,FALSE,FALSE,neither
evm.TU.scaffold_4.3116,FALSE,FALSE,neither
evm.TU.scaffold_4.3118,FALSE,FALSE,neither
evm.TU.scaffold_4.3119,FALSE,FALSE,neither
evm.TU.scaffold_4.312,TRUE,TRUE,maternal zygotic
evm.TU.scaffold_4.3120,FALSE,FALSE,neither
evm.TU.scaffold_4.3123,FALSE,FALSE,neither
evm.TU.scaffold_4.3124,FALSE,FALSE,neither
evm.TU.scaffold_4.3126,FALSE,FALSE,neither
evm.TU.scaffold_4.3129,FALSE,FALSE,neither
evm.TU.scaffold_4.313,FALSE,FALSE,neither
evm.TU.scaffold_4.3132,FALSE,FALSE,neither
evm.TU.scaffold_4.3133,FALSE,FALSE,neither
evm.TU.scaffold_4.3134,FALSE,FALSE,neither
evm.TU.scaffold_4.3135,FALSE,FALSE,neither
evm.TU.scaffold_4.314,FALSE,FALSE,neither
evm.TU.scaffold_4.3145,FALSE,FALSE,neither
evm.TU.scaffold_4.3146,FALSE,FALSE,neither
evm.TU.scaffold_4.3148,FALSE,FALSE,neither
evm.TU.scaffold_4.3149,FALSE,FALSE,neither
evm.TU.scaffold_4.315,FALSE,FALSE,neither
evm.TU.scaffold_4.3150,FALSE,FALSE,neither
evm.TU.scaffold_4.3151,FALSE,FALSE,neither
evm.TU.scaffold_4.3155,FALSE,FALSE,neither
evm.TU.scaffold_4.3156,FALSE,FALSE,neither
evm.TU.scaffold_4.316,FALSE,FALSE,neither
evm.TU.scaffold_4.3160,FALSE,FALSE,neither
evm.TU.scaffold_4.3161,FALSE,FALSE,neither
evm.TU.scaffold_4.3164,FALSE,FALSE,neither
evm.TU.scaffold_4.3165,FALSE,FALSE,neither
evm.TU.scaffold_4.3168,FALSE,FALSE,neither
evm.TU.scaffold_4.317,FALSE,FALSE,neither
evm.TU.scaffold_4.3171,FALSE,FALSE,neither
evm.TU.scaffold_4.3176,FALSE,FALSE,neither
evm.TU.scaffold_4.3179,FALSE,FALSE,neither
evm.TU.scaffold_4.3180,FALSE,FALSE,neither
evm.TU.scaffold_4.3184,FALSE,FALSE,neither
evm.TU.scaffold_4.3185,FALSE,FALSE,neither
evm.TU.scaffold_4.3186,FALSE,FALSE,neither
evm.TU.scaffold_4.319,TRUE,TRUE,maternal zygotic
evm.TU.scaffold_4.3195,FALSE,TRUE,zygotic
evm.TU.scaffold_4.3198,FALSE,FALSE,neither
evm.TU.scaffold_4.3199,FALSE,FALSE,neither
evm.TU.scaffold_4.32,TRUE,TRUE,maternal zygotic
evm.TU.scaffold_4.320,TRUE,TRUE,maternal zygotic
evm.TU.scaffold_4.3205,FALSE,FALSE,neither
evm.TU.scaffold_4.3206,FALSE,FALSE,neither
evm.TU.scaffold_4.321,FALSE,FALSE,neither
evm.TU.scaffold_4.3210,FALSE,FALSE,neither
evm.TU.scaffold_4.3213,FALSE,FALSE,neither
evm.TU.scaffold_4.3214,FALSE,FALSE,neither
evm.TU.scaffold_4.3215,FALSE,FALSE,neither
evm.TU.scaffold_4.3216,FALSE,FALSE,neither
evm.TU.scaffold_4.322,FALSE,FALSE,neither
evm.TU.scaffold_4.3222,FALSE,FALSE,neither
evm.TU.scaffold_4.3225,FALSE,FALSE,neither
evm.TU.scaffold_4.3228,FALSE,FALSE,neither
evm.TU.scaffold_4.323,TRUE,TRUE,maternal zygotic
evm.TU.scaffold_4.3230,FALSE,FALSE,neither
evm.TU.scaffold_4.3232,FALSE,FALSE,neither
evm.TU.scaffold_4.3234,FALSE,FALSE,neither
evm.TU.scaffold_4.324,FALSE,FALSE,neither
evm.TU.scaffold_4.3240,FALSE,FALSE,neither
evm.TU.scaffold_4.3242,FALSE,FALSE,neither
evm.TU.scaffold_4.3246,FALSE,FALSE,neither
evm.TU.scaffold_4.3249,FALSE,FALSE,neither
evm.TU.scaffold_4.325,TRUE,TRUE,maternal zygotic
evm.TU.scaffold_4.3253,FALSE,FALSE,neither
evm.TU.scaffold_4.3256,FALSE,FALSE,neither
evm.TU.scaffold_4.326,FALSE,FALSE,neither
evm.TU.scaffold_4.3263,FALSE,FALSE,neither
evm.TU.scaffold_4.3265,FALSE,FALSE,neither
evm.TU.scaffold_4.327,FALSE,FALSE,neither
evm.TU.scaffold_4.3271,FALSE,FALSE,neither
evm.TU.scaffold_4.3272,FALSE,FALSE,neither
evm.TU.scaffold_4.3273,FALSE,FALSE,neither
evm.TU.scaffold_4.328,TRUE,TRUE,maternal zygotic
evm.TU.scaffold_4.3280,FALSE,FALSE,neither
evm.TU.scaffold_4.3281,FALSE,FALSE,neither
evm.TU.scaffold_4.3285,FALSE,FALSE,neither
evm.TU.scaffold_4.3286,FALSE,FALSE,neither
evm.TU.scaffold_4.3287,FALSE,FALSE,neither
evm.TU.scaffold_4.3288,FALSE,FALSE,neither
evm.TU.scaffold_4.329,TRUE,TRUE,maternal zygotic
evm.TU.scaffold_4.3291,FALSE,FALSE,neither
evm.TU.scaffold_4.3298,FALSE,FALSE,neither
evm.TU.scaffold_4.3300,FALSE,FALSE,neither
evm.TU.scaffold_4.3304,FALSE,FALSE,neither
evm.TU.scaffold_4.3305,FALSE,FALSE,neither
evm.TU.scaffold_4.3307,FALSE,FALSE,neither
evm.TU.scaffold_4.3308,FALSE,FALSE,neither
evm.TU.scaffold_4.3309,FALSE,FALSE,neither
evm.TU.scaffold_4.331,TRUE,TRUE,maternal zygotic
evm.TU.scaffold_4.3311,FALSE,FALSE,neither
evm.TU.scaffold_4.3317,FALSE,FALSE,neither
evm.TU.scaffold_4.3321,FALSE,FALSE,neither
evm.TU.scaffold_4.3323,FALSE,FALSE,neither
evm.TU.scaffold_4.3329,FALSE,FALSE,neither
evm.TU.scaffold_4.332_evm.TU.scaffold_4.333,FALSE,FALSE,neither
evm.TU.scaffold_4.3335,FALSE,FALSE,neither
evm.TU.scaffold_4.3339,FALSE,FALSE,neither
evm.TU.scaffold_4.334,FALSE,FALSE,neither
evm.TU.scaffold_4.3340,FALSE,FALSE,neither
evm.TU.scaffold_4.3341,FALSE,FALSE,neither
evm.TU.scaffold_4.3343,FALSE,FALSE,neither
evm.TU.scaffold_4.3344,FALSE,FALSE,neither
evm.TU.scaffold_4.3349,FALSE,FALSE,neither
evm.TU.scaffold_4.335,TRUE,TRUE,maternal zygotic
evm.TU.scaffold_4.3350,FALSE,FALSE,neither
evm.TU.scaffold_4.3352,FALSE,FALSE,neither
evm.TU.scaffold_4.3357,FALSE,FALSE,neither
evm.TU.scaffold_4.3358,FALSE,FALSE,neither
evm.TU.scaffold_4.336,TRUE,TRUE,maternal zygotic
evm.TU.scaffold_4.3360,FALSE,FALSE,neither
evm.TU.scaffold_4.3361,FALSE,FALSE,neither
evm.TU.scaffold_4.3363,FALSE,FALSE,neither
evm.TU.scaffold_4.3364,FALSE,FALSE,neither
evm.TU.scaffold_4.3367,FALSE,FALSE,neither
evm.TU.scaffold_4.3368,FALSE,FALSE,neither
evm.TU.scaffold_4.3369,FALSE,FALSE,neither
evm.TU.scaffold_4.337,TRUE,TRUE,maternal zygotic
evm.TU.scaffold_4.3370,FALSE,FALSE,neither
evm.TU.scaffold_4.3372,FALSE,TRUE,zygotic
evm.TU.scaffold_4.3374,FALSE,FALSE,neither
evm.TU.scaffold_4.3375,FALSE,FALSE,neither
evm.TU.scaffold_4.3378,FALSE,FALSE,neither
evm.TU.scaffold_4.338,TRUE,TRUE,maternal zygotic
evm.TU.scaffold_4.3380,FALSE,FALSE,neither
evm.TU.scaffold_4.3382,FALSE,FALSE,neither
evm.TU.scaffold_4.3385,FALSE,FALSE,neither
evm.TU.scaffold_4.339,FALSE,FALSE,neither
evm.TU.scaffold_4.3392,FALSE,FALSE,neither
evm.TU.scaffold_4.3393,FALSE,FALSE,neither
evm.TU.scaffold_4.3394,FALSE,FALSE,neither
evm.TU.scaffold_4.3397,FALSE,FALSE,neither
evm.TU.scaffold_4.3399,FALSE,FALSE,neither
evm.TU.scaffold_4.340,FALSE,FALSE,neither
evm.TU.scaffold_4.3405,FALSE,FALSE,neither
evm.TU.scaffold_4.341,FALSE,TRUE,zygotic
evm.TU.scaffold_4.3414,FALSE,FALSE,neither
evm.TU.scaffold_4.3417,FALSE,FALSE,neither
evm.TU.scaffold_4.3418,FALSE,FALSE,neither
evm.TU.scaffold_4.3419,FALSE,FALSE,neither
evm.TU.scaffold_4.342,FALSE,FALSE,neither
evm.TU.scaffold_4.3420,FALSE,TRUE,zygotic
evm.TU.scaffold_4.3423,FALSE,FALSE,neither
evm.TU.scaffold_4.3424,FALSE,FALSE,neither
evm.TU.scaffold_4.3427,FALSE,FALSE,neither
evm.TU.scaffold_4.3428,FALSE,FALSE,neither
evm.TU.scaffold_4.3429,FALSE,FALSE,neither
evm.TU.scaffold_4.343,TRUE,TRUE,maternal zygotic
evm.TU.scaffold_4.3430,FALSE,FALSE,neither
evm.TU.scaffold_4.3432,FALSE,FALSE,neither
evm.TU.scaffold_4.3437,FALSE,FALSE,neither
evm.TU.scaffold_4.3438,FALSE,FALSE,neither
evm.TU.scaffold_4.3439,FALSE,FALSE,neither
evm.TU.scaffold_4.344,TRUE,TRUE,maternal zygotic
evm.TU.scaffold_4.3440,FALSE,FALSE,neither
evm.TU.scaffold_4.3442,FALSE,FALSE,neither
evm.TU.scaffold_4.3444,FALSE,FALSE,neither
evm.TU.scaffold_4.3446,FALSE,FALSE,neither
evm.TU.scaffold_4.345,TRUE,FALSE,maternal
evm.TU.scaffold_4.3450,FALSE,FALSE,neither
evm.TU.scaffold_4.3453,FALSE,FALSE,neither
evm.TU.scaffold_4.3454,TRUE,TRUE,maternal zygotic
evm.TU.scaffold_4.3455,FALSE,FALSE,neither
evm.TU.scaffold_4.3459,FALSE,FALSE,neither
evm.TU.scaffold_4.346,TRUE,TRUE,maternal zygotic
evm.TU.scaffold_4.3460,FALSE,FALSE,neither
evm.TU.scaffold_4.3462,FALSE,FALSE,neither
evm.TU.scaffold_4.3464,FALSE,FALSE,neither
evm.TU.scaffold_4.3466,FALSE,FALSE,neither
evm.TU.scaffold_4.3467,FALSE,FALSE,neither
evm.TU.scaffold_4.3468,FALSE,FALSE,neither
evm.TU.scaffold_4.347,TRUE,TRUE,maternal zygotic
evm.TU.scaffold_4.3471,FALSE,FALSE,neither
evm.TU.scaffold_4.3476,FALSE,FALSE,neither
evm.TU.scaffold_4.3479,FALSE,FALSE,neither
evm.TU.scaffold_4.348,TRUE,TRUE,maternal zygotic
evm.TU.scaffold_4.3484,FALSE,FALSE,neither
evm.TU.scaffold_4.3486,TRUE,FALSE,maternal
evm.TU.scaffold_4.3487,FALSE,FALSE,neither
evm.TU.scaffold_4.3493,FALSE,TRUE,zygotic
evm.TU.scaffold_4.3496,FALSE,FALSE,neither
evm.TU.scaffold_4.3497,FALSE,FALSE,neither
evm.TU.scaffold_4.3498,FALSE,FALSE,neither
evm.TU.scaffold_4.349_evm.TU.scaffold_4.350,TRUE,TRUE,maternal zygotic
evm.TU.scaffold_4.35,FALSE,FALSE,neither
evm.TU.scaffold_4.3500,FALSE,FALSE,neither
evm.TU.scaffold_4.3508,FALSE,TRUE,zygotic
evm.TU.scaffold_4.3509,FALSE,FALSE,neither
evm.TU.scaffold_4.351,TRUE,TRUE,maternal zygotic
evm.TU.scaffold_4.3511,FALSE,FALSE,neither
evm.TU.scaffold_4.3516,FALSE,FALSE,neither
evm.TU.scaffold_4.352,FALSE,FALSE,neither
evm.TU.scaffold_4.3520,FALSE,FALSE,neither
evm.TU.scaffold_4.3521,FALSE,FALSE,neither
evm.TU.scaffold_4.3524,FALSE,FALSE,neither
evm.TU.scaffold_4.3525,FALSE,FALSE,neither
evm.TU.scaffold_4.3526,FALSE,FALSE,neither
evm.TU.scaffold_4.3527,FALSE,FALSE,neither
evm.TU.scaffold_4.353,TRUE,TRUE,maternal zygotic
evm.TU.scaffold_4.3530,FALSE,FALSE,neither
evm.TU.scaffold_4.3536,TRUE,FALSE,maternal
evm.TU.scaffold_4.354,FALSE,FALSE,neither
evm.TU.scaffold_4.3541,FALSE,FALSE,neither
evm.TU.scaffold_4.3544,FALSE,FALSE,neither
evm.TU.scaffold_4.3546,FALSE,FALSE,neither
evm.TU.scaffold_4.3547,FALSE,FALSE,neither
evm.TU.scaffold_4.3549,FALSE,FALSE,neither
evm.TU.scaffold_4.355,FALSE,FALSE,neither
evm.TU.scaffold_4.3552,FALSE,FALSE,neither
evm.TU.scaffold_4.3557,FALSE,FALSE,neither
evm.TU.scaffold_4.356,FALSE,FALSE,neither
evm.TU.scaffold_4.3560,FALSE,FALSE,neither
evm.TU.scaffold_4.3569,FALSE,FALSE,neither
evm.TU.scaffold_4.357,FALSE,FALSE,neither
evm.TU.scaffold_4.3571,FALSE,FALSE,neither
evm.TU.scaffold_4.3572,FALSE,FALSE,neither
evm.TU.scaffold_4.358,TRUE,TRUE,maternal zygotic
evm.TU.scaffold_4.3587,FALSE,FALSE,neither
evm.TU.scaffold_4.3589,FALSE,FALSE,neither
evm.TU.scaffold_4.359,FALSE,TRUE,zygotic
evm.TU.scaffold_4.3591,FALSE,FALSE,neither
evm.TU.scaffold_4.3592,FALSE,FALSE,neither
evm.TU.scaffold_4.3593,FALSE,FALSE,neither
evm.TU.scaffold_4.3598,FALSE,FALSE,neither
evm.TU.scaffold_4.360,FALSE,FALSE,neither
evm.TU.scaffold_4.3600,FALSE,FALSE,neither
evm.TU.scaffold_4.3601,FALSE,FALSE,neither
evm.TU.scaffold_4.3605,FALSE,TRUE,zygotic
evm.TU.scaffold_4.3609,FALSE,FALSE,neither
evm.TU.scaffold_4.3615,FALSE,FALSE,neither
evm.TU.scaffold_4.3616,FALSE,FALSE,neither
evm.TU.scaffold_4.3617,FALSE,FALSE,neither
evm.TU.scaffold_4.3618,FALSE,FALSE,neither
evm.TU.scaffold_4.362,FALSE,FALSE,neither
evm.TU.scaffold_4.3628,FALSE,FALSE,neither
evm.TU.scaffold_4.363,TRUE,TRUE,maternal zygotic
evm.TU.scaffold_4.3634,FALSE,FALSE,neither
evm.TU.scaffold_4.3635,FALSE,FALSE,neither
evm.TU.scaffold_4.3636,FALSE,FALSE,neither
evm.TU.scaffold_4.3639,FALSE,FALSE,neither
evm.TU.scaffold_4.364,TRUE,TRUE,maternal zygotic
evm.TU.scaffold_4.3640,FALSE,FALSE,neither
evm.TU.scaffold_4.3641,FALSE,FALSE,neither
evm.TU.scaffold_4.3646,FALSE,FALSE,neither
evm.TU.scaffold_4.3647,FALSE,FALSE,neither
evm.TU.scaffold_4.365,TRUE,TRUE,maternal zygotic
evm.TU.scaffold_4.3650,FALSE,FALSE,neither
evm.TU.scaffold_4.3651,FALSE,FALSE,neither
evm.TU.scaffold_4.3652,FALSE,FALSE,neither
evm.TU.scaffold_4.3656,FALSE,FALSE,neither
evm.TU.scaffold_4.3659,FALSE,FALSE,neither
evm.TU.scaffold_4.366,FALSE,FALSE,neither
evm.TU.scaffold_4.3660,FALSE,FALSE,neither
evm.TU.scaffold_4.3666,FALSE,FALSE,neither
evm.TU.scaffold_4.3669,FALSE,FALSE,neither
evm.TU.scaffold_4.367,FALSE,FALSE,neither
evm.TU.scaffold_4.3670,FALSE,FALSE,neither
evm.TU.scaffold_4.3676,FALSE,FALSE,neither
evm.TU.scaffold_4.3677,FALSE,FALSE,neither
evm.TU.scaffold_4.3678,FALSE,FALSE,neither
evm.TU.scaffold_4.3679,FALSE,FALSE,neither
evm.TU.scaffold_4.368,FALSE,FALSE,neither
evm.TU.scaffold_4.3680,FALSE,FALSE,neither
evm.TU.scaffold_4.3685,FALSE,FALSE,neither
evm.TU.scaffold_4.369,TRUE,TRUE,maternal zygotic
evm.TU.scaffold_4.3690,FALSE,FALSE,neither
evm.TU.scaffold_4.3691,FALSE,FALSE,neither
evm.TU.scaffold_4.3696,FALSE,FALSE,neither
evm.TU.scaffold_4.3697,FALSE,FALSE,neither
evm.TU.scaffold_4.37,FALSE,FALSE,neither
evm.TU.scaffold_4.370,TRUE,TRUE,maternal zygotic
evm.TU.scaffold_4.3701,FALSE,FALSE,neither
evm.TU.scaffold_4.3709,FALSE,FALSE,neither
evm.TU.scaffold_4.371,FALSE,FALSE,neither
evm.TU.scaffold_4.3711,FALSE,FALSE,neither
evm.TU.scaffold_4.3718,FALSE,FALSE,neither
evm.TU.scaffold_4.372,FALSE,FALSE,neither
evm.TU.scaffold_4.3721,FALSE,FALSE,neither
evm.TU.scaffold_4.3722,FALSE,FALSE,neither
evm.TU.scaffold_4.3724,FALSE,TRUE,zygotic
evm.TU.scaffold_4.3726,FALSE,FALSE,neither
evm.TU.scaffold_4.3727,FALSE,TRUE,zygotic
evm.TU.scaffold_4.373,TRUE,TRUE,maternal zygotic
evm.TU.scaffold_4.3731,FALSE,FALSE,neither
evm.TU.scaffold_4.3739,FALSE,FALSE,neither
evm.TU.scaffold_4.374,TRUE,TRUE,maternal zygotic
evm.TU.scaffold_4.3743,TRUE,TRUE,maternal zygotic
evm.TU.scaffold_4.3745,FALSE,FALSE,neither
evm.TU.scaffold_4.375,TRUE,TRUE,maternal zygotic
evm.TU.scaffold_4.3755,FALSE,FALSE,neither
evm.TU.scaffold_4.3756,FALSE,FALSE,neither
evm.TU.scaffold_4.3757,FALSE,FALSE,neither
evm.TU.scaffold_4.3759,FALSE,FALSE,neither
evm.TU.scaffold_4.376,TRUE,TRUE,maternal zygotic
evm.TU.scaffold_4.3761,FALSE,FALSE,neither
evm.TU.scaffold_4.3762,FALSE,FALSE,neither
evm.TU.scaffold_4.3764,FALSE,FALSE,neither
evm.TU.scaffold_4.3766,FALSE,FALSE,neither
evm.TU.scaffold_4.3767,FALSE,FALSE,neither
evm.TU.scaffold_4.377,TRUE,TRUE,maternal zygotic
evm.TU.scaffold_4.3771,FALSE,FALSE,neither
evm.TU.scaffold_4.3774,FALSE,FALSE,neither
evm.TU.scaffold_4.3777,FALSE,FALSE,neither
evm.TU.scaffold_4.378,TRUE,TRUE,maternal zygotic
evm.TU.scaffold_4.3780,FALSE,FALSE,neither
evm.TU.scaffold_4.3781,FALSE,FALSE,neither
evm.TU.scaffold_4.3783,FALSE,FALSE,neither
evm.TU.scaffold_4.3788,FALSE,FALSE,neither
evm.TU.scaffold_4.379,FALSE,FALSE,neither
evm.TU.scaffold_4.3791,FALSE,FALSE,neither
evm.TU.scaffold_4.3792,FALSE,FALSE,neither
evm.TU.scaffold_4.38,FALSE,FALSE,neither
evm.TU.scaffold_4.380,TRUE,TRUE,maternal zygotic
evm.TU.scaffold_4.3801,FALSE,TRUE,zygotic
evm.TU.scaffold_4.3802,TRUE,TRUE,maternal zygotic
evm.TU.scaffold_4.3804,FALSE,FALSE,neither
evm.TU.scaffold_4.3805,FALSE,FALSE,neither
evm.TU.scaffold_4.381,TRUE,TRUE,maternal zygotic
evm.TU.scaffold_4.3812,FALSE,FALSE,neither
evm.TU.scaffold_4.3816,FALSE,FALSE,neither
evm.TU.scaffold_4.382,TRUE,TRUE,maternal zygotic
evm.TU.scaffold_4.3820,FALSE,FALSE,neither
evm.TU.scaffold_4.3824,FALSE,FALSE,neither
evm.TU.scaffold_4.3827,FALSE,FALSE,neither
evm.TU.scaffold_4.3829,FALSE,FALSE,neither
evm.TU.scaffold_4.383,TRUE,TRUE,maternal zygotic
evm.TU.scaffold_4.3831,FALSE,FALSE,neither
evm.TU.scaffold_4.3836,FALSE,FALSE,neither
evm.TU.scaffold_4.3837,FALSE,FALSE,neither
evm.TU.scaffold_4.3838,FALSE,FALSE,neither
evm.TU.scaffold_4.384,TRUE,TRUE,maternal zygotic
evm.TU.scaffold_4.3845,TRUE,TRUE,maternal zygotic
evm.TU.scaffold_4.3851,FALSE,FALSE,neither
evm.TU.scaffold_4.3855,FALSE,FALSE,neither
evm.TU.scaffold_4.3857,FALSE,FALSE,neither
evm.TU.scaffold_4.386,TRUE,TRUE,maternal zygotic
evm.TU.scaffold_4.3867,TRUE,TRUE,maternal zygotic
evm.TU.scaffold_4.387,TRUE,TRUE,maternal zygotic
evm.TU.scaffold_4.3871,FALSE,FALSE,neither
evm.TU.scaffold_4.3872,FALSE,FALSE,neither
evm.TU.scaffold_4.3873,FALSE,FALSE,neither
evm.TU.scaffold_4.3874,FALSE,FALSE,neither
evm.TU.scaffold_4.3876,FALSE,FALSE,neither
evm.TU.scaffold_4.3877,FALSE,FALSE,neither
evm.TU.scaffold_4.3879,FALSE,FALSE,neither
evm.TU.scaffold_4.388,TRUE,TRUE,maternal zygotic
evm.TU.scaffold_4.3880,FALSE,FALSE,neither
evm.TU.scaffold_4.3881,FALSE,FALSE,neither
evm.TU.scaffold_4.3883,FALSE,FALSE,neither
evm.TU.scaffold_4.3885,FALSE,FALSE,neither
evm.TU.scaffold_4.3886,FALSE,FALSE,neither
evm.TU.scaffold_4.3887,FALSE,FALSE,neither
evm.TU.scaffold_4.389,TRUE,TRUE,maternal zygotic
evm.TU.scaffold_4.3890,FALSE,FALSE,neither
evm.TU.scaffold_4.3891,FALSE,FALSE,neither
evm.TU.scaffold_4.3893,FALSE,FALSE,neither
evm.TU.scaffold_4.3894,FALSE,FALSE,neither
evm.TU.scaffold_4.3895,FALSE,FALSE,neither
evm.TU.scaffold_4.3896,FALSE,FALSE,neither
evm.TU.scaffold_4.3899,FALSE,FALSE,neither
evm.TU.scaffold_4.39,FALSE,FALSE,neither
evm.TU.scaffold_4.390,TRUE,TRUE,maternal zygotic
evm.TU.scaffold_4.3901,FALSE,FALSE,neither
evm.TU.scaffold_4.3902,FALSE,FALSE,neither
evm.TU.scaffold_4.3903,FALSE,FALSE,neither
evm.TU.scaffold_4.3905,FALSE,FALSE,neither
evm.TU.scaffold_4.3906,FALSE,FALSE,neither
evm.TU.scaffold_4.3907,FALSE,FALSE,neither
evm.TU.scaffold_4.391,TRUE,TRUE,maternal zygotic
evm.TU.scaffold_4.392,TRUE,TRUE,maternal zygotic
evm.TU.scaffold_4.3921,FALSE,FALSE,neither
evm.TU.scaffold_4.3924,FALSE,FALSE,neither
evm.TU.scaffold_4.3926,FALSE,FALSE,neither
evm.TU.scaffold_4.3928,FALSE,FALSE,neither
evm.TU.scaffold_4.393,TRUE,TRUE,maternal zygotic
evm.TU.scaffold_4.3933,FALSE,FALSE,neither
evm.TU.scaffold_4.3934,FALSE,FALSE,neither
evm.TU.scaffold_4.3935,FALSE,FALSE,neither
evm.TU.scaffold_4.394,TRUE,TRUE,maternal zygotic
evm.TU.scaffold_4.3945,FALSE,FALSE,neither
evm.TU.scaffold_4.395,TRUE,TRUE,maternal zygotic
evm.TU.scaffold_4.3954,FALSE,FALSE,neither
evm.TU.scaffold_4.3958,FALSE,FALSE,neither
evm.TU.scaffold_4.396,TRUE,TRUE,maternal zygotic
evm.TU.scaffold_4.3961,FALSE,FALSE,neither
evm.TU.scaffold_4.3962,FALSE,FALSE,neither
evm.TU.scaffold_4.3964,FALSE,FALSE,neither
evm.TU.scaffold_4.3966,FALSE,FALSE,neither
evm.TU.scaffold_4.3967,FALSE,FALSE,neither
evm.TU.scaffold_4.397,TRUE,TRUE,maternal zygotic
evm.TU.scaffold_4.3970,FALSE,FALSE,neither
evm.TU.scaffold_4.3973,FALSE,FALSE,neither
evm.TU.scaffold_4.3978,FALSE,FALSE,neither
evm.TU.scaffold_4.3979,FALSE,FALSE,neither
evm.TU.scaffold_4.398,FALSE,FALSE,neither
evm.TU.scaffold_4.3980,FALSE,FALSE,neither
evm.TU.scaffold_4.3981,FALSE,FALSE,neither
evm.TU.scaffold_4.3988,FALSE,FALSE,neither
evm.TU.scaffold_4.399,FALSE,FALSE,neither
evm.TU.scaffold_4.3990,FALSE,FALSE,neither
evm.TU.scaffold_4.3991,FALSE,FALSE,neither
evm.TU.scaffold_4.3992,FALSE,FALSE,neither
evm.TU.scaffold_4.3994,FALSE,FALSE,neither
evm.TU.scaffold_4.3995,FALSE,FALSE,neither
evm.TU.scaffold_4.4002,FALSE,FALSE,neither
evm.TU.scaffold_4.4003,FALSE,FALSE,neither
evm.TU.scaffold_4.4005,FALSE,FALSE,neither
evm.TU.scaffold_4.4006,FALSE,FALSE,neither
evm.TU.scaffold_4.401,TRUE,TRUE,maternal zygotic
evm.TU.scaffold_4.4010,FALSE,TRUE,zygotic
evm.TU.scaffold_4.4011,TRUE,TRUE,maternal zygotic
evm.TU.scaffold_4.4014,FALSE,FALSE,neither
evm.TU.scaffold_4.4018,FALSE,FALSE,neither
evm.TU.scaffold_4.402,TRUE,TRUE,maternal zygotic
evm.TU.scaffold_4.4022,FALSE,FALSE,neither
evm.TU.scaffold_4.4026,FALSE,FALSE,neither
evm.TU.scaffold_4.4027,FALSE,FALSE,neither
evm.TU.scaffold_4.4028,FALSE,FALSE,neither
evm.TU.scaffold_4.403,FALSE,FALSE,neither
evm.TU.scaffold_4.4033,FALSE,FALSE,neither
evm.TU.scaffold_4.4034,FALSE,FALSE,neither
evm.TU.scaffold_4.4035,FALSE,TRUE,zygotic
evm.TU.scaffold_4.4039,FALSE,FALSE,neither
evm.TU.scaffold_4.404,TRUE,TRUE,maternal zygotic
evm.TU.scaffold_4.4041,FALSE,FALSE,neither
evm.TU.scaffold_4.4044,FALSE,FALSE,neither
evm.TU.scaffold_4.4045,FALSE,FALSE,neither
evm.TU.scaffold_4.405,TRUE,FALSE,maternal
evm.TU.scaffold_4.4056,FALSE,FALSE,neither
evm.TU.scaffold_4.4058,FALSE,FALSE,neither
evm.TU.scaffold_4.4059,FALSE,FALSE,neither
evm.TU.scaffold_4.406,TRUE,TRUE,maternal zygotic
evm.TU.scaffold_4.4061,FALSE,FALSE,neither
evm.TU.scaffold_4.407,TRUE,TRUE,maternal zygotic
evm.TU.scaffold_4.4072,FALSE,FALSE,neither
evm.TU.scaffold_4.4074,FALSE,FALSE,neither
evm.TU.scaffold_4.4075,FALSE,TRUE,zygotic
evm.TU.scaffold_4.4076,FALSE,FALSE,neither
evm.TU.scaffold_4.408,TRUE,TRUE,maternal zygotic
evm.TU.scaffold_4.4082,FALSE,FALSE,neither
evm.TU.scaffold_4.4085,FALSE,FALSE,neither
evm.TU.scaffold_4.4086,FALSE,FALSE,neither
evm.TU.scaffold_4.4087,FALSE,FALSE,neither
evm.TU.scaffold_4.4088,FALSE,FALSE,neither
evm.TU.scaffold_4.4089,FALSE,TRUE,zygotic
evm.TU.scaffold_4.4090,FALSE,FALSE,neither
evm.TU.scaffold_4.4094,FALSE,FALSE,neither
evm.TU.scaffold_4.4095,FALSE,FALSE,neither
evm.TU.scaffold_4.4099,FALSE,FALSE,neither
evm.TU.scaffold_4.40a,TRUE,TRUE,maternal zygotic
evm.TU.scaffold_4.40b,FALSE,TRUE,zygotic
evm.TU.scaffold_4.41,FALSE,FALSE,neither
evm.TU.scaffold_4.410,TRUE,TRUE,maternal zygotic
evm.TU.scaffold_4.4104,FALSE,FALSE,neither
evm.TU.scaffold_4.4105,FALSE,FALSE,neither
evm.TU.scaffold_4.411,TRUE,TRUE,maternal zygotic
evm.TU.scaffold_4.4113,FALSE,FALSE,neither
evm.TU.scaffold_4.4114,FALSE,FALSE,neither
evm.TU.scaffold_4.4119,FALSE,FALSE,neither
evm.TU.scaffold_4.4121,FALSE,FALSE,neither
evm.TU.scaffold_4.4122,FALSE,FALSE,neither
evm.TU.scaffold_4.4126,FALSE,FALSE,neither
evm.TU.scaffold_4.4128,FALSE,FALSE,neither
evm.TU.scaffold_4.4129,FALSE,FALSE,neither
evm.TU.scaffold_4.413,TRUE,TRUE,maternal zygotic
evm.TU.scaffold_4.4130,FALSE,FALSE,neither
evm.TU.scaffold_4.4132,FALSE,FALSE,neither
evm.TU.scaffold_4.4133,FALSE,FALSE,neither
evm.TU.scaffold_4.4136,FALSE,FALSE,neither
evm.TU.scaffold_4.4137,FALSE,FALSE,neither
evm.TU.scaffold_4.4138,FALSE,FALSE,neither
evm.TU.scaffold_4.414,TRUE,TRUE,maternal zygotic
evm.TU.scaffold_4.4142,FALSE,FALSE,neither
evm.TU.scaffold_4.4143,FALSE,FALSE,neither
evm.TU.scaffold_4.4145,FALSE,FALSE,neither
evm.TU.scaffold_4.415,TRUE,TRUE,maternal zygotic
evm.TU.scaffold_4.4151,FALSE,FALSE,neither
evm.TU.scaffold_4.4152,FALSE,FALSE,neither
evm.TU.scaffold_4.4153,FALSE,FALSE,neither
evm.TU.scaffold_4.4154,FALSE,FALSE,neither
evm.TU.scaffold_4.4157,FALSE,FALSE,neither
evm.TU.scaffold_4.4158,FALSE,FALSE,neither
evm.TU.scaffold_4.416,TRUE,TRUE,maternal zygotic
evm.TU.scaffold_4.4161,FALSE,FALSE,neither
evm.TU.scaffold_4.4164,FALSE,FALSE,neither
evm.TU.scaffold_4.4166,FALSE,FALSE,neither
evm.TU.scaffold_4.4167,FALSE,FALSE,neither
evm.TU.scaffold_4.4168,TRUE,TRUE,maternal zygotic
evm.TU.scaffold_4.4169,TRUE,TRUE,maternal zygotic
evm.TU.scaffold_4.417,TRUE,TRUE,maternal zygotic
evm.TU.scaffold_4.4170,TRUE,TRUE,maternal zygotic
evm.TU.scaffold_4.4171,FALSE,FALSE,neither
evm.TU.scaffold_4.4173,FALSE,FALSE,neither
evm.TU.scaffold_4.4175,TRUE,TRUE,maternal zygotic
evm.TU.scaffold_4.4176,TRUE,TRUE,maternal zygotic
evm.TU.scaffold_4.4177,TRUE,TRUE,maternal zygotic
evm.TU.scaffold_4.4179,TRUE,TRUE,maternal zygotic
evm.TU.scaffold_4.418,FALSE,FALSE,neither
evm.TU.scaffold_4.4180,TRUE,TRUE,maternal zygotic
evm.TU.scaffold_4.4181_evm.TU.scaffold_4.4182,FALSE,TRUE,zygotic
evm.TU.scaffold_4.4183,TRUE,TRUE,maternal zygotic
evm.TU.scaffold_4.4184,TRUE,TRUE,maternal zygotic
evm.TU.scaffold_4.4185,TRUE,TRUE,maternal zygotic
evm.TU.scaffold_4.4186,TRUE,TRUE,maternal zygotic
evm.TU.scaffold_4.4187,TRUE,TRUE,maternal zygotic
evm.TU.scaffold_4.4188,TRUE,TRUE,maternal zygotic
evm.TU.scaffold_4.4189,TRUE,TRUE,maternal zygotic
evm.TU.scaffold_4.419,FALSE,FALSE,neither
evm.TU.scaffold_4.4190,FALSE,FALSE,neither
evm.TU.scaffold_4.4191,TRUE,TRUE,maternal zygotic
evm.TU.scaffold_4.4192,TRUE,TRUE,maternal zygotic
evm.TU.scaffold_4.4193,TRUE,TRUE,maternal zygotic
evm.TU.scaffold_4.4194,TRUE,TRUE,maternal zygotic
evm.TU.scaffold_4.4195,TRUE,TRUE,maternal zygotic
evm.TU.scaffold_4.4196,TRUE,TRUE,maternal zygotic
evm.TU.scaffold_4.4197,TRUE,TRUE,maternal zygotic
evm.TU.scaffold_4.4199,TRUE,TRUE,maternal zygotic
evm.TU.scaffold_4.42,FALSE,FALSE,neither
evm.TU.scaffold_4.420,FALSE,FALSE,neither
evm.TU.scaffold_4.4200,TRUE,TRUE,maternal zygotic
evm.TU.scaffold_4.4201,TRUE,TRUE,maternal zygotic
evm.TU.scaffold_4.4202,FALSE,FALSE,neither
evm.TU.scaffold_4.4203,TRUE,TRUE,maternal zygotic
evm.TU.scaffold_4.4206,FALSE,FALSE,neither
evm.TU.scaffold_4.4207,FALSE,FALSE,neither
evm.TU.scaffold_4.4208,TRUE,TRUE,maternal zygotic
evm.TU.scaffold_4.421,TRUE,TRUE,maternal zygotic
evm.TU.scaffold_4.4211,FALSE,FALSE,neither
evm.TU.scaffold_4.4212,FALSE,FALSE,neither
evm.TU.scaffold_4.4213,FALSE,FALSE,neither
evm.TU.scaffold_4.4216,FALSE,FALSE,neither
evm.TU.scaffold_4.4217,FALSE,FALSE,neither
evm.TU.scaffold_4.4218,FALSE,FALSE,neither
evm.TU.scaffold_4.4219,FALSE,FALSE,neither
evm.TU.scaffold_4.422,TRUE,TRUE,maternal zygotic
evm.TU.scaffold_4.4220,TRUE,TRUE,maternal zygotic
evm.TU.scaffold_4.4221,FALSE,TRUE,zygotic
evm.TU.scaffold_4.4222,FALSE,FALSE,neither
evm.TU.scaffold_4.4223,FALSE,FALSE,neither
evm.TU.scaffold_4.4224,TRUE,TRUE,maternal zygotic
evm.TU.scaffold_4.4225,TRUE,TRUE,maternal zygotic
evm.TU.scaffold_4.4227,FALSE,FALSE,neither
evm.TU.scaffold_4.4228,FALSE,FALSE,neither
evm.TU.scaffold_4.4229,FALSE,FALSE,neither
evm.TU.scaffold_4.423,TRUE,TRUE,maternal zygotic
evm.TU.scaffold_4.4230,FALSE,FALSE,neither
evm.TU.scaffold_4.4231,FALSE,FALSE,neither
evm.TU.scaffold_4.4232,TRUE,TRUE,maternal zygotic
evm.TU.scaffold_4.4233,TRUE,TRUE,maternal zygotic
evm.TU.scaffold_4.4234,TRUE,TRUE,maternal zygotic
evm.TU.scaffold_4.4235,TRUE,TRUE,maternal zygotic
evm.TU.scaffold_4.4236,FALSE,FALSE,neither
evm.TU.scaffold_4.4239,FALSE,FALSE,neither
evm.TU.scaffold_4.424,TRUE,TRUE,maternal zygotic
evm.TU.scaffold_4.4240,FALSE,FALSE,neither
evm.TU.scaffold_4.4241,FALSE,FALSE,neither
evm.TU.scaffold_4.4242,FALSE,FALSE,neither
evm.TU.scaffold_4.4243,FALSE,FALSE,neither
evm.TU.scaffold_4.4244,TRUE,TRUE,maternal zygotic
evm.TU.scaffold_4.4245,TRUE,TRUE,maternal zygotic
evm.TU.scaffold_4.4246,TRUE,TRUE,maternal zygotic
evm.TU.scaffold_4.4247,FALSE,FALSE,neither
evm.TU.scaffold_4.4248,FALSE,FALSE,neither
evm.TU.scaffold_4.4250,FALSE,FALSE,neither
evm.TU.scaffold_4.4252,FALSE,FALSE,neither
evm.TU.scaffold_4.4254,TRUE,TRUE,maternal zygotic
evm.TU.scaffold_4.4255,FALSE,FALSE,neither
evm.TU.scaffold_4.4256,TRUE,TRUE,maternal zygotic
evm.TU.scaffold_4.4257,TRUE,TRUE,maternal zygotic
evm.TU.scaffold_4.4258,TRUE,TRUE,maternal zygotic
evm.TU.scaffold_4.4259,TRUE,TRUE,maternal zygotic
evm.TU.scaffold_4.426,FALSE,FALSE,neither
evm.TU.scaffold_4.4260,TRUE,TRUE,maternal zygotic
evm.TU.scaffold_4.4261,FALSE,FALSE,neither
evm.TU.scaffold_4.4262,FALSE,FALSE,neither
evm.TU.scaffold_4.4263,FALSE,FALSE,neither
evm.TU.scaffold_4.4265,FALSE,FALSE,neither
evm.TU.scaffold_4.4266,FALSE,FALSE,neither
evm.TU.scaffold_4.4267,FALSE,FALSE,neither
evm.TU.scaffold_4.4268,FALSE,FALSE,neither
evm.TU.scaffold_4.4269,TRUE,TRUE,maternal zygotic
evm.TU.scaffold_4.427,FALSE,FALSE,neither
evm.TU.scaffold_4.4270,TRUE,TRUE,maternal zygotic
evm.TU.scaffold_4.4271,TRUE,TRUE,maternal zygotic
evm.TU.scaffold_4.4272,TRUE,TRUE,maternal zygotic
evm.TU.scaffold_4.4273,TRUE,TRUE,maternal zygotic
evm.TU.scaffold_4.4274,TRUE,TRUE,maternal zygotic
evm.TU.scaffold_4.4275,TRUE,TRUE,maternal zygotic
evm.TU.scaffold_4.4276,TRUE,TRUE,maternal zygotic
evm.TU.scaffold_4.4277,TRUE,TRUE,maternal zygotic
evm.TU.scaffold_4.4278,TRUE,TRUE,maternal zygotic
evm.TU.scaffold_4.4279,TRUE,TRUE,maternal zygotic
evm.TU.scaffold_4.428,TRUE,TRUE,maternal zygotic
evm.TU.scaffold_4.4280,FALSE,FALSE,neither
evm.TU.scaffold_4.4282,TRUE,TRUE,maternal zygotic
evm.TU.scaffold_4.4283,FALSE,FALSE,neither
evm.TU.scaffold_4.4284,FALSE,FALSE,neither
evm.TU.scaffold_4.4285,FALSE,FALSE,neither
evm.TU.scaffold_4.4286,FALSE,FALSE,neither
evm.TU.scaffold_4.4287,TRUE,TRUE,maternal zygotic
evm.TU.scaffold_4.4288,TRUE,TRUE,maternal zygotic
evm.TU.scaffold_4.4289,FALSE,FALSE,neither
evm.TU.scaffold_4.429,FALSE,FALSE,neither
evm.TU.scaffold_4.4290,FALSE,FALSE,neither
evm.TU.scaffold_4.4291,FALSE,FALSE,neither
evm.TU.scaffold_4.4292,TRUE,TRUE,maternal zygotic
evm.TU.scaffold_4.4293,FALSE,FALSE,neither
evm.TU.scaffold_4.4294,FALSE,FALSE,neither
evm.TU.scaffold_4.4295,FALSE,FALSE,neither
evm.TU.scaffold_4.4296,FALSE,FALSE,neither
evm.TU.scaffold_4.4297,FALSE,FALSE,neither
evm.TU.scaffold_4.4298,FALSE,FALSE,neither
evm.TU.scaffold_4.43,FALSE,FALSE,neither
evm.TU.scaffold_4.430,TRUE,TRUE,maternal zygotic
evm.TU.scaffold_4.4300_evm.TU.scaffold_4.4301,TRUE,TRUE,maternal zygotic
evm.TU.scaffold_4.4302,FALSE,TRUE,zygotic
evm.TU.scaffold_4.4303,FALSE,TRUE,zygotic
evm.TU.scaffold_4.4304,TRUE,TRUE,maternal zygotic
evm.TU.scaffold_4.4305,FALSE,FALSE,neither
evm.TU.scaffold_4.4306,TRUE,FALSE,maternal
evm.TU.scaffold_4.4307,TRUE,TRUE,maternal zygotic
evm.TU.scaffold_4.4309,FALSE,FALSE,neither
evm.TU.scaffold_4.431,TRUE,TRUE,maternal zygotic
evm.TU.scaffold_4.4310,TRUE,TRUE,maternal zygotic
evm.TU.scaffold_4.4311,TRUE,TRUE,maternal zygotic
evm.TU.scaffold_4.4312,TRUE,TRUE,maternal zygotic
evm.TU.scaffold_4.4313,FALSE,FALSE,neither
evm.TU.scaffold_4.4314,TRUE,TRUE,maternal zygotic
evm.TU.scaffold_4.4315,TRUE,TRUE,maternal zygotic
evm.TU.scaffold_4.4316,FALSE,TRUE,zygotic
evm.TU.scaffold_4.4317,TRUE,TRUE,maternal zygotic
evm.TU.scaffold_4.4318,FALSE,FALSE,neither
evm.TU.scaffold_4.4319,FALSE,FALSE,neither
evm.TU.scaffold_4.432,TRUE,TRUE,maternal zygotic
evm.TU.scaffold_4.4320,FALSE,FALSE,neither
evm.TU.scaffold_4.4321,FALSE,FALSE,neither
evm.TU.scaffold_4.4322,FALSE,FALSE,neither
evm.TU.scaffold_4.4323,FALSE,FALSE,neither
evm.TU.scaffold_4.4324,FALSE,FALSE,neither
evm.TU.scaffold_4.4325,FALSE,FALSE,neither
evm.TU.scaffold_4.4326,FALSE,TRUE,zygotic
evm.TU.scaffold_4.4327,TRUE,TRUE,maternal zygotic
evm.TU.scaffold_4.433,TRUE,TRUE,maternal zygotic
evm.TU.scaffold_4.4330,FALSE,FALSE,neither
evm.TU.scaffold_4.4331,FALSE,FALSE,neither
evm.TU.scaffold_4.4334,TRUE,TRUE,maternal zygotic
evm.TU.scaffold_4.4335,FALSE,FALSE,neither
evm.TU.scaffold_4.4336,FALSE,FALSE,neither
evm.TU.scaffold_4.4337,FALSE,FALSE,neither
evm.TU.scaffold_4.4338,FALSE,FALSE,neither
evm.TU.scaffold_4.4339,TRUE,TRUE,maternal zygotic
evm.TU.scaffold_4.434,TRUE,TRUE,maternal zygotic
evm.TU.scaffold_4.4340,TRUE,TRUE,maternal zygotic
evm.TU.scaffold_4.4341,TRUE,FALSE,maternal
evm.TU.scaffold_4.4342,FALSE,FALSE,neither
evm.TU.scaffold_4.4343,FALSE,TRUE,zygotic
evm.TU.scaffold_4.4344,TRUE,TRUE,maternal zygotic
evm.TU.scaffold_4.4345,FALSE,FALSE,neither
evm.TU.scaffold_4.4348,TRUE,TRUE,maternal zygotic
evm.TU.scaffold_4.4349,TRUE,TRUE,maternal zygotic
evm.TU.scaffold_4.435,FALSE,FALSE,neither
evm.TU.scaffold_4.4350,FALSE,TRUE,zygotic
evm.TU.scaffold_4.4353,TRUE,TRUE,maternal zygotic
evm.TU.scaffold_4.4354,TRUE,TRUE,maternal zygotic
evm.TU.scaffold_4.4355,TRUE,TRUE,maternal zygotic
evm.TU.scaffold_4.4356,TRUE,TRUE,maternal zygotic
evm.TU.scaffold_4.4357,TRUE,TRUE,maternal zygotic
evm.TU.scaffold_4.4358,TRUE,TRUE,maternal zygotic
evm.TU.scaffold_4.4359,TRUE,FALSE,maternal
evm.TU.scaffold_4.436,FALSE,FALSE,neither
evm.TU.scaffold_4.4360,TRUE,TRUE,maternal zygotic
evm.TU.scaffold_4.4361,TRUE,TRUE,maternal zygotic
evm.TU.scaffold_4.4363,FALSE,FALSE,neither
evm.TU.scaffold_4.4364,FALSE,TRUE,zygotic
evm.TU.scaffold_4.4365,TRUE,TRUE,maternal zygotic
evm.TU.scaffold_4.4366,FALSE,TRUE,zygotic
evm.TU.scaffold_4.4367,TRUE,TRUE,maternal zygotic
evm.TU.scaffold_4.4368,FALSE,FALSE,neither
evm.TU.scaffold_4.4369,TRUE,TRUE,maternal zygotic
evm.TU.scaffold_4.437,FALSE,TRUE,zygotic
evm.TU.scaffold_4.4372,FALSE,FALSE,neither
evm.TU.scaffold_4.4376,FALSE,FALSE,neither
evm.TU.scaffold_4.4378,TRUE,TRUE,maternal zygotic
evm.TU.scaffold_4.438,FALSE,FALSE,neither
evm.TU.scaffold_4.4380,FALSE,FALSE,neither
evm.TU.scaffold_4.4381,FALSE,FALSE,neither
evm.TU.scaffold_4.4382,FALSE,FALSE,neither
evm.TU.scaffold_4.4385,TRUE,TRUE,maternal zygotic
evm.TU.scaffold_4.4386,TRUE,TRUE,maternal zygotic
evm.TU.scaffold_4.4387,TRUE,TRUE,maternal zygotic
evm.TU.scaffold_4.4388,FALSE,FALSE,neither
evm.TU.scaffold_4.439,FALSE,FALSE,neither
evm.TU.scaffold_4.4390,TRUE,TRUE,maternal zygotic
evm.TU.scaffold_4.4391,TRUE,TRUE,maternal zygotic
evm.TU.scaffold_4.4392,TRUE,TRUE,maternal zygotic
evm.TU.scaffold_4.4393,FALSE,FALSE,neither
evm.TU.scaffold_4.4394,FALSE,FALSE,neither
evm.TU.scaffold_4.4395,FALSE,FALSE,neither
evm.TU.scaffold_4.4396,TRUE,TRUE,maternal zygotic
evm.TU.scaffold_4.4397,TRUE,FALSE,maternal
evm.TU.scaffold_4.4398,FALSE,FALSE,neither
evm.TU.scaffold_4.4399,TRUE,TRUE,maternal zygotic
evm.TU.scaffold_4.44,TRUE,TRUE,maternal zygotic
evm.TU.scaffold_4.440,TRUE,TRUE,maternal zygotic
evm.TU.scaffold_4.4400,TRUE,TRUE,maternal zygotic
evm.TU.scaffold_4.4401,TRUE,FALSE,maternal
evm.TU.scaffold_4.4402,FALSE,FALSE,neither
evm.TU.scaffold_4.4403,FALSE,FALSE,neither
evm.TU.scaffold_4.4404,TRUE,TRUE,maternal zygotic
evm.TU.scaffold_4.4405,FALSE,FALSE,neither
evm.TU.scaffold_4.4406,TRUE,TRUE,maternal zygotic
evm.TU.scaffold_4.4407,TRUE,TRUE,maternal zygotic
evm.TU.scaffold_4.4408,TRUE,TRUE,maternal zygotic
evm.TU.scaffold_4.4409,TRUE,TRUE,maternal zygotic
evm.TU.scaffold_4.441,TRUE,TRUE,maternal zygotic
evm.TU.scaffold_4.4410,TRUE,TRUE,maternal zygotic
evm.TU.scaffold_4.4411,TRUE,TRUE,maternal zygotic
evm.TU.scaffold_4.4412,FALSE,TRUE,zygotic
evm.TU.scaffold_4.4413,FALSE,FALSE,neither
evm.TU.scaffold_4.4414,TRUE,TRUE,maternal zygotic
evm.TU.scaffold_4.4415,FALSE,TRUE,zygotic
evm.TU.scaffold_4.4416,TRUE,TRUE,maternal zygotic
evm.TU.scaffold_4.4417,TRUE,TRUE,maternal zygotic
evm.TU.scaffold_4.4419,FALSE,FALSE,neither
evm.TU.scaffold_4.442,FALSE,FALSE,neither
evm.TU.scaffold_4.4420,FALSE,FALSE,neither
evm.TU.scaffold_4.4421,FALSE,FALSE,neither
evm.TU.scaffold_4.4422,FALSE,FALSE,neither
evm.TU.scaffold_4.4425,FALSE,FALSE,neither
evm.TU.scaffold_4.4427,FALSE,FALSE,neither
evm.TU.scaffold_4.4429,FALSE,FALSE,neither
evm.TU.scaffold_4.443,FALSE,FALSE,neither
evm.TU.scaffold_4.4432,FALSE,FALSE,neither
evm.TU.scaffold_4.4433,FALSE,FALSE,neither
evm.TU.scaffold_4.4437,FALSE,FALSE,neither
evm.TU.scaffold_4.4439,FALSE,FALSE,neither
evm.TU.scaffold_4.444,TRUE,TRUE,maternal zygotic
evm.TU.scaffold_4.4445,FALSE,TRUE,zygotic
evm.TU.scaffold_4.4446,FALSE,FALSE,neither
evm.TU.scaffold_4.4447,FALSE,FALSE,neither
evm.TU.scaffold_4.445,TRUE,TRUE,maternal zygotic
evm.TU.scaffold_4.4454,FALSE,TRUE,zygotic
evm.TU.scaffold_4.4455,FALSE,FALSE,neither
evm.TU.scaffold_4.4457,FALSE,FALSE,neither
evm.TU.scaffold_4.446,TRUE,TRUE,maternal zygotic
evm.TU.scaffold_4.4460,FALSE,FALSE,neither
evm.TU.scaffold_4.4462,FALSE,FALSE,neither
evm.TU.scaffold_4.4466,FALSE,FALSE,neither
evm.TU.scaffold_4.4468,FALSE,FALSE,neither
evm.TU.scaffold_4.447,TRUE,TRUE,maternal zygotic
evm.TU.scaffold_4.4471,FALSE,FALSE,neither
evm.TU.scaffold_4.4475,FALSE,FALSE,neither
evm.TU.scaffold_4.4479,FALSE,FALSE,neither
evm.TU.scaffold_4.448,TRUE,TRUE,maternal zygotic
evm.TU.scaffold_4.4480,FALSE,FALSE,neither
evm.TU.scaffold_4.4484,FALSE,FALSE,neither
evm.TU.scaffold_4.4486,FALSE,FALSE,neither
evm.TU.scaffold_4.4487,FALSE,FALSE,neither
evm.TU.scaffold_4.4488,FALSE,FALSE,neither
evm.TU.scaffold_4.449,FALSE,FALSE,neither
evm.TU.scaffold_4.4490,FALSE,FALSE,neither
evm.TU.scaffold_4.4491,FALSE,FALSE,neither
evm.TU.scaffold_4.4493,FALSE,FALSE,neither
evm.TU.scaffold_4.4494,FALSE,FALSE,neither
evm.TU.scaffold_4.4495,FALSE,FALSE,neither
evm.TU.scaffold_4.4498,FALSE,FALSE,neither
evm.TU.scaffold_4.4499,FALSE,FALSE,neither
evm.TU.scaffold_4.45,TRUE,TRUE,maternal zygotic
evm.TU.scaffold_4.450,TRUE,TRUE,maternal zygotic
evm.TU.scaffold_4.4501,FALSE,FALSE,neither
evm.TU.scaffold_4.4504,FALSE,FALSE,neither
evm.TU.scaffold_4.4505,FALSE,FALSE,neither
evm.TU.scaffold_4.4507,FALSE,TRUE,zygotic
evm.TU.scaffold_4.451,TRUE,TRUE,maternal zygotic
evm.TU.scaffold_4.4510,FALSE,TRUE,zygotic
evm.TU.scaffold_4.4514,FALSE,FALSE,neither
evm.TU.scaffold_4.4516,FALSE,FALSE,neither
evm.TU.scaffold_4.452,FALSE,TRUE,zygotic
evm.TU.scaffold_4.4520,FALSE,TRUE,zygotic
evm.TU.scaffold_4.4521,FALSE,FALSE,neither
evm.TU.scaffold_4.4523,FALSE,FALSE,neither
evm.TU.scaffold_4.4524,FALSE,FALSE,neither
evm.TU.scaffold_4.4525,TRUE,TRUE,maternal zygotic
evm.TU.scaffold_4.4526,FALSE,FALSE,neither
evm.TU.scaffold_4.4528,FALSE,FALSE,neither
evm.TU.scaffold_4.453,TRUE,TRUE,maternal zygotic
evm.TU.scaffold_4.4530,FALSE,FALSE,neither
evm.TU.scaffold_4.454,TRUE,TRUE,maternal zygotic
evm.TU.scaffold_4.4541,FALSE,FALSE,neither
evm.TU.scaffold_4.4542,FALSE,FALSE,neither
evm.TU.scaffold_4.4545,FALSE,FALSE,neither
evm.TU.scaffold_4.4546,FALSE,FALSE,neither
evm.TU.scaffold_4.4547,FALSE,FALSE,neither
evm.TU.scaffold_4.4548,FALSE,FALSE,neither
evm.TU.scaffold_4.455,FALSE,FALSE,neither
evm.TU.scaffold_4.4550,FALSE,FALSE,neither
evm.TU.scaffold_4.4552,FALSE,FALSE,neither
evm.TU.scaffold_4.4553,FALSE,FALSE,neither
evm.TU.scaffold_4.4554,FALSE,FALSE,neither
evm.TU.scaffold_4.4555,FALSE,FALSE,neither
evm.TU.scaffold_4.4558,FALSE,FALSE,neither
evm.TU.scaffold_4.456,TRUE,TRUE,maternal zygotic
evm.TU.scaffold_4.4560,FALSE,FALSE,neither
evm.TU.scaffold_4.4561,FALSE,FALSE,neither
evm.TU.scaffold_4.4562,FALSE,FALSE,neither
evm.TU.scaffold_4.4563,FALSE,FALSE,neither
evm.TU.scaffold_4.4567,FALSE,FALSE,neither
evm.TU.scaffold_4.4568,FALSE,FALSE,neither
evm.TU.scaffold_4.457,TRUE,TRUE,maternal zygotic
evm.TU.scaffold_4.4570,FALSE,FALSE,neither
evm.TU.scaffold_4.4573,FALSE,FALSE,neither
evm.TU.scaffold_4.4574,FALSE,FALSE,neither
evm.TU.scaffold_4.4575,FALSE,FALSE,neither
evm.TU.scaffold_4.4577,FALSE,FALSE,neither
evm.TU.scaffold_4.458,TRUE,TRUE,maternal zygotic
evm.TU.scaffold_4.4582,FALSE,FALSE,neither
evm.TU.scaffold_4.4587,FALSE,FALSE,neither
evm.TU.scaffold_4.4588,FALSE,FALSE,neither
evm.TU.scaffold_4.4589,FALSE,FALSE,neither
evm.TU.scaffold_4.459,TRUE,TRUE,maternal zygotic
evm.TU.scaffold_4.4592,FALSE,FALSE,neither
evm.TU.scaffold_4.46,TRUE,TRUE,maternal zygotic
evm.TU.scaffold_4.460,TRUE,TRUE,maternal zygotic
evm.TU.scaffold_4.4603,FALSE,FALSE,neither
evm.TU.scaffold_4.4609,FALSE,FALSE,neither
evm.TU.scaffold_4.461,TRUE,TRUE,maternal zygotic
evm.TU.scaffold_4.4610,FALSE,FALSE,neither
evm.TU.scaffold_4.4611,FALSE,FALSE,neither
evm.TU.scaffold_4.4613,FALSE,FALSE,neither
evm.TU.scaffold_4.462,TRUE,FALSE,maternal
evm.TU.scaffold_4.4621,FALSE,FALSE,neither
evm.TU.scaffold_4.4623,FALSE,FALSE,neither
evm.TU.scaffold_4.4625,FALSE,FALSE,neither
evm.TU.scaffold_4.4627,FALSE,FALSE,neither
evm.TU.scaffold_4.463,TRUE,TRUE,maternal zygotic
evm.TU.scaffold_4.4633,FALSE,FALSE,neither
evm.TU.scaffold_4.4635,FALSE,FALSE,neither
evm.TU.scaffold_4.4636,FALSE,FALSE,neither
evm.TU.scaffold_4.4637,FALSE,FALSE,neither
evm.TU.scaffold_4.4638,FALSE,FALSE,neither
evm.TU.scaffold_4.464,TRUE,TRUE,maternal zygotic
evm.TU.scaffold_4.4640,FALSE,FALSE,neither
evm.TU.scaffold_4.4642,FALSE,FALSE,neither
evm.TU.scaffold_4.4643,FALSE,FALSE,neither
evm.TU.scaffold_4.4644,FALSE,FALSE,neither
evm.TU.scaffold_4.4646,FALSE,FALSE,neither
evm.TU.scaffold_4.465,TRUE,TRUE,maternal zygotic
evm.TU.scaffold_4.4650,FALSE,FALSE,neither
evm.TU.scaffold_4.4652,FALSE,FALSE,neither
evm.TU.scaffold_4.4656,FALSE,FALSE,neither
evm.TU.scaffold_4.466,TRUE,TRUE,maternal zygotic
evm.TU.scaffold_4.4660,FALSE,FALSE,neither
evm.TU.scaffold_4.4661,FALSE,FALSE,neither
evm.TU.scaffold_4.4662,FALSE,FALSE,neither
evm.TU.scaffold_4.4665,FALSE,FALSE,neither
evm.TU.scaffold_4.4668,FALSE,FALSE,neither
evm.TU.scaffold_4.4669,FALSE,FALSE,neither
evm.TU.scaffold_4.467,FALSE,FALSE,neither
evm.TU.scaffold_4.4670,FALSE,FALSE,neither
evm.TU.scaffold_4.4673,FALSE,FALSE,neither
evm.TU.scaffold_4.4674,FALSE,FALSE,neither
evm.TU.scaffold_4.4675,FALSE,FALSE,neither
evm.TU.scaffold_4.468,FALSE,FALSE,neither
evm.TU.scaffold_4.4685,FALSE,FALSE,neither
evm.TU.scaffold_4.469,FALSE,FALSE,neither
evm.TU.scaffold_4.4691,FALSE,FALSE,neither
evm.TU.scaffold_4.4693,FALSE,FALSE,neither
evm.TU.scaffold_4.4696,FALSE,FALSE,neither
evm.TU.scaffold_4.4697,FALSE,FALSE,neither
evm.TU.scaffold_4.4699,FALSE,FALSE,neither
evm.TU.scaffold_4.47,TRUE,TRUE,maternal zygotic
evm.TU.scaffold_4.470,FALSE,FALSE,neither
evm.TU.scaffold_4.4701,FALSE,FALSE,neither
evm.TU.scaffold_4.4706,FALSE,FALSE,neither
evm.TU.scaffold_4.4708,FALSE,FALSE,neither
evm.TU.scaffold_4.4709,FALSE,FALSE,neither
evm.TU.scaffold_4.471,TRUE,TRUE,maternal zygotic
evm.TU.scaffold_4.4710,FALSE,FALSE,neither
evm.TU.scaffold_4.4715,FALSE,FALSE,neither
evm.TU.scaffold_4.4716,FALSE,FALSE,neither
evm.TU.scaffold_4.4717,FALSE,FALSE,neither
evm.TU.scaffold_4.4718,FALSE,FALSE,neither
evm.TU.scaffold_4.4723,FALSE,FALSE,neither
evm.TU.scaffold_4.4724,FALSE,FALSE,neither
evm.TU.scaffold_4.4725,FALSE,FALSE,neither
evm.TU.scaffold_4.4726,FALSE,FALSE,neither
evm.TU.scaffold_4.4734,FALSE,FALSE,neither
evm.TU.scaffold_4.474,FALSE,FALSE,neither
evm.TU.scaffold_4.4743,FALSE,FALSE,neither
evm.TU.scaffold_4.4744,FALSE,FALSE,neither
evm.TU.scaffold_4.4745,FALSE,FALSE,neither
evm.TU.scaffold_4.4748,FALSE,FALSE,neither
evm.TU.scaffold_4.4749,FALSE,FALSE,neither
evm.TU.scaffold_4.475,FALSE,FALSE,neither
evm.TU.scaffold_4.4750,FALSE,FALSE,neither
evm.TU.scaffold_4.4753,FALSE,FALSE,neither
evm.TU.scaffold_4.4757,FALSE,FALSE,neither
evm.TU.scaffold_4.4758,FALSE,FALSE,neither
evm.TU.scaffold_4.4759,FALSE,FALSE,neither
evm.TU.scaffold_4.476,FALSE,FALSE,neither
evm.TU.scaffold_4.4764,FALSE,FALSE,neither
evm.TU.scaffold_4.4768,FALSE,FALSE,neither
evm.TU.scaffold_4.4769,FALSE,TRUE,zygotic
evm.TU.scaffold_4.477,TRUE,TRUE,maternal zygotic
evm.TU.scaffold_4.4770,FALSE,FALSE,neither
evm.TU.scaffold_4.4773,FALSE,FALSE,neither
evm.TU.scaffold_4.4774,FALSE,FALSE,neither
evm.TU.scaffold_4.4776,FALSE,FALSE,neither
evm.TU.scaffold_4.4777,FALSE,FALSE,neither
evm.TU.scaffold_4.4778,FALSE,FALSE,neither
evm.TU.scaffold_4.4779,FALSE,TRUE,zygotic
evm.TU.scaffold_4.478,TRUE,TRUE,maternal zygotic
evm.TU.scaffold_4.4780,FALSE,FALSE,neither
evm.TU.scaffold_4.4781,FALSE,FALSE,neither
evm.TU.scaffold_4.4782,FALSE,FALSE,neither
evm.TU.scaffold_4.4783,FALSE,FALSE,neither
evm.TU.scaffold_4.4784,FALSE,FALSE,neither
evm.TU.scaffold_4.4785,FALSE,FALSE,neither
evm.TU.scaffold_4.4786,FALSE,FALSE,neither
evm.TU.scaffold_4.479,TRUE,TRUE,maternal zygotic
evm.TU.scaffold_4.4793,TRUE,TRUE,maternal zygotic
evm.TU.scaffold_4.4797,FALSE,FALSE,neither
evm.TU.scaffold_4.4798,FALSE,FALSE,neither
evm.TU.scaffold_4.4799,FALSE,FALSE,neither
evm.TU.scaffold_4.48,FALSE,FALSE,neither
evm.TU.scaffold_4.480,TRUE,TRUE,maternal zygotic
evm.TU.scaffold_4.4801,FALSE,FALSE,neither
evm.TU.scaffold_4.4803,FALSE,FALSE,neither
evm.TU.scaffold_4.4804,FALSE,FALSE,neither
evm.TU.scaffold_4.4805,FALSE,FALSE,neither
evm.TU.scaffold_4.4808,FALSE,FALSE,neither
evm.TU.scaffold_4.4809,FALSE,FALSE,neither
evm.TU.scaffold_4.481,TRUE,TRUE,maternal zygotic
evm.TU.scaffold_4.4811,FALSE,FALSE,neither
evm.TU.scaffold_4.4812,FALSE,FALSE,neither
evm.TU.scaffold_4.4814,FALSE,FALSE,neither
evm.TU.scaffold_4.4817,FALSE,FALSE,neither
evm.TU.scaffold_4.4818,FALSE,FALSE,neither
evm.TU.scaffold_4.4819,FALSE,FALSE,neither
evm.TU.scaffold_4.482,TRUE,TRUE,maternal zygotic
evm.TU.scaffold_4.4821,FALSE,FALSE,neither
evm.TU.scaffold_4.4822,FALSE,FALSE,neither
evm.TU.scaffold_4.4825,FALSE,FALSE,neither
evm.TU.scaffold_4.4826,FALSE,FALSE,neither
evm.TU.scaffold_4.4827,FALSE,FALSE,neither
evm.TU.scaffold_4.483,TRUE,TRUE,maternal zygotic
evm.TU.scaffold_4.4831,FALSE,FALSE,neither
evm.TU.scaffold_4.4835,FALSE,FALSE,neither
evm.TU.scaffold_4.484,TRUE,TRUE,maternal zygotic
evm.TU.scaffold_4.4845,FALSE,FALSE,neither
evm.TU.scaffold_4.4847,FALSE,FALSE,neither
evm.TU.scaffold_4.4848,FALSE,FALSE,neither
evm.TU.scaffold_4.485,TRUE,TRUE,maternal zygotic
evm.TU.scaffold_4.4856,FALSE,FALSE,neither
evm.TU.scaffold_4.4857,FALSE,FALSE,neither
evm.TU.scaffold_4.4859,FALSE,FALSE,neither
evm.TU.scaffold_4.486,TRUE,TRUE,maternal zygotic
evm.TU.scaffold_4.4861,FALSE,FALSE,neither
evm.TU.scaffold_4.4864,FALSE,FALSE,neither
evm.TU.scaffold_4.487,FALSE,FALSE,neither
evm.TU.scaffold_4.4871,FALSE,FALSE,neither
evm.TU.scaffold_4.4872,FALSE,FALSE,neither
evm.TU.scaffold_4.488,TRUE,FALSE,maternal
evm.TU.scaffold_4.4880,FALSE,FALSE,neither
evm.TU.scaffold_4.4881,FALSE,FALSE,neither
evm.TU.scaffold_4.4885,FALSE,FALSE,neither
evm.TU.scaffold_4.4886,TRUE,TRUE,maternal zygotic
evm.TU.scaffold_4.4887,FALSE,FALSE,neither
evm.TU.scaffold_4.4888,FALSE,FALSE,neither
evm.TU.scaffold_4.4889,FALSE,FALSE,neither
evm.TU.scaffold_4.489,TRUE,TRUE,maternal zygotic
evm.TU.scaffold_4.4890,FALSE,FALSE,neither
evm.TU.scaffold_4.4891,FALSE,FALSE,neither
evm.TU.scaffold_4.4892,FALSE,FALSE,neither
evm.TU.scaffold_4.4893,FALSE,FALSE,neither
evm.TU.scaffold_4.4894,TRUE,TRUE,maternal zygotic
evm.TU.scaffold_4.4895,TRUE,TRUE,maternal zygotic
evm.TU.scaffold_4.4896,TRUE,TRUE,maternal zygotic
evm.TU.scaffold_4.4897,FALSE,FALSE,neither
evm.TU.scaffold_4.4898,TRUE,TRUE,maternal zygotic
evm.TU.scaffold_4.4899,FALSE,FALSE,neither
evm.TU.scaffold_4.49,TRUE,TRUE,maternal zygotic
evm.TU.scaffold_4.4901,TRUE,TRUE,maternal zygotic
evm.TU.scaffold_4.4902,TRUE,TRUE,maternal zygotic
evm.TU.scaffold_4.4903,TRUE,TRUE,maternal zygotic
evm.TU.scaffold_4.4904,TRUE,TRUE,maternal zygotic
evm.TU.scaffold_4.4905,TRUE,TRUE,maternal zygotic
evm.TU.scaffold_4.4906,FALSE,FALSE,neither
evm.TU.scaffold_4.4907,FALSE,TRUE,zygotic
evm.TU.scaffold_4.4908,FALSE,FALSE,neither
evm.TU.scaffold_4.4909,FALSE,FALSE,neither
evm.TU.scaffold_4.490_evm.TU.scaffold_4.491,TRUE,TRUE,maternal zygotic
evm.TU.scaffold_4.4912,TRUE,TRUE,maternal zygotic
evm.TU.scaffold_4.4913,FALSE,FALSE,neither
evm.TU.scaffold_4.4914,TRUE,TRUE,maternal zygotic
evm.TU.scaffold_4.4915,TRUE,TRUE,maternal zygotic
evm.TU.scaffold_4.4916,FALSE,FALSE,neither
evm.TU.scaffold_4.4917,FALSE,FALSE,neither
evm.TU.scaffold_4.4918,FALSE,FALSE,neither
evm.TU.scaffold_4.4919,TRUE,TRUE,maternal zygotic
evm.TU.scaffold_4.492,TRUE,TRUE,maternal zygotic
evm.TU.scaffold_4.4920,TRUE,TRUE,maternal zygotic
evm.TU.scaffold_4.4921,TRUE,TRUE,maternal zygotic
evm.TU.scaffold_4.4922,TRUE,TRUE,maternal zygotic
evm.TU.scaffold_4.4923,TRUE,TRUE,maternal zygotic
evm.TU.scaffold_4.4925,TRUE,TRUE,maternal zygotic
evm.TU.scaffold_4.4928,FALSE,FALSE,neither
evm.TU.scaffold_4.4929,FALSE,FALSE,neither
evm.TU.scaffold_4.493,FALSE,FALSE,neither
evm.TU.scaffold_4.4930,FALSE,FALSE,neither
evm.TU.scaffold_4.4931,FALSE,FALSE,neither
evm.TU.scaffold_4.4932,FALSE,FALSE,neither
evm.TU.scaffold_4.4934,FALSE,FALSE,neither
evm.TU.scaffold_4.4935,FALSE,FALSE,neither
evm.TU.scaffold_4.4936,FALSE,FALSE,neither
evm.TU.scaffold_4.4939,TRUE,TRUE,maternal zygotic
evm.TU.scaffold_4.4940,TRUE,TRUE,maternal zygotic
evm.TU.scaffold_4.4941,TRUE,TRUE,maternal zygotic
evm.TU.scaffold_4.4942,TRUE,TRUE,maternal zygotic
evm.TU.scaffold_4.4943,FALSE,FALSE,neither
evm.TU.scaffold_4.4944,FALSE,TRUE,zygotic
evm.TU.scaffold_4.4945,FALSE,FALSE,neither
evm.TU.scaffold_4.4947,TRUE,TRUE,maternal zygotic
evm.TU.scaffold_4.4948,TRUE,TRUE,maternal zygotic
evm.TU.scaffold_4.4949,TRUE,TRUE,maternal zygotic
evm.TU.scaffold_4.494_evm.TU.scaffold_4.495,TRUE,TRUE,maternal zygotic
evm.TU.scaffold_4.4950,FALSE,FALSE,neither
evm.TU.scaffold_4.4953,TRUE,TRUE,maternal zygotic
evm.TU.scaffold_4.4955,TRUE,TRUE,maternal zygotic
evm.TU.scaffold_4.4956,TRUE,TRUE,maternal zygotic
evm.TU.scaffold_4.4957,TRUE,TRUE,maternal zygotic
evm.TU.scaffold_4.4958,FALSE,FALSE,neither
evm.TU.scaffold_4.496,TRUE,TRUE,maternal zygotic
evm.TU.scaffold_4.4963,TRUE,TRUE,maternal zygotic
evm.TU.scaffold_4.4964,TRUE,TRUE,maternal zygotic
evm.TU.scaffold_4.4965,FALSE,FALSE,neither
evm.TU.scaffold_4.4966,TRUE,FALSE,maternal
evm.TU.scaffold_4.4967,TRUE,TRUE,maternal zygotic
evm.TU.scaffold_4.4968,TRUE,TRUE,maternal zygotic
evm.TU.scaffold_4.4969,TRUE,TRUE,maternal zygotic
evm.TU.scaffold_4.497,TRUE,TRUE,maternal zygotic
evm.TU.scaffold_4.4970,FALSE,FALSE,neither
evm.TU.scaffold_4.4971,TRUE,TRUE,maternal zygotic
evm.TU.scaffold_4.4972,TRUE,TRUE,maternal zygotic
evm.TU.scaffold_4.4973,TRUE,TRUE,maternal zygotic
evm.TU.scaffold_4.4974,TRUE,TRUE,maternal zygotic
evm.TU.scaffold_4.4975,TRUE,TRUE,maternal zygotic
evm.TU.scaffold_4.4976,TRUE,TRUE,maternal zygotic
evm.TU.scaffold_4.4977,TRUE,TRUE,maternal zygotic
evm.TU.scaffold_4.4978,TRUE,TRUE,maternal zygotic
evm.TU.scaffold_4.4979,TRUE,TRUE,maternal zygotic
evm.TU.scaffold_4.498,TRUE,TRUE,maternal zygotic
evm.TU.scaffold_4.4980,TRUE,TRUE,maternal zygotic
evm.TU.scaffold_4.4981,TRUE,TRUE,maternal zygotic
evm.TU.scaffold_4.4982,TRUE,TRUE,maternal zygotic
evm.TU.scaffold_4.4983,TRUE,TRUE,maternal zygotic
evm.TU.scaffold_4.4984,FALSE,FALSE,neither
evm.TU.scaffold_4.4985,TRUE,TRUE,maternal zygotic
evm.TU.scaffold_4.4986,TRUE,TRUE,maternal zygotic
evm.TU.scaffold_4.4987,TRUE,TRUE,maternal zygotic
evm.TU.scaffold_4.4988,FALSE,FALSE,neither
evm.TU.scaffold_4.4989,TRUE,TRUE,maternal zygotic
evm.TU.scaffold_4.499,TRUE,TRUE,maternal zygotic
evm.TU.scaffold_4.4990,TRUE,TRUE,maternal zygotic
evm.TU.scaffold_4.4991,FALSE,FALSE,neither
evm.TU.scaffold_4.4992,TRUE,TRUE,maternal zygotic
evm.TU.scaffold_4.4993,TRUE,TRUE,maternal zygotic
evm.TU.scaffold_4.4994,TRUE,TRUE,maternal zygotic
evm.TU.scaffold_4.4995,TRUE,TRUE,maternal zygotic
evm.TU.scaffold_4.4996,TRUE,TRUE,maternal zygotic
evm.TU.scaffold_4.4997,TRUE,TRUE,maternal zygotic
evm.TU.scaffold_4.4998,TRUE,TRUE,maternal zygotic
evm.TU.scaffold_4.4999,TRUE,TRUE,maternal zygotic
evm.TU.scaffold_4.50,TRUE,TRUE,maternal zygotic
evm.TU.scaffold_4.500,TRUE,TRUE,maternal zygotic
evm.TU.scaffold_4.5000,TRUE,TRUE,maternal zygotic
evm.TU.scaffold_4.5001,TRUE,TRUE,maternal zygotic
evm.TU.scaffold_4.5002,TRUE,TRUE,maternal zygotic
evm.TU.scaffold_4.5003,TRUE,TRUE,maternal zygotic
evm.TU.scaffold_4.5004,FALSE,FALSE,neither
evm.TU.scaffold_4.501,TRUE,TRUE,maternal zygotic
evm.TU.scaffold_4.5010,TRUE,TRUE,maternal zygotic
evm.TU.scaffold_4.5011,FALSE,TRUE,zygotic
evm.TU.scaffold_4.5012,FALSE,FALSE,neither
evm.TU.scaffold_4.5013,FALSE,FALSE,neither
evm.TU.scaffold_4.5014,TRUE,TRUE,maternal zygotic
evm.TU.scaffold_4.5015,TRUE,TRUE,maternal zygotic
evm.TU.scaffold_4.5016,TRUE,TRUE,maternal zygotic
evm.TU.scaffold_4.5017,TRUE,TRUE,maternal zygotic
evm.TU.scaffold_4.5018,TRUE,TRUE,maternal zygotic
evm.TU.scaffold_4.5019,FALSE,FALSE,neither
evm.TU.scaffold_4.502,FALSE,FALSE,neither
evm.TU.scaffold_4.5020,FALSE,FALSE,neither
evm.TU.scaffold_4.5021,FALSE,TRUE,zygotic
evm.TU.scaffold_4.5022,TRUE,TRUE,maternal zygotic
evm.TU.scaffold_4.5023,TRUE,TRUE,maternal zygotic
evm.TU.scaffold_4.5024,TRUE,TRUE,maternal zygotic
evm.TU.scaffold_4.5025,FALSE,FALSE,neither
evm.TU.scaffold_4.5027,FALSE,FALSE,neither
evm.TU.scaffold_4.5028,FALSE,FALSE,neither
evm.TU.scaffold_4.5029,TRUE,TRUE,maternal zygotic
evm.TU.scaffold_4.503,TRUE,TRUE,maternal zygotic
evm.TU.scaffold_4.5030,FALSE,FALSE,neither
evm.TU.scaffold_4.5031,TRUE,TRUE,maternal zygotic
evm.TU.scaffold_4.5032,TRUE,TRUE,maternal zygotic
evm.TU.scaffold_4.5033,TRUE,TRUE,maternal zygotic
evm.TU.scaffold_4.5034,TRUE,TRUE,maternal zygotic
evm.TU.scaffold_4.5035,TRUE,TRUE,maternal zygotic
evm.TU.scaffold_4.5036,TRUE,TRUE,maternal zygotic
evm.TU.scaffold_4.504,TRUE,TRUE,maternal zygotic
evm.TU.scaffold_4.505,TRUE,TRUE,maternal zygotic
evm.TU.scaffold_4.506,TRUE,TRUE,maternal zygotic
evm.TU.scaffold_4.507,TRUE,TRUE,maternal zygotic
evm.TU.scaffold_4.508,FALSE,FALSE,neither
evm.TU.scaffold_4.509,TRUE,TRUE,maternal zygotic
evm.TU.scaffold_4.51,TRUE,FALSE,maternal
evm.TU.scaffold_4.510,TRUE,TRUE,maternal zygotic
evm.TU.scaffold_4.511,FALSE,FALSE,neither
evm.TU.scaffold_4.512,FALSE,FALSE,neither
evm.TU.scaffold_4.515,FALSE,FALSE,neither
evm.TU.scaffold_4.516,FALSE,FALSE,neither
evm.TU.scaffold_4.517,FALSE,FALSE,neither
evm.TU.scaffold_4.518,TRUE,TRUE,maternal zygotic
evm.TU.scaffold_4.519,TRUE,TRUE,maternal zygotic
evm.TU.scaffold_4.520,TRUE,TRUE,maternal zygotic
evm.TU.scaffold_4.521,TRUE,TRUE,maternal zygotic
evm.TU.scaffold_4.522,TRUE,TRUE,maternal zygotic
evm.TU.scaffold_4.523,TRUE,TRUE,maternal zygotic
evm.TU.scaffold_4.524,TRUE,TRUE,maternal zygotic
evm.TU.scaffold_4.525,TRUE,TRUE,maternal zygotic
evm.TU.scaffold_4.527,TRUE,TRUE,maternal zygotic
evm.TU.scaffold_4.528,TRUE,TRUE,maternal zygotic
evm.TU.scaffold_4.529,TRUE,TRUE,maternal zygotic
evm.TU.scaffold_4.530,TRUE,TRUE,maternal zygotic
evm.TU.scaffold_4.531,TRUE,TRUE,maternal zygotic
evm.TU.scaffold_4.533,TRUE,TRUE,maternal zygotic
evm.TU.scaffold_4.534,TRUE,TRUE,maternal zygotic
evm.TU.scaffold_4.535,FALSE,FALSE,neither
evm.TU.scaffold_4.536,FALSE,FALSE,neither
evm.TU.scaffold_4.537,FALSE,FALSE,neither
evm.TU.scaffold_4.538,FALSE,FALSE,neither
evm.TU.scaffold_4.539,TRUE,TRUE,maternal zygotic
evm.TU.scaffold_4.54,TRUE,TRUE,maternal zygotic
evm.TU.scaffold_4.540,TRUE,TRUE,maternal zygotic
evm.TU.scaffold_4.541,TRUE,TRUE,maternal zygotic
evm.TU.scaffold_4.542,TRUE,TRUE,maternal zygotic
evm.TU.scaffold_4.543,FALSE,TRUE,zygotic
evm.TU.scaffold_4.544,TRUE,TRUE,maternal zygotic
evm.TU.scaffold_4.545,TRUE,TRUE,maternal zygotic
evm.TU.scaffold_4.546,TRUE,TRUE,maternal zygotic
evm.TU.scaffold_4.547,TRUE,TRUE,maternal zygotic
evm.TU.scaffold_4.548,TRUE,TRUE,maternal zygotic
evm.TU.scaffold_4.549,TRUE,TRUE,maternal zygotic
evm.TU.scaffold_4.55,TRUE,FALSE,maternal
evm.TU.scaffold_4.550,TRUE,TRUE,maternal zygotic
evm.TU.scaffold_4.551,FALSE,FALSE,neither
evm.TU.scaffold_4.552,FALSE,FALSE,neither
evm.TU.scaffold_4.553,FALSE,FALSE,neither
evm.TU.scaffold_4.554,FALSE,FALSE,neither
evm.TU.scaffold_4.555,FALSE,FALSE,neither
evm.TU.scaffold_4.556,TRUE,TRUE,maternal zygotic
evm.TU.scaffold_4.557,FALSE,FALSE,neither
evm.TU.scaffold_4.558,FALSE,FALSE,neither
evm.TU.scaffold_4.559,FALSE,FALSE,neither
evm.TU.scaffold_4.56,TRUE,TRUE,maternal zygotic
evm.TU.scaffold_4.560,FALSE,FALSE,neither
evm.TU.scaffold_4.561,FALSE,FALSE,neither
evm.TU.scaffold_4.562_evm.TU.scaffold_4.563,TRUE,FALSE,maternal
evm.TU.scaffold_4.564,FALSE,FALSE,neither
evm.TU.scaffold_4.565,TRUE,TRUE,maternal zygotic
evm.TU.scaffold_4.566,TRUE,TRUE,maternal zygotic
evm.TU.scaffold_4.567,TRUE,TRUE,maternal zygotic
evm.TU.scaffold_4.568,TRUE,TRUE,maternal zygotic
evm.TU.scaffold_4.569,TRUE,TRUE,maternal zygotic
evm.TU.scaffold_4.570,FALSE,FALSE,neither
evm.TU.scaffold_4.571_evm.TU.scaffold_4.574,TRUE,TRUE,maternal zygotic
evm.TU.scaffold_4.572,FALSE,FALSE,neither
evm.TU.scaffold_4.573,FALSE,FALSE,neither
evm.TU.scaffold_4.575,FALSE,FALSE,neither
evm.TU.scaffold_4.576,FALSE,FALSE,neither
evm.TU.scaffold_4.578,FALSE,FALSE,neither
evm.TU.scaffold_4.579,FALSE,FALSE,neither
evm.TU.scaffold_4.58,TRUE,TRUE,maternal zygotic
evm.TU.scaffold_4.580,FALSE,FALSE,neither
evm.TU.scaffold_4.581,FALSE,FALSE,neither
evm.TU.scaffold_4.582,TRUE,TRUE,maternal zygotic
evm.TU.scaffold_4.583,FALSE,FALSE,neither
evm.TU.scaffold_4.584,TRUE,TRUE,maternal zygotic
evm.TU.scaffold_4.585,TRUE,TRUE,maternal zygotic
evm.TU.scaffold_4.586,TRUE,TRUE,maternal zygotic
evm.TU.scaffold_4.587,TRUE,TRUE,maternal zygotic
evm.TU.scaffold_4.588,TRUE,TRUE,maternal zygotic
evm.TU.scaffold_4.589,TRUE,TRUE,maternal zygotic
evm.TU.scaffold_4.59,TRUE,TRUE,maternal zygotic
evm.TU.scaffold_4.591,FALSE,FALSE,neither
evm.TU.scaffold_4.592,FALSE,FALSE,neither
evm.TU.scaffold_4.593,TRUE,TRUE,maternal zygotic
evm.TU.scaffold_4.594,TRUE,TRUE,maternal zygotic
evm.TU.scaffold_4.595,TRUE,TRUE,maternal zygotic
evm.TU.scaffold_4.596,TRUE,TRUE,maternal zygotic
evm.TU.scaffold_4.597,TRUE,TRUE,maternal zygotic
evm.TU.scaffold_4.598,TRUE,TRUE,maternal zygotic
evm.TU.scaffold_4.599,TRUE,TRUE,maternal zygotic
evm.TU.scaffold_4.60,TRUE,TRUE,maternal zygotic
evm.TU.scaffold_4.600,FALSE,FALSE,neither
evm.TU.scaffold_4.601,TRUE,TRUE,maternal zygotic
evm.TU.scaffold_4.602,TRUE,TRUE,maternal zygotic
evm.TU.scaffold_4.603,TRUE,TRUE,maternal zygotic
evm.TU.scaffold_4.604,TRUE,TRUE,maternal zygotic
evm.TU.scaffold_4.605,TRUE,TRUE,maternal zygotic
evm.TU.scaffold_4.606,TRUE,TRUE,maternal zygotic
evm.TU.scaffold_4.607,TRUE,TRUE,maternal zygotic
evm.TU.scaffold_4.608,TRUE,TRUE,maternal zygotic
evm.TU.scaffold_4.61,TRUE,TRUE,maternal zygotic
evm.TU.scaffold_4.610,FALSE,FALSE,neither
evm.TU.scaffold_4.612,FALSE,FALSE,neither
evm.TU.scaffold_4.613,TRUE,TRUE,maternal zygotic
evm.TU.scaffold_4.614,TRUE,TRUE,maternal zygotic
evm.TU.scaffold_4.615,TRUE,TRUE,maternal zygotic
evm.TU.scaffold_4.616,TRUE,TRUE,maternal zygotic
evm.TU.scaffold_4.617,TRUE,TRUE,maternal zygotic
evm.TU.scaffold_4.618,TRUE,TRUE,maternal zygotic
evm.TU.scaffold_4.619,TRUE,TRUE,maternal zygotic
evm.TU.scaffold_4.62,FALSE,FALSE,neither
evm.TU.scaffold_4.620,TRUE,TRUE,maternal zygotic
evm.TU.scaffold_4.621,FALSE,FALSE,neither
evm.TU.scaffold_4.622,FALSE,FALSE,neither
evm.TU.scaffold_4.623,TRUE,FALSE,maternal
evm.TU.scaffold_4.624,FALSE,FALSE,neither
evm.TU.scaffold_4.625,FALSE,FALSE,neither
evm.TU.scaffold_4.626,FALSE,FALSE,neither
evm.TU.scaffold_4.627,FALSE,FALSE,neither
evm.TU.scaffold_4.628,FALSE,FALSE,neither
evm.TU.scaffold_4.629,FALSE,FALSE,neither
evm.TU.scaffold_4.63,FALSE,FALSE,neither
evm.TU.scaffold_4.630,TRUE,TRUE,maternal zygotic
evm.TU.scaffold_4.631,TRUE,TRUE,maternal zygotic
evm.TU.scaffold_4.632,TRUE,TRUE,maternal zygotic
evm.TU.scaffold_4.633,TRUE,TRUE,maternal zygotic
evm.TU.scaffold_4.635,FALSE,FALSE,neither
evm.TU.scaffold_4.638,FALSE,FALSE,neither
evm.TU.scaffold_4.639,FALSE,FALSE,neither
evm.TU.scaffold_4.64,FALSE,FALSE,neither
evm.TU.scaffold_4.640,TRUE,TRUE,maternal zygotic
evm.TU.scaffold_4.641,FALSE,TRUE,zygotic
evm.TU.scaffold_4.642,TRUE,TRUE,maternal zygotic
evm.TU.scaffold_4.643,TRUE,TRUE,maternal zygotic
evm.TU.scaffold_4.644,TRUE,FALSE,maternal
evm.TU.scaffold_4.645,TRUE,TRUE,maternal zygotic
evm.TU.scaffold_4.646,TRUE,TRUE,maternal zygotic
evm.TU.scaffold_4.647,FALSE,TRUE,zygotic
evm.TU.scaffold_4.648,FALSE,TRUE,zygotic
evm.TU.scaffold_4.649,TRUE,TRUE,maternal zygotic
evm.TU.scaffold_4.65,TRUE,TRUE,maternal zygotic
evm.TU.scaffold_4.650,TRUE,TRUE,maternal zygotic
evm.TU.scaffold_4.651,TRUE,TRUE,maternal zygotic
evm.TU.scaffold_4.652,TRUE,TRUE,maternal zygotic
evm.TU.scaffold_4.653,TRUE,TRUE,maternal zygotic
evm.TU.scaffold_4.654,FALSE,FALSE,neither
evm.TU.scaffold_4.655,TRUE,TRUE,maternal zygotic
evm.TU.scaffold_4.656,FALSE,FALSE,neither
evm.TU.scaffold_4.657,FALSE,FALSE,neither
evm.TU.scaffold_4.658,FALSE,FALSE,neither
evm.TU.scaffold_4.659,TRUE,TRUE,maternal zygotic
evm.TU.scaffold_4.66,TRUE,TRUE,maternal zygotic
evm.TU.scaffold_4.660,FALSE,FALSE,neither
evm.TU.scaffold_4.661,FALSE,FALSE,neither
evm.TU.scaffold_4.662,TRUE,TRUE,maternal zygotic
evm.TU.scaffold_4.663,FALSE,FALSE,neither
evm.TU.scaffold_4.664,TRUE,TRUE,maternal zygotic
evm.TU.scaffold_4.665,TRUE,TRUE,maternal zygotic
evm.TU.scaffold_4.666,TRUE,TRUE,maternal zygotic
evm.TU.scaffold_4.667,TRUE,TRUE,maternal zygotic
evm.TU.scaffold_4.668,TRUE,TRUE,maternal zygotic
evm.TU.scaffold_4.669,FALSE,TRUE,zygotic
evm.TU.scaffold_4.67,TRUE,TRUE,maternal zygotic
evm.TU.scaffold_4.670,FALSE,FALSE,neither
evm.TU.scaffold_4.671,FALSE,FALSE,neither
evm.TU.scaffold_4.672,TRUE,TRUE,maternal zygotic
evm.TU.scaffold_4.674_evm.TU.scaffold_4.673,FALSE,FALSE,neither
evm.TU.scaffold_4.675,FALSE,FALSE,neither
evm.TU.scaffold_4.676,FALSE,FALSE,neither
evm.TU.scaffold_4.677,TRUE,TRUE,maternal zygotic
evm.TU.scaffold_4.678,FALSE,FALSE,neither
evm.TU.scaffold_4.679,FALSE,FALSE,neither
evm.TU.scaffold_4.68,FALSE,FALSE,neither
evm.TU.scaffold_4.680,FALSE,FALSE,neither
evm.TU.scaffold_4.681,FALSE,FALSE,neither
evm.TU.scaffold_4.682,TRUE,TRUE,maternal zygotic
evm.TU.scaffold_4.683,TRUE,TRUE,maternal zygotic
evm.TU.scaffold_4.684,FALSE,FALSE,neither
evm.TU.scaffold_4.685,TRUE,TRUE,maternal zygotic
evm.TU.scaffold_4.686,FALSE,FALSE,neither
evm.TU.scaffold_4.687,FALSE,FALSE,neither
evm.TU.scaffold_4.688,FALSE,FALSE,neither
evm.TU.scaffold_4.689,FALSE,FALSE,neither
evm.TU.scaffold_4.69,TRUE,TRUE,maternal zygotic
evm.TU.scaffold_4.690,FALSE,TRUE,zygotic
evm.TU.scaffold_4.691,FALSE,TRUE,zygotic
evm.TU.scaffold_4.692,TRUE,TRUE,maternal zygotic
evm.TU.scaffold_4.693,TRUE,TRUE,maternal zygotic
evm.TU.scaffold_4.694,FALSE,FALSE,neither
evm.TU.scaffold_4.696,FALSE,TRUE,zygotic
evm.TU.scaffold_4.697,FALSE,FALSE,neither
evm.TU.scaffold_4.698,FALSE,FALSE,neither
evm.TU.scaffold_4.7,FALSE,FALSE,neither
evm.TU.scaffold_4.70,TRUE,TRUE,maternal zygotic
evm.TU.scaffold_4.700,TRUE,FALSE,maternal
evm.TU.scaffold_4.702,TRUE,TRUE,maternal zygotic
evm.TU.scaffold_4.703,TRUE,TRUE,maternal zygotic
evm.TU.scaffold_4.704,TRUE,TRUE,maternal zygotic
evm.TU.scaffold_4.705,TRUE,TRUE,maternal zygotic
evm.TU.scaffold_4.706,FALSE,FALSE,neither
evm.TU.scaffold_4.707,TRUE,TRUE,maternal zygotic
evm.TU.scaffold_4.708,TRUE,TRUE,maternal zygotic
evm.TU.scaffold_4.709,TRUE,TRUE,maternal zygotic
evm.TU.scaffold_4.71,TRUE,TRUE,maternal zygotic
evm.TU.scaffold_4.710,FALSE,TRUE,zygotic
evm.TU.scaffold_4.711,TRUE,TRUE,maternal zygotic
evm.TU.scaffold_4.712,TRUE,TRUE,maternal zygotic
evm.TU.scaffold_4.713,TRUE,TRUE,maternal zygotic
evm.TU.scaffold_4.714,FALSE,TRUE,zygotic
evm.TU.scaffold_4.716,TRUE,TRUE,maternal zygotic
evm.TU.scaffold_4.717,TRUE,TRUE,maternal zygotic
evm.TU.scaffold_4.718,TRUE,TRUE,maternal zygotic
evm.TU.scaffold_4.719,TRUE,TRUE,maternal zygotic
evm.TU.scaffold_4.72,TRUE,TRUE,maternal zygotic
evm.TU.scaffold_4.720,TRUE,TRUE,maternal zygotic
evm.TU.scaffold_4.721,TRUE,TRUE,maternal zygotic
evm.TU.scaffold_4.722,TRUE,TRUE,maternal zygotic
evm.TU.scaffold_4.723,TRUE,TRUE,maternal zygotic
evm.TU.scaffold_4.724,TRUE,TRUE,maternal zygotic
evm.TU.scaffold_4.725,TRUE,TRUE,maternal zygotic
evm.TU.scaffold_4.726,FALSE,FALSE,neither
evm.TU.scaffold_4.727,FALSE,FALSE,neither
evm.TU.scaffold_4.728,TRUE,TRUE,maternal zygotic
evm.TU.scaffold_4.729,TRUE,TRUE,maternal zygotic
evm.TU.scaffold_4.73,FALSE,FALSE,neither
evm.TU.scaffold_4.730,TRUE,TRUE,maternal zygotic
evm.TU.scaffold_4.731,TRUE,TRUE,maternal zygotic
evm.TU.scaffold_4.732,TRUE,TRUE,maternal zygotic
evm.TU.scaffold_4.733,FALSE,FALSE,neither
evm.TU.scaffold_4.734,TRUE,TRUE,maternal zygotic
evm.TU.scaffold_4.735,TRUE,TRUE,maternal zygotic
evm.TU.scaffold_4.736,TRUE,TRUE,maternal zygotic
evm.TU.scaffold_4.737,TRUE,TRUE,maternal zygotic
evm.TU.scaffold_4.738,TRUE,TRUE,maternal zygotic
evm.TU.scaffold_4.739,TRUE,TRUE,maternal zygotic
evm.TU.scaffold_4.74,FALSE,FALSE,neither
evm.TU.scaffold_4.740,FALSE,FALSE,neither
evm.TU.scaffold_4.741,TRUE,TRUE,maternal zygotic
evm.TU.scaffold_4.742,FALSE,FALSE,neither
evm.TU.scaffold_4.743,TRUE,TRUE,maternal zygotic
evm.TU.scaffold_4.744,TRUE,TRUE,maternal zygotic
evm.TU.scaffold_4.745,TRUE,TRUE,maternal zygotic
evm.TU.scaffold_4.748,TRUE,TRUE,maternal zygotic
evm.TU.scaffold_4.749,TRUE,TRUE,maternal zygotic
evm.TU.scaffold_4.75,FALSE,FALSE,neither
evm.TU.scaffold_4.750,TRUE,TRUE,maternal zygotic
evm.TU.scaffold_4.751,FALSE,FALSE,neither
evm.TU.scaffold_4.752,TRUE,TRUE,maternal zygotic
evm.TU.scaffold_4.753,TRUE,TRUE,maternal zygotic
evm.TU.scaffold_4.754,FALSE,FALSE,neither
evm.TU.scaffold_4.755,TRUE,TRUE,maternal zygotic
evm.TU.scaffold_4.756,TRUE,TRUE,maternal zygotic
evm.TU.scaffold_4.757,TRUE,TRUE,maternal zygotic
evm.TU.scaffold_4.758,TRUE,TRUE,maternal zygotic
evm.TU.scaffold_4.759,TRUE,TRUE,maternal zygotic
evm.TU.scaffold_4.760,FALSE,FALSE,neither
evm.TU.scaffold_4.761,TRUE,TRUE,maternal zygotic
evm.TU.scaffold_4.762,FALSE,FALSE,neither
evm.TU.scaffold_4.763,FALSE,TRUE,zygotic
evm.TU.scaffold_4.764,TRUE,TRUE,maternal zygotic
evm.TU.scaffold_4.765,FALSE,FALSE,neither
evm.TU.scaffold_4.766,FALSE,FALSE,neither
evm.TU.scaffold_4.767,TRUE,TRUE,maternal zygotic
evm.TU.scaffold_4.768,FALSE,FALSE,neither
evm.TU.scaffold_4.769,FALSE,FALSE,neither
evm.TU.scaffold_4.770,FALSE,FALSE,neither
evm.TU.scaffold_4.771_evm.TU.scaffold_4.772,TRUE,TRUE,maternal zygotic
evm.TU.scaffold_4.773,TRUE,TRUE,maternal zygotic
evm.TU.scaffold_4.774,TRUE,TRUE,maternal zygotic
evm.TU.scaffold_4.775,TRUE,TRUE,maternal zygotic
evm.TU.scaffold_4.776,TRUE,TRUE,maternal zygotic
evm.TU.scaffold_4.777,FALSE,FALSE,neither
evm.TU.scaffold_4.778,FALSE,FALSE,neither
evm.TU.scaffold_4.779,TRUE,TRUE,maternal zygotic
evm.TU.scaffold_4.780,TRUE,TRUE,maternal zygotic
evm.TU.scaffold_4.781,TRUE,TRUE,maternal zygotic
evm.TU.scaffold_4.782,TRUE,TRUE,maternal zygotic
evm.TU.scaffold_4.783,TRUE,TRUE,maternal zygotic
evm.TU.scaffold_4.784_evm.TU.scaffold_4.785,FALSE,FALSE,neither
evm.TU.scaffold_4.786,FALSE,FALSE,neither
evm.TU.scaffold_4.787,FALSE,FALSE,neither
evm.TU.scaffold_4.788,FALSE,FALSE,neither
evm.TU.scaffold_4.789,FALSE,FALSE,neither
evm.TU.scaffold_4.79,TRUE,TRUE,maternal zygotic
evm.TU.scaffold_4.790,FALSE,FALSE,neither
evm.TU.scaffold_4.791,FALSE,FALSE,neither
evm.TU.scaffold_4.792,FALSE,FALSE,neither
evm.TU.scaffold_4.793,FALSE,FALSE,neither
evm.TU.scaffold_4.794,TRUE,TRUE,maternal zygotic
evm.TU.scaffold_4.795,FALSE,FALSE,neither
evm.TU.scaffold_4.796,TRUE,TRUE,maternal zygotic
evm.TU.scaffold_4.797,FALSE,FALSE,neither
evm.TU.scaffold_4.798,FALSE,FALSE,neither
evm.TU.scaffold_4.799,FALSE,TRUE,zygotic
evm.TU.scaffold_4.8,FALSE,FALSE,neither
evm.TU.scaffold_4.800,FALSE,FALSE,neither
evm.TU.scaffold_4.801,FALSE,FALSE,neither
evm.TU.scaffold_4.802,FALSE,FALSE,neither
evm.TU.scaffold_4.803,FALSE,FALSE,neither
evm.TU.scaffold_4.804,FALSE,FALSE,neither
evm.TU.scaffold_4.805,TRUE,TRUE,maternal zygotic
evm.TU.scaffold_4.807,FALSE,FALSE,neither
evm.TU.scaffold_4.808,TRUE,TRUE,maternal zygotic
evm.TU.scaffold_4.809,FALSE,FALSE,neither
evm.TU.scaffold_4.81,FALSE,FALSE,neither
evm.TU.scaffold_4.810,FALSE,TRUE,zygotic
evm.TU.scaffold_4.811,FALSE,TRUE,zygotic
evm.TU.scaffold_4.812,TRUE,TRUE,maternal zygotic
evm.TU.scaffold_4.813,TRUE,TRUE,maternal zygotic
evm.TU.scaffold_4.814,FALSE,FALSE,neither
evm.TU.scaffold_4.815,TRUE,TRUE,maternal zygotic
evm.TU.scaffold_4.816,FALSE,FALSE,neither
evm.TU.scaffold_4.817,TRUE,TRUE,maternal zygotic
evm.TU.scaffold_4.818,TRUE,TRUE,maternal zygotic
evm.TU.scaffold_4.819,TRUE,TRUE,maternal zygotic
evm.TU.scaffold_4.820,TRUE,TRUE,maternal zygotic
evm.TU.scaffold_4.821,TRUE,TRUE,maternal zygotic
evm.TU.scaffold_4.822,TRUE,TRUE,maternal zygotic
evm.TU.scaffold_4.823,TRUE,TRUE,maternal zygotic
evm.TU.scaffold_4.824,FALSE,FALSE,neither
evm.TU.scaffold_4.825,FALSE,FALSE,neither
evm.TU.scaffold_4.826,TRUE,TRUE,maternal zygotic
evm.TU.scaffold_4.827,FALSE,FALSE,neither
evm.TU.scaffold_4.828,FALSE,FALSE,neither
evm.TU.scaffold_4.829_evm.TU.scaffold_4.830,FALSE,FALSE,neither
evm.TU.scaffold_4.831,TRUE,TRUE,maternal zygotic
evm.TU.scaffold_4.832,TRUE,TRUE,maternal zygotic
evm.TU.scaffold_4.833,TRUE,TRUE,maternal zygotic
evm.TU.scaffold_4.834,TRUE,TRUE,maternal zygotic
evm.TU.scaffold_4.835,TRUE,TRUE,maternal zygotic
evm.TU.scaffold_4.836,TRUE,TRUE,maternal zygotic
evm.TU.scaffold_4.837,FALSE,FALSE,neither
evm.TU.scaffold_4.838,FALSE,FALSE,neither
evm.TU.scaffold_4.839,FALSE,FALSE,neither
evm.TU.scaffold_4.84,FALSE,FALSE,neither
evm.TU.scaffold_4.840,TRUE,TRUE,maternal zygotic
evm.TU.scaffold_4.841,FALSE,FALSE,neither
evm.TU.scaffold_4.842,TRUE,TRUE,maternal zygotic
evm.TU.scaffold_4.843,TRUE,TRUE,maternal zygotic
evm.TU.scaffold_4.844,FALSE,FALSE,neither
evm.TU.scaffold_4.845,TRUE,TRUE,maternal zygotic
evm.TU.scaffold_4.846,FALSE,FALSE,neither
evm.TU.scaffold_4.847,TRUE,TRUE,maternal zygotic
evm.TU.scaffold_4.848,TRUE,TRUE,maternal zygotic
evm.TU.scaffold_4.849,FALSE,FALSE,neither
evm.TU.scaffold_4.85,TRUE,TRUE,maternal zygotic
evm.TU.scaffold_4.850,FALSE,TRUE,zygotic
evm.TU.scaffold_4.851,FALSE,FALSE,neither
evm.TU.scaffold_4.852,FALSE,FALSE,neither
evm.TU.scaffold_4.853,TRUE,TRUE,maternal zygotic
evm.TU.scaffold_4.854,TRUE,TRUE,maternal zygotic
evm.TU.scaffold_4.856,FALSE,FALSE,neither
evm.TU.scaffold_4.858,TRUE,TRUE,maternal zygotic
evm.TU.scaffold_4.859,TRUE,TRUE,maternal zygotic
evm.TU.scaffold_4.86,TRUE,TRUE,maternal zygotic
evm.TU.scaffold_4.860,TRUE,TRUE,maternal zygotic
evm.TU.scaffold_4.861,TRUE,TRUE,maternal zygotic
evm.TU.scaffold_4.862,FALSE,FALSE,neither
evm.TU.scaffold_4.863,TRUE,TRUE,maternal zygotic
evm.TU.scaffold_4.864,TRUE,TRUE,maternal zygotic
evm.TU.scaffold_4.865,TRUE,TRUE,maternal zygotic
evm.TU.scaffold_4.866,FALSE,TRUE,zygotic
evm.TU.scaffold_4.867,FALSE,FALSE,neither
evm.TU.scaffold_4.868,FALSE,FALSE,neither
evm.TU.scaffold_4.869,TRUE,TRUE,maternal zygotic
evm.TU.scaffold_4.87,FALSE,FALSE,neither
evm.TU.scaffold_4.870,TRUE,TRUE,maternal zygotic
evm.TU.scaffold_4.871,FALSE,FALSE,neither
evm.TU.scaffold_4.872,TRUE,TRUE,maternal zygotic
evm.TU.scaffold_4.873,TRUE,TRUE,maternal zygotic
evm.TU.scaffold_4.874,TRUE,TRUE,maternal zygotic
evm.TU.scaffold_4.875,TRUE,TRUE,maternal zygotic
evm.TU.scaffold_4.876,TRUE,TRUE,maternal zygotic
evm.TU.scaffold_4.877,TRUE,TRUE,maternal zygotic
evm.TU.scaffold_4.878,TRUE,TRUE,maternal zygotic
evm.TU.scaffold_4.879,TRUE,TRUE,maternal zygotic
evm.TU.scaffold_4.88,TRUE,TRUE,maternal zygotic
evm.TU.scaffold_4.881,FALSE,TRUE,zygotic
evm.TU.scaffold_4.882,FALSE,FALSE,neither
evm.TU.scaffold_4.883,FALSE,FALSE,neither
evm.TU.scaffold_4.884,TRUE,TRUE,maternal zygotic
evm.TU.scaffold_4.885,TRUE,TRUE,maternal zygotic
evm.TU.scaffold_4.886,TRUE,TRUE,maternal zygotic
evm.TU.scaffold_4.887,TRUE,TRUE,maternal zygotic
evm.TU.scaffold_4.888,TRUE,TRUE,maternal zygotic
evm.TU.scaffold_4.89,TRUE,TRUE,maternal zygotic
evm.TU.scaffold_4.890,TRUE,TRUE,maternal zygotic
evm.TU.scaffold_4.891,TRUE,TRUE,maternal zygotic
evm.TU.scaffold_4.892,TRUE,TRUE,maternal zygotic
evm.TU.scaffold_4.893,TRUE,TRUE,maternal zygotic
evm.TU.scaffold_4.894,TRUE,TRUE,maternal zygotic
evm.TU.scaffold_4.895,FALSE,FALSE,neither
evm.TU.scaffold_4.896,FALSE,FALSE,neither
evm.TU.scaffold_4.897,TRUE,TRUE,maternal zygotic
evm.TU.scaffold_4.898,TRUE,TRUE,maternal zygotic
evm.TU.scaffold_4.899,TRUE,TRUE,maternal zygotic
evm.TU.scaffold_4.9,TRUE,TRUE,maternal zygotic
evm.TU.scaffold_4.90,TRUE,TRUE,maternal zygotic
evm.TU.scaffold_4.900,FALSE,FALSE,neither
evm.TU.scaffold_4.901,FALSE,FALSE,neither
evm.TU.scaffold_4.902,TRUE,TRUE,maternal zygotic
evm.TU.scaffold_4.903,TRUE,TRUE,maternal zygotic
evm.TU.scaffold_4.904,FALSE,TRUE,zygotic
evm.TU.scaffold_4.905,TRUE,TRUE,maternal zygotic
evm.TU.scaffold_4.906,TRUE,TRUE,maternal zygotic
evm.TU.scaffold_4.907,TRUE,TRUE,maternal zygotic
evm.TU.scaffold_4.908,TRUE,TRUE,maternal zygotic
evm.TU.scaffold_4.909,TRUE,TRUE,maternal zygotic
evm.TU.scaffold_4.91,TRUE,TRUE,maternal zygotic
evm.TU.scaffold_4.910,TRUE,TRUE,maternal zygotic
evm.TU.scaffold_4.911,TRUE,TRUE,maternal zygotic
evm.TU.scaffold_4.912,TRUE,TRUE,maternal zygotic
evm.TU.scaffold_4.913,FALSE,FALSE,neither
evm.TU.scaffold_4.914,TRUE,TRUE,maternal zygotic
evm.TU.scaffold_4.915,TRUE,TRUE,maternal zygotic
evm.TU.scaffold_4.916,TRUE,TRUE,maternal zygotic
evm.TU.scaffold_4.917,TRUE,TRUE,maternal zygotic
evm.TU.scaffold_4.918,TRUE,TRUE,maternal zygotic
evm.TU.scaffold_4.919,TRUE,TRUE,maternal zygotic
evm.TU.scaffold_4.92,TRUE,TRUE,maternal zygotic
evm.TU.scaffold_4.920,TRUE,TRUE,maternal zygotic
evm.TU.scaffold_4.921,TRUE,TRUE,maternal zygotic
evm.TU.scaffold_4.922,TRUE,TRUE,maternal zygotic
evm.TU.scaffold_4.923,TRUE,TRUE,maternal zygotic
evm.TU.scaffold_4.924,TRUE,FALSE,maternal
evm.TU.scaffold_4.925,TRUE,TRUE,maternal zygotic
evm.TU.scaffold_4.926,TRUE,TRUE,maternal zygotic
evm.TU.scaffold_4.927,TRUE,TRUE,maternal zygotic
evm.TU.scaffold_4.928,FALSE,FALSE,neither
evm.TU.scaffold_4.93,TRUE,TRUE,maternal zygotic
evm.TU.scaffold_4.932,FALSE,FALSE,neither
evm.TU.scaffold_4.933,TRUE,TRUE,maternal zygotic
evm.TU.scaffold_4.934,FALSE,TRUE,zygotic
evm.TU.scaffold_4.935,TRUE,TRUE,maternal zygotic
evm.TU.scaffold_4.936,TRUE,TRUE,maternal zygotic
evm.TU.scaffold_4.937,FALSE,FALSE,neither
evm.TU.scaffold_4.938,FALSE,FALSE,neither
evm.TU.scaffold_4.939,TRUE,TRUE,maternal zygotic
evm.TU.scaffold_4.94,FALSE,FALSE,neither
evm.TU.scaffold_4.940,TRUE,TRUE,maternal zygotic
evm.TU.scaffold_4.941,TRUE,TRUE,maternal zygotic
evm.TU.scaffold_4.942,TRUE,TRUE,maternal zygotic
evm.TU.scaffold_4.943,TRUE,TRUE,maternal zygotic
evm.TU.scaffold_4.944,TRUE,TRUE,maternal zygotic
evm.TU.scaffold_4.945,FALSE,FALSE,neither
evm.TU.scaffold_4.946,FALSE,FALSE,neither
evm.TU.scaffold_4.947,FALSE,FALSE,neither
evm.TU.scaffold_4.948,TRUE,TRUE,maternal zygotic
evm.TU.scaffold_4.949,TRUE,TRUE,maternal zygotic
evm.TU.scaffold_4.95,TRUE,TRUE,maternal zygotic
evm.TU.scaffold_4.950,TRUE,TRUE,maternal zygotic
evm.TU.scaffold_4.951,TRUE,TRUE,maternal zygotic
evm.TU.scaffold_4.952,TRUE,TRUE,maternal zygotic
evm.TU.scaffold_4.953,FALSE,FALSE,neither
evm.TU.scaffold_4.955,FALSE,FALSE,neither
evm.TU.scaffold_4.956,TRUE,TRUE,maternal zygotic
evm.TU.scaffold_4.957,TRUE,TRUE,maternal zygotic
evm.TU.scaffold_4.958,TRUE,TRUE,maternal zygotic
evm.TU.scaffold_4.959,TRUE,TRUE,maternal zygotic
evm.TU.scaffold_4.96,FALSE,FALSE,neither
evm.TU.scaffold_4.960,TRUE,TRUE,maternal zygotic
evm.TU.scaffold_4.961,TRUE,TRUE,maternal zygotic
evm.TU.scaffold_4.962,TRUE,TRUE,maternal zygotic
evm.TU.scaffold_4.963,TRUE,TRUE,maternal zygotic
evm.TU.scaffold_4.964,TRUE,TRUE,maternal zygotic
evm.TU.scaffold_4.965,TRUE,TRUE,maternal zygotic
evm.TU.scaffold_4.966,TRUE,TRUE,maternal zygotic
evm.TU.scaffold_4.967,TRUE,TRUE,maternal zygotic
evm.TU.scaffold_4.968,TRUE,TRUE,maternal zygotic
evm.TU.scaffold_4.969,TRUE,TRUE,maternal zygotic
evm.TU.scaffold_4.97,TRUE,TRUE,maternal zygotic
evm.TU.scaffold_4.970,TRUE,TRUE,maternal zygotic
evm.TU.scaffold_4.971,TRUE,TRUE,maternal zygotic
evm.TU.scaffold_4.972,TRUE,TRUE,maternal zygotic
evm.TU.scaffold_4.973,TRUE,TRUE,maternal zygotic
evm.TU.scaffold_4.974,TRUE,TRUE,maternal zygotic
evm.TU.scaffold_4.975,FALSE,TRUE,zygotic
evm.TU.scaffold_4.976,TRUE,TRUE,maternal zygotic
evm.TU.scaffold_4.977,FALSE,FALSE,neither
evm.TU.scaffold_4.978,TRUE,TRUE,maternal zygotic
evm.TU.scaffold_4.979,TRUE,TRUE,maternal zygotic
evm.TU.scaffold_4.980,FALSE,FALSE,neither
evm.TU.scaffold_4.981,FALSE,FALSE,neither
evm.TU.scaffold_4.982,FALSE,FALSE,neither
evm.TU.scaffold_4.983,FALSE,FALSE,neither
evm.TU.scaffold_4.984,FALSE,FALSE,neither
evm.TU.scaffold_4.985,FALSE,FALSE,neither
evm.TU.scaffold_4.986,FALSE,FALSE,neither
evm.TU.scaffold_4.987,FALSE,FALSE,neither
evm.TU.scaffold_4.988,FALSE,FALSE,neither
evm.TU.scaffold_4.989,FALSE,FALSE,neither
evm.TU.scaffold_4.99,TRUE,TRUE,maternal zygotic
evm.TU.scaffold_4.991,FALSE,FALSE,neither
evm.TU.scaffold_4.992,TRUE,TRUE,maternal zygotic
evm.TU.scaffold_4.993,TRUE,TRUE,maternal zygotic
evm.TU.scaffold_4.994,TRUE,TRUE,maternal zygotic
evm.TU.scaffold_4.995,TRUE,TRUE,maternal zygotic
evm.TU.scaffold_4.996,FALSE,FALSE,neither
evm.TU.scaffold_4.997,FALSE,FALSE,neither
evm.TU.scaffold_4.998,TRUE,TRUE,maternal zygotic
evm.TU.scaffold_4.999,TRUE,TRUE,maternal zygotic
evm.TU.scaffold_40.2,FALSE,FALSE,neither
evm.TU.scaffold_40.5,FALSE,FALSE,neither
evm.TU.scaffold_45.8,FALSE,FALSE,neither
evm.TU.scaffold_5.1,FALSE,TRUE,zygotic
evm.TU.scaffold_5.100,FALSE,FALSE,neither
evm.TU.scaffold_5.1001,TRUE,TRUE,maternal zygotic
evm.TU.scaffold_5.1002,TRUE,TRUE,maternal zygotic
evm.TU.scaffold_5.1003,FALSE,FALSE,neither
evm.TU.scaffold_5.1004,TRUE,TRUE,maternal zygotic
evm.TU.scaffold_5.1005,FALSE,TRUE,zygotic
evm.TU.scaffold_5.1009,FALSE,FALSE,neither
evm.TU.scaffold_5.101,FALSE,TRUE,zygotic
evm.TU.scaffold_5.1010,TRUE,TRUE,maternal zygotic
evm.TU.scaffold_5.1011,FALSE,FALSE,neither
evm.TU.scaffold_5.1012,FALSE,FALSE,neither
evm.TU.scaffold_5.1013,TRUE,TRUE,maternal zygotic
evm.TU.scaffold_5.1014,FALSE,FALSE,neither
evm.TU.scaffold_5.1015,TRUE,TRUE,maternal zygotic
evm.TU.scaffold_5.1016,TRUE,TRUE,maternal zygotic
evm.TU.scaffold_5.1017,TRUE,TRUE,maternal zygotic
evm.TU.scaffold_5.1018,TRUE,TRUE,maternal zygotic
evm.TU.scaffold_5.1019,FALSE,FALSE,neither
evm.TU.scaffold_5.1020,TRUE,TRUE,maternal zygotic
evm.TU.scaffold_5.1021,TRUE,TRUE,maternal zygotic
evm.TU.scaffold_5.1022,TRUE,TRUE,maternal zygotic
evm.TU.scaffold_5.1023,TRUE,TRUE,maternal zygotic
evm.TU.scaffold_5.1024,TRUE,TRUE,maternal zygotic
evm.TU.scaffold_5.1025,TRUE,TRUE,maternal zygotic
evm.TU.scaffold_5.1026,FALSE,FALSE,neither
evm.TU.scaffold_5.1027,FALSE,FALSE,neither
evm.TU.scaffold_5.1028,FALSE,FALSE,neither
evm.TU.scaffold_5.1029,FALSE,FALSE,neither
evm.TU.scaffold_5.103,TRUE,TRUE,maternal zygotic
evm.TU.scaffold_5.1030,FALSE,FALSE,neither
evm.TU.scaffold_5.1031,TRUE,TRUE,maternal zygotic
evm.TU.scaffold_5.1032,FALSE,FALSE,neither
evm.TU.scaffold_5.1033,FALSE,FALSE,neither
evm.TU.scaffold_5.1034,FALSE,FALSE,neither
evm.TU.scaffold_5.1035,TRUE,TRUE,maternal zygotic
evm.TU.scaffold_5.1036,FALSE,FALSE,neither
evm.TU.scaffold_5.1037,FALSE,FALSE,neither
evm.TU.scaffold_5.1038,FALSE,FALSE,neither
evm.TU.scaffold_5.1039,FALSE,FALSE,neither
evm.TU.scaffold_5.104,TRUE,TRUE,maternal zygotic
evm.TU.scaffold_5.1040,TRUE,TRUE,maternal zygotic
evm.TU.scaffold_5.1041,FALSE,FALSE,neither
evm.TU.scaffold_5.1042,FALSE,FALSE,neither
evm.TU.scaffold_5.1043,FALSE,FALSE,neither
evm.TU.scaffold_5.1044,FALSE,FALSE,neither
evm.TU.scaffold_5.1045,TRUE,TRUE,maternal zygotic
evm.TU.scaffold_5.1046,TRUE,FALSE,maternal
evm.TU.scaffold_5.1047,TRUE,TRUE,maternal zygotic
evm.TU.scaffold_5.1048,TRUE,TRUE,maternal zygotic
evm.TU.scaffold_5.1049,TRUE,TRUE,maternal zygotic
evm.TU.scaffold_5.1050,FALSE,FALSE,neither
evm.TU.scaffold_5.1051,FALSE,FALSE,neither
evm.TU.scaffold_5.1052,FALSE,FALSE,neither
evm.TU.scaffold_5.1053,FALSE,FALSE,neither
evm.TU.scaffold_5.1054,FALSE,FALSE,neither
evm.TU.scaffold_5.1055,FALSE,FALSE,neither
evm.TU.scaffold_5.1056,FALSE,FALSE,neither
evm.TU.scaffold_5.1058,FALSE,FALSE,neither
evm.TU.scaffold_5.1059,FALSE,FALSE,neither
evm.TU.scaffold_5.106,FALSE,FALSE,neither
evm.TU.scaffold_5.1061,FALSE,FALSE,neither
evm.TU.scaffold_5.1062,FALSE,FALSE,neither
evm.TU.scaffold_5.1063,TRUE,TRUE,maternal zygotic
evm.TU.scaffold_5.1064,TRUE,TRUE,maternal zygotic
evm.TU.scaffold_5.1065,TRUE,TRUE,maternal zygotic
evm.TU.scaffold_5.1066,FALSE,FALSE,neither
evm.TU.scaffold_5.1067,TRUE,TRUE,maternal zygotic
evm.TU.scaffold_5.1068,TRUE,TRUE,maternal zygotic
evm.TU.scaffold_5.1069,TRUE,TRUE,maternal zygotic
evm.TU.scaffold_5.107,FALSE,FALSE,neither
evm.TU.scaffold_5.1070,TRUE,TRUE,maternal zygotic
evm.TU.scaffold_5.1071,TRUE,TRUE,maternal zygotic
evm.TU.scaffold_5.1072,TRUE,TRUE,maternal zygotic
evm.TU.scaffold_5.1073,TRUE,TRUE,maternal zygotic
evm.TU.scaffold_5.1074,TRUE,TRUE,maternal zygotic
evm.TU.scaffold_5.1075,TRUE,TRUE,maternal zygotic
evm.TU.scaffold_5.1077,TRUE,TRUE,maternal zygotic
evm.TU.scaffold_5.1078,TRUE,TRUE,maternal zygotic
evm.TU.scaffold_5.1079,FALSE,FALSE,neither
evm.TU.scaffold_5.108,TRUE,TRUE,maternal zygotic
evm.TU.scaffold_5.1080,FALSE,FALSE,neither
evm.TU.scaffold_5.1081,FALSE,TRUE,zygotic
evm.TU.scaffold_5.1082,FALSE,TRUE,zygotic
evm.TU.scaffold_5.1083,TRUE,TRUE,maternal zygotic
evm.TU.scaffold_5.1084,TRUE,TRUE,maternal zygotic
evm.TU.scaffold_5.1085,TRUE,TRUE,maternal zygotic
evm.TU.scaffold_5.1086,TRUE,TRUE,maternal zygotic
evm.TU.scaffold_5.1087,TRUE,TRUE,maternal zygotic
evm.TU.scaffold_5.1088,FALSE,FALSE,neither
evm.TU.scaffold_5.1089,TRUE,TRUE,maternal zygotic
evm.TU.scaffold_5.109,FALSE,FALSE,neither
evm.TU.scaffold_5.1090,FALSE,FALSE,neither
evm.TU.scaffold_5.1091,TRUE,TRUE,maternal zygotic
evm.TU.scaffold_5.1092,FALSE,FALSE,neither
evm.TU.scaffold_5.1093,FALSE,FALSE,neither
evm.TU.scaffold_5.1094,FALSE,FALSE,neither
evm.TU.scaffold_5.1095_evm.TU.scaffold_5.1096,FALSE,FALSE,neither
evm.TU.scaffold_5.1097,TRUE,TRUE,maternal zygotic
evm.TU.scaffold_5.1098,TRUE,TRUE,maternal zygotic
evm.TU.scaffold_5.1099,TRUE,TRUE,maternal zygotic
evm.TU.scaffold_5.110,FALSE,TRUE,zygotic
evm.TU.scaffold_5.1100,FALSE,FALSE,neither
evm.TU.scaffold_5.1101,FALSE,FALSE,neither
evm.TU.scaffold_5.1102,TRUE,TRUE,maternal zygotic
evm.TU.scaffold_5.1103,TRUE,TRUE,maternal zygotic
evm.TU.scaffold_5.1104,TRUE,TRUE,maternal zygotic
evm.TU.scaffold_5.1105,TRUE,TRUE,maternal zygotic
evm.TU.scaffold_5.1106,TRUE,TRUE,maternal zygotic
evm.TU.scaffold_5.1107,TRUE,TRUE,maternal zygotic
evm.TU.scaffold_5.1108,TRUE,TRUE,maternal zygotic
evm.TU.scaffold_5.1109,FALSE,TRUE,zygotic
evm.TU.scaffold_5.111,FALSE,FALSE,neither
evm.TU.scaffold_5.1110,FALSE,FALSE,neither
evm.TU.scaffold_5.1111,TRUE,TRUE,maternal zygotic
evm.TU.scaffold_5.1112,TRUE,TRUE,maternal zygotic
evm.TU.scaffold_5.1113,TRUE,TRUE,maternal zygotic
evm.TU.scaffold_5.1114,TRUE,TRUE,maternal zygotic
evm.TU.scaffold_5.1115,FALSE,FALSE,neither
evm.TU.scaffold_5.1116,FALSE,FALSE,neither
evm.TU.scaffold_5.1117,FALSE,FALSE,neither
evm.TU.scaffold_5.1118,TRUE,TRUE,maternal zygotic
evm.TU.scaffold_5.1119,TRUE,TRUE,maternal zygotic
evm.TU.scaffold_5.112,TRUE,FALSE,maternal
evm.TU.scaffold_5.1120,TRUE,TRUE,maternal zygotic
evm.TU.scaffold_5.1121,TRUE,TRUE,maternal zygotic
evm.TU.scaffold_5.1123,TRUE,TRUE,maternal zygotic
evm.TU.scaffold_5.1124,TRUE,TRUE,maternal zygotic
evm.TU.scaffold_5.1125,TRUE,TRUE,maternal zygotic
evm.TU.scaffold_5.1126,TRUE,TRUE,maternal zygotic
evm.TU.scaffold_5.1127,TRUE,TRUE,maternal zygotic
evm.TU.scaffold_5.1128,TRUE,TRUE,maternal zygotic
evm.TU.scaffold_5.113,TRUE,TRUE,maternal zygotic
evm.TU.scaffold_5.1130,FALSE,TRUE,zygotic
evm.TU.scaffold_5.1131,TRUE,TRUE,maternal zygotic
evm.TU.scaffold_5.1132,TRUE,TRUE,maternal zygotic
evm.TU.scaffold_5.1133,TRUE,TRUE,maternal zygotic
evm.TU.scaffold_5.1134,TRUE,TRUE,maternal zygotic
evm.TU.scaffold_5.1135,TRUE,TRUE,maternal zygotic
evm.TU.scaffold_5.1136,TRUE,TRUE,maternal zygotic
evm.TU.scaffold_5.1137,TRUE,TRUE,maternal zygotic
evm.TU.scaffold_5.1138,FALSE,FALSE,neither
evm.TU.scaffold_5.1139,TRUE,TRUE,maternal zygotic
evm.TU.scaffold_5.114,TRUE,TRUE,maternal zygotic
evm.TU.scaffold_5.1140,FALSE,FALSE,neither
evm.TU.scaffold_5.1141,TRUE,TRUE,maternal zygotic
evm.TU.scaffold_5.1142,TRUE,TRUE,maternal zygotic
evm.TU.scaffold_5.1143,TRUE,TRUE,maternal zygotic
evm.TU.scaffold_5.1145,TRUE,TRUE,maternal zygotic
evm.TU.scaffold_5.1146,TRUE,TRUE,maternal zygotic
evm.TU.scaffold_5.1147,TRUE,TRUE,maternal zygotic
evm.TU.scaffold_5.1148,TRUE,TRUE,maternal zygotic
evm.TU.scaffold_5.1149,TRUE,TRUE,maternal zygotic
evm.TU.scaffold_5.115,TRUE,TRUE,maternal zygotic
evm.TU.scaffold_5.1150,TRUE,TRUE,maternal zygotic
evm.TU.scaffold_5.1151,TRUE,TRUE,maternal zygotic
evm.TU.scaffold_5.1152,TRUE,TRUE,maternal zygotic
evm.TU.scaffold_5.1153,TRUE,TRUE,maternal zygotic
evm.TU.scaffold_5.1154,TRUE,TRUE,maternal zygotic
evm.TU.scaffold_5.1155_evm.TU.scaffold_5.1156,TRUE,TRUE,maternal zygotic
evm.TU.scaffold_5.1157,TRUE,TRUE,maternal zygotic
evm.TU.scaffold_5.1159,TRUE,TRUE,maternal zygotic
evm.TU.scaffold_5.116,TRUE,TRUE,maternal zygotic
evm.TU.scaffold_5.1160,TRUE,TRUE,maternal zygotic
evm.TU.scaffold_5.1161,TRUE,TRUE,maternal zygotic
evm.TU.scaffold_5.1162,TRUE,TRUE,maternal zygotic
evm.TU.scaffold_5.1163,TRUE,TRUE,maternal zygotic
evm.TU.scaffold_5.117,TRUE,TRUE,maternal zygotic
evm.TU.scaffold_5.1176,FALSE,FALSE,neither
evm.TU.scaffold_5.118,TRUE,TRUE,maternal zygotic
evm.TU.scaffold_5.1191,FALSE,FALSE,neither
evm.TU.scaffold_5.12,FALSE,FALSE,neither
evm.TU.scaffold_5.1200,TRUE,TRUE,maternal zygotic
evm.TU.scaffold_5.1201,TRUE,TRUE,maternal zygotic
evm.TU.scaffold_5.1202_evm.TU.scaffold_5.1203,TRUE,TRUE,maternal zygotic
evm.TU.scaffold_5.1204,TRUE,TRUE,maternal zygotic
evm.TU.scaffold_5.1205,TRUE,TRUE,maternal zygotic
evm.TU.scaffold_5.1206,TRUE,TRUE,maternal zygotic
evm.TU.scaffold_5.121,FALSE,FALSE,neither
evm.TU.scaffold_5.1211,FALSE,TRUE,zygotic
evm.TU.scaffold_5.1212,FALSE,FALSE,neither
evm.TU.scaffold_5.1213,TRUE,TRUE,maternal zygotic
evm.TU.scaffold_5.1214,TRUE,TRUE,maternal zygotic
evm.TU.scaffold_5.1215,FALSE,FALSE,neither
evm.TU.scaffold_5.1216,TRUE,FALSE,maternal
evm.TU.scaffold_5.1218,FALSE,FALSE,neither
evm.TU.scaffold_5.1219,TRUE,TRUE,maternal zygotic
evm.TU.scaffold_5.122,FALSE,FALSE,neither
evm.TU.scaffold_5.1220,TRUE,TRUE,maternal zygotic
evm.TU.scaffold_5.1221,TRUE,TRUE,maternal zygotic
evm.TU.scaffold_5.1222,TRUE,TRUE,maternal zygotic
evm.TU.scaffold_5.1223,TRUE,TRUE,maternal zygotic
evm.TU.scaffold_5.1224,TRUE,TRUE,maternal zygotic
evm.TU.scaffold_5.1225,TRUE,TRUE,maternal zygotic
evm.TU.scaffold_5.1226,TRUE,TRUE,maternal zygotic
evm.TU.scaffold_5.1227,TRUE,TRUE,maternal zygotic
evm.TU.scaffold_5.1228,TRUE,TRUE,maternal zygotic
evm.TU.scaffold_5.1229,TRUE,TRUE,maternal zygotic
evm.TU.scaffold_5.123,TRUE,TRUE,maternal zygotic
evm.TU.scaffold_5.1230,TRUE,TRUE,maternal zygotic
evm.TU.scaffold_5.1231,TRUE,TRUE,maternal zygotic
evm.TU.scaffold_5.1232,TRUE,TRUE,maternal zygotic
evm.TU.scaffold_5.1233,TRUE,TRUE,maternal zygotic
evm.TU.scaffold_5.1234,TRUE,TRUE,maternal zygotic
evm.TU.scaffold_5.1235,FALSE,FALSE,neither
evm.TU.scaffold_5.1236,TRUE,TRUE,maternal zygotic
evm.TU.scaffold_5.1237,TRUE,TRUE,maternal zygotic
evm.TU.scaffold_5.1238,FALSE,FALSE,neither
evm.TU.scaffold_5.1239,TRUE,TRUE,maternal zygotic
evm.TU.scaffold_5.124,FALSE,FALSE,neither
evm.TU.scaffold_5.1240,TRUE,TRUE,maternal zygotic
evm.TU.scaffold_5.1241_evm.TU.scaffold_5.1242,TRUE,TRUE,maternal zygotic
evm.TU.scaffold_5.1243,TRUE,TRUE,maternal zygotic
evm.TU.scaffold_5.1244_evm.TU.scaffold_5.1245,TRUE,FALSE,maternal
evm.TU.scaffold_5.1246,TRUE,TRUE,maternal zygotic
evm.TU.scaffold_5.1248,TRUE,TRUE,maternal zygotic
evm.TU.scaffold_5.1249,FALSE,FALSE,neither
evm.TU.scaffold_5.125,FALSE,FALSE,neither
evm.TU.scaffold_5.1250,TRUE,TRUE,maternal zygotic
evm.TU.scaffold_5.1252,TRUE,TRUE,maternal zygotic
evm.TU.scaffold_5.1253,TRUE,TRUE,maternal zygotic
evm.TU.scaffold_5.1254,TRUE,TRUE,maternal zygotic
evm.TU.scaffold_5.1255,TRUE,TRUE,maternal zygotic
evm.TU.scaffold_5.1256,TRUE,TRUE,maternal zygotic
evm.TU.scaffold_5.1257,TRUE,TRUE,maternal zygotic
evm.TU.scaffold_5.1258_evm.TU.scaffold_5.1259,TRUE,TRUE,maternal zygotic
evm.TU.scaffold_5.126,FALSE,FALSE,neither
evm.TU.scaffold_5.1260,TRUE,TRUE,maternal zygotic
evm.TU.scaffold_5.1261,FALSE,FALSE,neither
evm.TU.scaffold_5.1262,FALSE,FALSE,neither
evm.TU.scaffold_5.1263,FALSE,FALSE,neither
evm.TU.scaffold_5.1264,FALSE,FALSE,neither
evm.TU.scaffold_5.1265,TRUE,TRUE,maternal zygotic
evm.TU.scaffold_5.1266,TRUE,TRUE,maternal zygotic
evm.TU.scaffold_5.1267,TRUE,TRUE,maternal zygotic
evm.TU.scaffold_5.1268,FALSE,FALSE,neither
evm.TU.scaffold_5.1269,TRUE,TRUE,maternal zygotic
evm.TU.scaffold_5.127,FALSE,FALSE,neither
evm.TU.scaffold_5.1270,TRUE,TRUE,maternal zygotic
evm.TU.scaffold_5.1271,TRUE,TRUE,maternal zygotic
evm.TU.scaffold_5.1272,FALSE,FALSE,neither
evm.TU.scaffold_5.1273,FALSE,FALSE,neither
evm.TU.scaffold_5.1274,TRUE,TRUE,maternal zygotic
evm.TU.scaffold_5.1275,TRUE,TRUE,maternal zygotic
evm.TU.scaffold_5.1276,TRUE,TRUE,maternal zygotic
evm.TU.scaffold_5.1277,FALSE,FALSE,neither
evm.TU.scaffold_5.1278,TRUE,TRUE,maternal zygotic
evm.TU.scaffold_5.1279,FALSE,FALSE,neither
evm.TU.scaffold_5.128,FALSE,FALSE,neither
evm.TU.scaffold_5.1282,FALSE,FALSE,neither
evm.TU.scaffold_5.1283,TRUE,TRUE,maternal zygotic
evm.TU.scaffold_5.1284,FALSE,FALSE,neither
evm.TU.scaffold_5.1285,TRUE,TRUE,maternal zygotic
evm.TU.scaffold_5.1286,FALSE,FALSE,neither
evm.TU.scaffold_5.1287_evm.TU.scaffold_5.1288,TRUE,TRUE,maternal zygotic
evm.TU.scaffold_5.1289,TRUE,TRUE,maternal zygotic
evm.TU.scaffold_5.129,FALSE,FALSE,neither
evm.TU.scaffold_5.1290,TRUE,TRUE,maternal zygotic
evm.TU.scaffold_5.1291,FALSE,FALSE,neither
evm.TU.scaffold_5.1292,FALSE,FALSE,neither
evm.TU.scaffold_5.1293,TRUE,TRUE,maternal zygotic
evm.TU.scaffold_5.1294,TRUE,TRUE,maternal zygotic
evm.TU.scaffold_5.1295,FALSE,FALSE,neither
evm.TU.scaffold_5.1296,FALSE,FALSE,neither
evm.TU.scaffold_5.1298,TRUE,TRUE,maternal zygotic
evm.TU.scaffold_5.1299,TRUE,TRUE,maternal zygotic
evm.TU.scaffold_5.130,FALSE,FALSE,neither
evm.TU.scaffold_5.1300,FALSE,TRUE,zygotic
evm.TU.scaffold_5.1301,TRUE,TRUE,maternal zygotic
evm.TU.scaffold_5.1302,TRUE,TRUE,maternal zygotic
evm.TU.scaffold_5.1303,TRUE,TRUE,maternal zygotic
evm.TU.scaffold_5.1304,FALSE,FALSE,neither
evm.TU.scaffold_5.1305,FALSE,FALSE,neither
evm.TU.scaffold_5.1306,TRUE,TRUE,maternal zygotic
evm.TU.scaffold_5.1307,TRUE,TRUE,maternal zygotic
evm.TU.scaffold_5.1308,TRUE,TRUE,maternal zygotic
evm.TU.scaffold_5.1309,TRUE,TRUE,maternal zygotic
evm.TU.scaffold_5.131,FALSE,FALSE,neither
evm.TU.scaffold_5.1310,FALSE,FALSE,neither
evm.TU.scaffold_5.1311,FALSE,FALSE,neither
evm.TU.scaffold_5.1312,TRUE,TRUE,maternal zygotic
evm.TU.scaffold_5.1313,TRUE,TRUE,maternal zygotic
evm.TU.scaffold_5.1314,TRUE,TRUE,maternal zygotic
evm.TU.scaffold_5.1315,TRUE,TRUE,maternal zygotic
evm.TU.scaffold_5.1316,TRUE,TRUE,maternal zygotic
evm.TU.scaffold_5.1317,TRUE,TRUE,maternal zygotic
evm.TU.scaffold_5.1318,TRUE,TRUE,maternal zygotic
evm.TU.scaffold_5.1319,FALSE,TRUE,zygotic
evm.TU.scaffold_5.1320,FALSE,FALSE,neither
evm.TU.scaffold_5.1321,TRUE,TRUE,maternal zygotic
evm.TU.scaffold_5.1322,TRUE,TRUE,maternal zygotic
evm.TU.scaffold_5.1323,TRUE,TRUE,maternal zygotic
evm.TU.scaffold_5.1324,FALSE,FALSE,neither
evm.TU.scaffold_5.1325,FALSE,FALSE,neither
evm.TU.scaffold_5.1326,FALSE,FALSE,neither
evm.TU.scaffold_5.1327,FALSE,FALSE,neither
evm.TU.scaffold_5.1328,TRUE,TRUE,maternal zygotic
evm.TU.scaffold_5.1329,TRUE,TRUE,maternal zygotic
evm.TU.scaffold_5.1330,TRUE,TRUE,maternal zygotic
evm.TU.scaffold_5.1331,FALSE,FALSE,neither
evm.TU.scaffold_5.1332,TRUE,TRUE,maternal zygotic
evm.TU.scaffold_5.1333,FALSE,FALSE,neither
evm.TU.scaffold_5.1334,TRUE,TRUE,maternal zygotic
evm.TU.scaffold_5.1335,TRUE,TRUE,maternal zygotic
evm.TU.scaffold_5.1336,TRUE,TRUE,maternal zygotic
evm.TU.scaffold_5.1337,TRUE,TRUE,maternal zygotic
evm.TU.scaffold_5.1338,TRUE,TRUE,maternal zygotic
evm.TU.scaffold_5.1339,TRUE,TRUE,maternal zygotic
evm.TU.scaffold_5.134,FALSE,FALSE,neither
evm.TU.scaffold_5.1340,FALSE,FALSE,neither
evm.TU.scaffold_5.1342,TRUE,TRUE,maternal zygotic
evm.TU.scaffold_5.1344,TRUE,TRUE,maternal zygotic
evm.TU.scaffold_5.135,FALSE,FALSE,neither
evm.TU.scaffold_5.1350,FALSE,TRUE,zygotic
evm.TU.scaffold_5.1352,FALSE,FALSE,neither
evm.TU.scaffold_5.1353,TRUE,TRUE,maternal zygotic
evm.TU.scaffold_5.1354,TRUE,TRUE,maternal zygotic
evm.TU.scaffold_5.1355,TRUE,TRUE,maternal zygotic
evm.TU.scaffold_5.1356,TRUE,TRUE,maternal zygotic
evm.TU.scaffold_5.1357,FALSE,FALSE,neither
evm.TU.scaffold_5.1358,FALSE,FALSE,neither
evm.TU.scaffold_5.1359,FALSE,TRUE,zygotic
evm.TU.scaffold_5.136,TRUE,TRUE,maternal zygotic
evm.TU.scaffold_5.1360,TRUE,TRUE,maternal zygotic
evm.TU.scaffold_5.1361,TRUE,TRUE,maternal zygotic
evm.TU.scaffold_5.1362,TRUE,TRUE,maternal zygotic
evm.TU.scaffold_5.1363,TRUE,TRUE,maternal zygotic
evm.TU.scaffold_5.1364,TRUE,TRUE,maternal zygotic
evm.TU.scaffold_5.1368,TRUE,TRUE,maternal zygotic
evm.TU.scaffold_5.1369,TRUE,TRUE,maternal zygotic
evm.TU.scaffold_5.1370,FALSE,FALSE,neither
evm.TU.scaffold_5.1371,TRUE,TRUE,maternal zygotic
evm.TU.scaffold_5.1372,TRUE,TRUE,maternal zygotic
evm.TU.scaffold_5.1374,FALSE,FALSE,neither
evm.TU.scaffold_5.1375,TRUE,TRUE,maternal zygotic
evm.TU.scaffold_5.1376,TRUE,TRUE,maternal zygotic
evm.TU.scaffold_5.1377,TRUE,TRUE,maternal zygotic
evm.TU.scaffold_5.1378,TRUE,TRUE,maternal zygotic
evm.TU.scaffold_5.1379,FALSE,FALSE,neither
evm.TU.scaffold_5.1380,FALSE,FALSE,neither
evm.TU.scaffold_5.1382,TRUE,TRUE,maternal zygotic
evm.TU.scaffold_5.1383,TRUE,TRUE,maternal zygotic
evm.TU.scaffold_5.1384,FALSE,FALSE,neither
evm.TU.scaffold_5.1385,TRUE,TRUE,maternal zygotic
evm.TU.scaffold_5.1386,TRUE,TRUE,maternal zygotic
evm.TU.scaffold_5.1387,TRUE,FALSE,maternal
evm.TU.scaffold_5.1388,TRUE,TRUE,maternal zygotic
evm.TU.scaffold_5.1389,TRUE,TRUE,maternal zygotic
evm.TU.scaffold_5.139,FALSE,FALSE,neither
evm.TU.scaffold_5.1390,TRUE,TRUE,maternal zygotic
evm.TU.scaffold_5.1391,TRUE,TRUE,maternal zygotic
evm.TU.scaffold_5.1392,TRUE,TRUE,maternal zygotic
evm.TU.scaffold_5.1393,TRUE,TRUE,maternal zygotic
evm.TU.scaffold_5.1394,TRUE,TRUE,maternal zygotic
evm.TU.scaffold_5.1396,TRUE,TRUE,maternal zygotic
evm.TU.scaffold_5.1398,TRUE,TRUE,maternal zygotic
evm.TU.scaffold_5.1399,TRUE,TRUE,maternal zygotic
evm.TU.scaffold_5.140,FALSE,FALSE,neither
evm.TU.scaffold_5.1400,TRUE,TRUE,maternal zygotic
evm.TU.scaffold_5.1401,TRUE,TRUE,maternal zygotic
evm.TU.scaffold_5.1402,TRUE,TRUE,maternal zygotic
evm.TU.scaffold_5.1403,FALSE,FALSE,neither
evm.TU.scaffold_5.1404,FALSE,FALSE,neither
evm.TU.scaffold_5.1405,TRUE,TRUE,maternal zygotic
evm.TU.scaffold_5.1406,FALSE,FALSE,neither
evm.TU.scaffold_5.1407,FALSE,FALSE,neither
evm.TU.scaffold_5.1408,TRUE,TRUE,maternal zygotic
evm.TU.scaffold_5.1409,TRUE,TRUE,maternal zygotic
evm.TU.scaffold_5.141,FALSE,FALSE,neither
evm.TU.scaffold_5.1410,TRUE,TRUE,maternal zygotic
evm.TU.scaffold_5.1411,TRUE,TRUE,maternal zygotic
evm.TU.scaffold_5.1412_evm.TU.scaffold_5.1413,FALSE,TRUE,zygotic
evm.TU.scaffold_5.1414,FALSE,FALSE,neither
evm.TU.scaffold_5.1415,FALSE,FALSE,neither
evm.TU.scaffold_5.1416,TRUE,TRUE,maternal zygotic
evm.TU.scaffold_5.1417,TRUE,TRUE,maternal zygotic
evm.TU.scaffold_5.1418,FALSE,FALSE,neither
evm.TU.scaffold_5.142,FALSE,FALSE,neither
evm.TU.scaffold_5.1421,TRUE,TRUE,maternal zygotic
evm.TU.scaffold_5.1422,TRUE,TRUE,maternal zygotic
evm.TU.scaffold_5.1423,TRUE,TRUE,maternal zygotic
evm.TU.scaffold_5.1424,TRUE,FALSE,maternal
evm.TU.scaffold_5.1425,TRUE,FALSE,maternal
evm.TU.scaffold_5.1426,FALSE,FALSE,neither
evm.TU.scaffold_5.1427,FALSE,FALSE,neither
evm.TU.scaffold_5.1428,FALSE,FALSE,neither
evm.TU.scaffold_5.1429,FALSE,FALSE,neither
evm.TU.scaffold_5.143,FALSE,FALSE,neither
evm.TU.scaffold_5.1430,FALSE,FALSE,neither
evm.TU.scaffold_5.1431,FALSE,FALSE,neither
evm.TU.scaffold_5.1432,FALSE,FALSE,neither
evm.TU.scaffold_5.1433,FALSE,TRUE,zygotic
evm.TU.scaffold_5.1434,TRUE,TRUE,maternal zygotic
evm.TU.scaffold_5.1435,FALSE,FALSE,neither
evm.TU.scaffold_5.1436,TRUE,TRUE,maternal zygotic
evm.TU.scaffold_5.1437,TRUE,TRUE,maternal zygotic
evm.TU.scaffold_5.1438,TRUE,TRUE,maternal zygotic
evm.TU.scaffold_5.1439,TRUE,TRUE,maternal zygotic
evm.TU.scaffold_5.144,TRUE,TRUE,maternal zygotic
evm.TU.scaffold_5.1440,TRUE,TRUE,maternal zygotic
evm.TU.scaffold_5.1441,TRUE,TRUE,maternal zygotic
evm.TU.scaffold_5.1442,TRUE,TRUE,maternal zygotic
evm.TU.scaffold_5.1443,TRUE,TRUE,maternal zygotic
evm.TU.scaffold_5.1444,TRUE,TRUE,maternal zygotic
evm.TU.scaffold_5.1445,TRUE,TRUE,maternal zygotic
evm.TU.scaffold_5.1446,TRUE,TRUE,maternal zygotic
evm.TU.scaffold_5.145,FALSE,FALSE,neither
evm.TU.scaffold_5.1451,TRUE,TRUE,maternal zygotic
evm.TU.scaffold_5.1452,TRUE,TRUE,maternal zygotic
evm.TU.scaffold_5.1453,TRUE,TRUE,maternal zygotic
evm.TU.scaffold_5.1454,TRUE,TRUE,maternal zygotic
evm.TU.scaffold_5.1455,TRUE,TRUE,maternal zygotic
evm.TU.scaffold_5.1456,TRUE,TRUE,maternal zygotic
evm.TU.scaffold_5.1457,TRUE,TRUE,maternal zygotic
evm.TU.scaffold_5.1458,TRUE,TRUE,maternal zygotic
evm.TU.scaffold_5.1459,TRUE,TRUE,maternal zygotic
evm.TU.scaffold_5.146,TRUE,TRUE,maternal zygotic
evm.TU.scaffold_5.1460,TRUE,TRUE,maternal zygotic
evm.TU.scaffold_5.1461,TRUE,TRUE,maternal zygotic
evm.TU.scaffold_5.1462,TRUE,TRUE,maternal zygotic
evm.TU.scaffold_5.1463,FALSE,FALSE,neither
evm.TU.scaffold_5.1464,TRUE,TRUE,maternal zygotic
evm.TU.scaffold_5.1465,TRUE,TRUE,maternal zygotic
evm.TU.scaffold_5.1466,FALSE,TRUE,zygotic
evm.TU.scaffold_5.1467,TRUE,TRUE,maternal zygotic
evm.TU.scaffold_5.1468,FALSE,FALSE,neither
evm.TU.scaffold_5.1469,FALSE,FALSE,neither
evm.TU.scaffold_5.147,TRUE,TRUE,maternal zygotic
evm.TU.scaffold_5.1470,TRUE,TRUE,maternal zygotic
evm.TU.scaffold_5.1471,TRUE,TRUE,maternal zygotic
evm.TU.scaffold_5.1472,FALSE,FALSE,neither
evm.TU.scaffold_5.1473,FALSE,FALSE,neither
evm.TU.scaffold_5.1474,TRUE,TRUE,maternal zygotic
evm.TU.scaffold_5.1475,FALSE,FALSE,neither
evm.TU.scaffold_5.1476,FALSE,FALSE,neither
evm.TU.scaffold_5.1477,TRUE,TRUE,maternal zygotic
evm.TU.scaffold_5.1478,TRUE,FALSE,maternal
evm.TU.scaffold_5.1479,FALSE,FALSE,neither
evm.TU.scaffold_5.148,TRUE,TRUE,maternal zygotic
evm.TU.scaffold_5.1480_evm.TU.scaffold_5.1481,FALSE,FALSE,neither
evm.TU.scaffold_5.1482,FALSE,FALSE,neither
evm.TU.scaffold_5.1483,FALSE,FALSE,neither
evm.TU.scaffold_5.1484,TRUE,FALSE,maternal
evm.TU.scaffold_5.1485,FALSE,FALSE,neither
evm.TU.scaffold_5.1486,FALSE,FALSE,neither
evm.TU.scaffold_5.1487,FALSE,FALSE,neither
evm.TU.scaffold_5.1488,FALSE,TRUE,zygotic
evm.TU.scaffold_5.1489,FALSE,FALSE,neither
evm.TU.scaffold_5.149,TRUE,TRUE,maternal zygotic
evm.TU.scaffold_5.1490,TRUE,TRUE,maternal zygotic
evm.TU.scaffold_5.1491,TRUE,TRUE,maternal zygotic
evm.TU.scaffold_5.1492,TRUE,TRUE,maternal zygotic
evm.TU.scaffold_5.1493,TRUE,TRUE,maternal zygotic
evm.TU.scaffold_5.1494,TRUE,TRUE,maternal zygotic
evm.TU.scaffold_5.1495,TRUE,TRUE,maternal zygotic
evm.TU.scaffold_5.1496,TRUE,TRUE,maternal zygotic
evm.TU.scaffold_5.1497,TRUE,TRUE,maternal zygotic
evm.TU.scaffold_5.1498,TRUE,TRUE,maternal zygotic
evm.TU.scaffold_5.1499,TRUE,TRUE,maternal zygotic
evm.TU.scaffold_5.15,FALSE,FALSE,neither
evm.TU.scaffold_5.150,TRUE,TRUE,maternal zygotic
evm.TU.scaffold_5.1505,FALSE,FALSE,neither
evm.TU.scaffold_5.1506,FALSE,FALSE,neither
evm.TU.scaffold_5.1507,FALSE,FALSE,neither
evm.TU.scaffold_5.1508,FALSE,FALSE,neither
evm.TU.scaffold_5.1509,FALSE,FALSE,neither
evm.TU.scaffold_5.151,TRUE,TRUE,maternal zygotic
evm.TU.scaffold_5.1510,FALSE,FALSE,neither
evm.TU.scaffold_5.1511,TRUE,TRUE,maternal zygotic
evm.TU.scaffold_5.1512,TRUE,TRUE,maternal zygotic
evm.TU.scaffold_5.1513,FALSE,FALSE,neither
evm.TU.scaffold_5.1515,TRUE,TRUE,maternal zygotic
evm.TU.scaffold_5.1516,TRUE,TRUE,maternal zygotic
evm.TU.scaffold_5.1517,TRUE,TRUE,maternal zygotic
evm.TU.scaffold_5.1518,FALSE,FALSE,neither
evm.TU.scaffold_5.1519,FALSE,FALSE,neither
evm.TU.scaffold_5.152,TRUE,TRUE,maternal zygotic
evm.TU.scaffold_5.1520,FALSE,FALSE,neither
evm.TU.scaffold_5.1521,FALSE,FALSE,neither
evm.TU.scaffold_5.1522,TRUE,TRUE,maternal zygotic
evm.TU.scaffold_5.1523,TRUE,TRUE,maternal zygotic
evm.TU.scaffold_5.1524,FALSE,FALSE,neither
evm.TU.scaffold_5.1525,TRUE,TRUE,maternal zygotic
evm.TU.scaffold_5.1526,FALSE,TRUE,zygotic
evm.TU.scaffold_5.1527,FALSE,TRUE,zygotic
evm.TU.scaffold_5.1528,TRUE,TRUE,maternal zygotic
evm.TU.scaffold_5.1529,TRUE,TRUE,maternal zygotic
evm.TU.scaffold_5.153,TRUE,TRUE,maternal zygotic
evm.TU.scaffold_5.1530,TRUE,TRUE,maternal zygotic
evm.TU.scaffold_5.1531,FALSE,FALSE,neither
evm.TU.scaffold_5.1532,FALSE,FALSE,neither
evm.TU.scaffold_5.1533,TRUE,TRUE,maternal zygotic
evm.TU.scaffold_5.1534,FALSE,FALSE,neither
evm.TU.scaffold_5.1535,TRUE,TRUE,maternal zygotic
evm.TU.scaffold_5.1536,TRUE,TRUE,maternal zygotic
evm.TU.scaffold_5.1537,TRUE,TRUE,maternal zygotic
evm.TU.scaffold_5.1538,TRUE,TRUE,maternal zygotic
evm.TU.scaffold_5.154,TRUE,TRUE,maternal zygotic
evm.TU.scaffold_5.1540,TRUE,TRUE,maternal zygotic
evm.TU.scaffold_5.1541,TRUE,TRUE,maternal zygotic
evm.TU.scaffold_5.1542,FALSE,FALSE,neither
evm.TU.scaffold_5.1543,TRUE,TRUE,maternal zygotic
evm.TU.scaffold_5.1544,TRUE,TRUE,maternal zygotic
evm.TU.scaffold_5.1545,TRUE,TRUE,maternal zygotic
evm.TU.scaffold_5.1546,TRUE,TRUE,maternal zygotic
evm.TU.scaffold_5.1548,TRUE,TRUE,maternal zygotic
evm.TU.scaffold_5.1549,TRUE,TRUE,maternal zygotic
evm.TU.scaffold_5.1550,FALSE,FALSE,neither
evm.TU.scaffold_5.1551,TRUE,TRUE,maternal zygotic
evm.TU.scaffold_5.1552,TRUE,FALSE,maternal
evm.TU.scaffold_5.1553,TRUE,TRUE,maternal zygotic
evm.TU.scaffold_5.1554,FALSE,FALSE,neither
evm.TU.scaffold_5.1555,TRUE,TRUE,maternal zygotic
evm.TU.scaffold_5.1556,FALSE,FALSE,neither
evm.TU.scaffold_5.1557,FALSE,FALSE,neither
evm.TU.scaffold_5.1558,FALSE,FALSE,neither
evm.TU.scaffold_5.156,TRUE,TRUE,maternal zygotic
evm.TU.scaffold_5.1560,FALSE,FALSE,neither
evm.TU.scaffold_5.1563,FALSE,TRUE,zygotic
evm.TU.scaffold_5.1564,FALSE,FALSE,neither
evm.TU.scaffold_5.1565,TRUE,TRUE,maternal zygotic
evm.TU.scaffold_5.1566,TRUE,TRUE,maternal zygotic
evm.TU.scaffold_5.1567,TRUE,TRUE,maternal zygotic
evm.TU.scaffold_5.1568,TRUE,TRUE,maternal zygotic
evm.TU.scaffold_5.1569,TRUE,TRUE,maternal zygotic
evm.TU.scaffold_5.1570,TRUE,TRUE,maternal zygotic
evm.TU.scaffold_5.1571,TRUE,TRUE,maternal zygotic
evm.TU.scaffold_5.1572,TRUE,TRUE,maternal zygotic
evm.TU.scaffold_5.1573,TRUE,TRUE,maternal zygotic
evm.TU.scaffold_5.1574,FALSE,FALSE,neither
evm.TU.scaffold_5.1575,FALSE,FALSE,neither
evm.TU.scaffold_5.1576,FALSE,FALSE,neither
evm.TU.scaffold_5.1577,FALSE,FALSE,neither
evm.TU.scaffold_5.1578,TRUE,FALSE,maternal
evm.TU.scaffold_5.1581,FALSE,FALSE,neither
evm.TU.scaffold_5.1582,FALSE,FALSE,neither
evm.TU.scaffold_5.1583,FALSE,FALSE,neither
evm.TU.scaffold_5.1584,FALSE,FALSE,neither
evm.TU.scaffold_5.1585,FALSE,TRUE,zygotic
evm.TU.scaffold_5.1586,TRUE,TRUE,maternal zygotic
evm.TU.scaffold_5.1587,TRUE,TRUE,maternal zygotic
evm.TU.scaffold_5.1588,TRUE,TRUE,maternal zygotic
evm.TU.scaffold_5.1589,TRUE,TRUE,maternal zygotic
evm.TU.scaffold_5.159,TRUE,TRUE,maternal zygotic
evm.TU.scaffold_5.1590,TRUE,TRUE,maternal zygotic
evm.TU.scaffold_5.1591,TRUE,TRUE,maternal zygotic
evm.TU.scaffold_5.1592,FALSE,TRUE,zygotic
evm.TU.scaffold_5.1593,TRUE,TRUE,maternal zygotic
evm.TU.scaffold_5.1594,TRUE,TRUE,maternal zygotic
evm.TU.scaffold_5.1595,FALSE,FALSE,neither
evm.TU.scaffold_5.1596,FALSE,TRUE,zygotic
evm.TU.scaffold_5.1597,FALSE,TRUE,zygotic
evm.TU.scaffold_5.1598,FALSE,TRUE,zygotic
evm.TU.scaffold_5.1599,TRUE,TRUE,maternal zygotic
evm.TU.scaffold_5.16,FALSE,FALSE,neither
evm.TU.scaffold_5.160,TRUE,TRUE,maternal zygotic
evm.TU.scaffold_5.1600,FALSE,FALSE,neither
evm.TU.scaffold_5.1603,FALSE,FALSE,neither
evm.TU.scaffold_5.1604,TRUE,TRUE,maternal zygotic
evm.TU.scaffold_5.1605,TRUE,TRUE,maternal zygotic
evm.TU.scaffold_5.1606,FALSE,FALSE,neither
evm.TU.scaffold_5.1607,FALSE,FALSE,neither
evm.TU.scaffold_5.1608,FALSE,FALSE,neither
evm.TU.scaffold_5.1609,FALSE,FALSE,neither
evm.TU.scaffold_5.161,TRUE,TRUE,maternal zygotic
evm.TU.scaffold_5.1611,FALSE,FALSE,neither
evm.TU.scaffold_5.1612,TRUE,TRUE,maternal zygotic
evm.TU.scaffold_5.1613,FALSE,FALSE,neither
evm.TU.scaffold_5.1614,FALSE,FALSE,neither
evm.TU.scaffold_5.1615,FALSE,FALSE,neither
evm.TU.scaffold_5.1616,TRUE,TRUE,maternal zygotic
evm.TU.scaffold_5.1617,TRUE,TRUE,maternal zygotic
evm.TU.scaffold_5.1618,TRUE,TRUE,maternal zygotic
evm.TU.scaffold_5.1619,FALSE,FALSE,neither
evm.TU.scaffold_5.162,FALSE,FALSE,neither
evm.TU.scaffold_5.1620,FALSE,FALSE,neither
evm.TU.scaffold_5.1621,FALSE,FALSE,neither
evm.TU.scaffold_5.1622,FALSE,FALSE,neither
evm.TU.scaffold_5.1623,FALSE,FALSE,neither
evm.TU.scaffold_5.1624,FALSE,FALSE,neither
evm.TU.scaffold_5.1625,FALSE,FALSE,neither
evm.TU.scaffold_5.1626,FALSE,FALSE,neither
evm.TU.scaffold_5.1627,FALSE,FALSE,neither
evm.TU.scaffold_5.1628,FALSE,FALSE,neither
evm.TU.scaffold_5.1629,FALSE,FALSE,neither
evm.TU.scaffold_5.163,FALSE,FALSE,neither
evm.TU.scaffold_5.1630_evm.TU.scaffold_5.1631,FALSE,FALSE,neither
evm.TU.scaffold_5.1632,FALSE,FALSE,neither
evm.TU.scaffold_5.1633,FALSE,FALSE,neither
evm.TU.scaffold_5.1634,FALSE,FALSE,neither
evm.TU.scaffold_5.1635,FALSE,FALSE,neither
evm.TU.scaffold_5.1636,FALSE,FALSE,neither
evm.TU.scaffold_5.1637,FALSE,FALSE,neither
evm.TU.scaffold_5.1638,TRUE,TRUE,maternal zygotic
evm.TU.scaffold_5.1639,TRUE,TRUE,maternal zygotic
evm.TU.scaffold_5.164,TRUE,TRUE,maternal zygotic
evm.TU.scaffold_5.1640,TRUE,TRUE,maternal zygotic
evm.TU.scaffold_5.1643,FALSE,FALSE,neither
evm.TU.scaffold_5.1644,FALSE,FALSE,neither
evm.TU.scaffold_5.1645,TRUE,TRUE,maternal zygotic
evm.TU.scaffold_5.1647,FALSE,FALSE,neither
evm.TU.scaffold_5.1648,FALSE,FALSE,neither
evm.TU.scaffold_5.1649,FALSE,TRUE,zygotic
evm.TU.scaffold_5.1650,FALSE,FALSE,neither
evm.TU.scaffold_5.1651,TRUE,TRUE,maternal zygotic
evm.TU.scaffold_5.1652,TRUE,TRUE,maternal zygotic
evm.TU.scaffold_5.1653,TRUE,TRUE,maternal zygotic
evm.TU.scaffold_5.1654,TRUE,TRUE,maternal zygotic
evm.TU.scaffold_5.1655,FALSE,FALSE,neither
evm.TU.scaffold_5.1656,FALSE,FALSE,neither
evm.TU.scaffold_5.1657,TRUE,TRUE,maternal zygotic
evm.TU.scaffold_5.1658,TRUE,TRUE,maternal zygotic
evm.TU.scaffold_5.1659,TRUE,TRUE,maternal zygotic
evm.TU.scaffold_5.1660,FALSE,FALSE,neither
evm.TU.scaffold_5.1661,FALSE,FALSE,neither
evm.TU.scaffold_5.1662,FALSE,FALSE,neither
evm.TU.scaffold_5.1663,FALSE,FALSE,neither
evm.TU.scaffold_5.1664,TRUE,TRUE,maternal zygotic
evm.TU.scaffold_5.1665,TRUE,TRUE,maternal zygotic
evm.TU.scaffold_5.1666,TRUE,TRUE,maternal zygotic
evm.TU.scaffold_5.1667,TRUE,TRUE,maternal zygotic
evm.TU.scaffold_5.1668,TRUE,TRUE,maternal zygotic
evm.TU.scaffold_5.1669,TRUE,TRUE,maternal zygotic
evm.TU.scaffold_5.167,FALSE,FALSE,neither
evm.TU.scaffold_5.1670,TRUE,TRUE,maternal zygotic
evm.TU.scaffold_5.1671,FALSE,FALSE,neither
evm.TU.scaffold_5.1672,TRUE,TRUE,maternal zygotic
evm.TU.scaffold_5.1673,FALSE,FALSE,neither
evm.TU.scaffold_5.1674,TRUE,TRUE,maternal zygotic
evm.TU.scaffold_5.1675,FALSE,FALSE,neither
evm.TU.scaffold_5.1676,FALSE,FALSE,neither
evm.TU.scaffold_5.1677,TRUE,TRUE,maternal zygotic
evm.TU.scaffold_5.1678,TRUE,TRUE,maternal zygotic
evm.TU.scaffold_5.1679,FALSE,FALSE,neither
evm.TU.scaffold_5.168,FALSE,FALSE,neither
evm.TU.scaffold_5.1680,FALSE,FALSE,neither
evm.TU.scaffold_5.1682,TRUE,TRUE,maternal zygotic
evm.TU.scaffold_5.1683,TRUE,TRUE,maternal zygotic
evm.TU.scaffold_5.1684,FALSE,FALSE,neither
evm.TU.scaffold_5.1685,TRUE,TRUE,maternal zygotic
evm.TU.scaffold_5.1686,TRUE,TRUE,maternal zygotic
evm.TU.scaffold_5.1687,TRUE,TRUE,maternal zygotic
evm.TU.scaffold_5.1688,FALSE,FALSE,neither
evm.TU.scaffold_5.1689,FALSE,FALSE,neither
evm.TU.scaffold_5.1690,FALSE,FALSE,neither
evm.TU.scaffold_5.1691,FALSE,FALSE,neither
evm.TU.scaffold_5.1692,TRUE,TRUE,maternal zygotic
evm.TU.scaffold_5.1693,FALSE,FALSE,neither
evm.TU.scaffold_5.1694,FALSE,FALSE,neither
evm.TU.scaffold_5.1695,FALSE,FALSE,neither
evm.TU.scaffold_5.1696,TRUE,TRUE,maternal zygotic
evm.TU.scaffold_5.1697,TRUE,TRUE,maternal zygotic
evm.TU.scaffold_5.1698,TRUE,TRUE,maternal zygotic
evm.TU.scaffold_5.1699,TRUE,TRUE,maternal zygotic
evm.TU.scaffold_5.17,FALSE,FALSE,neither
evm.TU.scaffold_5.170,FALSE,TRUE,zygotic
evm.TU.scaffold_5.1700,TRUE,TRUE,maternal zygotic
evm.TU.scaffold_5.1701,TRUE,TRUE,maternal zygotic
evm.TU.scaffold_5.1702,TRUE,TRUE,maternal zygotic
evm.TU.scaffold_5.1703,TRUE,TRUE,maternal zygotic
evm.TU.scaffold_5.1704,TRUE,TRUE,maternal zygotic
evm.TU.scaffold_5.1706,FALSE,FALSE,neither
evm.TU.scaffold_5.1709,TRUE,TRUE,maternal zygotic
evm.TU.scaffold_5.171,FALSE,FALSE,neither
evm.TU.scaffold_5.1711,FALSE,FALSE,neither
evm.TU.scaffold_5.1712,TRUE,TRUE,maternal zygotic
evm.TU.scaffold_5.1713,FALSE,FALSE,neither
evm.TU.scaffold_5.1714,FALSE,FALSE,neither
evm.TU.scaffold_5.1715,FALSE,FALSE,neither
evm.TU.scaffold_5.1716,TRUE,TRUE,maternal zygotic
evm.TU.scaffold_5.1717,TRUE,TRUE,maternal zygotic
evm.TU.scaffold_5.1718,TRUE,TRUE,maternal zygotic
evm.TU.scaffold_5.1719,FALSE,FALSE,neither
evm.TU.scaffold_5.1721,FALSE,FALSE,neither
evm.TU.scaffold_5.1727,FALSE,FALSE,neither
evm.TU.scaffold_5.1728,FALSE,FALSE,neither
evm.TU.scaffold_5.1729,FALSE,TRUE,zygotic
evm.TU.scaffold_5.173,TRUE,TRUE,maternal zygotic
evm.TU.scaffold_5.1730,FALSE,TRUE,zygotic
evm.TU.scaffold_5.1731,FALSE,TRUE,zygotic
evm.TU.scaffold_5.1732,FALSE,FALSE,neither
evm.TU.scaffold_5.1733,TRUE,TRUE,maternal zygotic
evm.TU.scaffold_5.1734,TRUE,TRUE,maternal zygotic
evm.TU.scaffold_5.1735,TRUE,TRUE,maternal zygotic
evm.TU.scaffold_5.1737,TRUE,TRUE,maternal zygotic
evm.TU.scaffold_5.1738,TRUE,TRUE,maternal zygotic
evm.TU.scaffold_5.1739,TRUE,TRUE,maternal zygotic
evm.TU.scaffold_5.174,TRUE,TRUE,maternal zygotic
evm.TU.scaffold_5.1740,TRUE,TRUE,maternal zygotic
evm.TU.scaffold_5.1741,FALSE,FALSE,neither
evm.TU.scaffold_5.1742,FALSE,FALSE,neither
evm.TU.scaffold_5.1744_evm.TU.scaffold_5.1743,FALSE,FALSE,neither
evm.TU.scaffold_5.1745,FALSE,FALSE,neither
evm.TU.scaffold_5.1746,FALSE,FALSE,neither
evm.TU.scaffold_5.1747,FALSE,FALSE,neither
evm.TU.scaffold_5.1748,FALSE,FALSE,neither
evm.TU.scaffold_5.1749,FALSE,FALSE,neither
evm.TU.scaffold_5.175,TRUE,TRUE,maternal zygotic
evm.TU.scaffold_5.1750,FALSE,FALSE,neither
evm.TU.scaffold_5.1751,TRUE,TRUE,maternal zygotic
evm.TU.scaffold_5.1752,FALSE,FALSE,neither
evm.TU.scaffold_5.1753,FALSE,FALSE,neither
evm.TU.scaffold_5.1754,FALSE,TRUE,zygotic
evm.TU.scaffold_5.1755,FALSE,FALSE,neither
evm.TU.scaffold_5.1756,FALSE,FALSE,neither
evm.TU.scaffold_5.1757,FALSE,FALSE,neither
evm.TU.scaffold_5.1758,FALSE,FALSE,neither
evm.TU.scaffold_5.1759,TRUE,TRUE,maternal zygotic
evm.TU.scaffold_5.176,FALSE,FALSE,neither
evm.TU.scaffold_5.1760,TRUE,TRUE,maternal zygotic
evm.TU.scaffold_5.1761,FALSE,TRUE,zygotic
evm.TU.scaffold_5.1763_evm.TU.scaffold_5.1762,TRUE,TRUE,maternal zygotic
evm.TU.scaffold_5.1764,TRUE,TRUE,maternal zygotic
evm.TU.scaffold_5.1765,TRUE,TRUE,maternal zygotic
evm.TU.scaffold_5.1766,FALSE,FALSE,neither
evm.TU.scaffold_5.1767,FALSE,FALSE,neither
evm.TU.scaffold_5.1768,FALSE,FALSE,neither
evm.TU.scaffold_5.1769,FALSE,FALSE,neither
evm.TU.scaffold_5.177,FALSE,FALSE,neither
evm.TU.scaffold_5.1770,TRUE,TRUE,maternal zygotic
evm.TU.scaffold_5.1771,TRUE,TRUE,maternal zygotic
evm.TU.scaffold_5.1772,FALSE,FALSE,neither
evm.TU.scaffold_5.1773,FALSE,FALSE,neither
evm.TU.scaffold_5.1774,FALSE,FALSE,neither
evm.TU.scaffold_5.1775,FALSE,FALSE,neither
evm.TU.scaffold_5.1776,FALSE,FALSE,neither
evm.TU.scaffold_5.1778,FALSE,FALSE,neither
evm.TU.scaffold_5.1779,FALSE,FALSE,neither
evm.TU.scaffold_5.178,FALSE,FALSE,neither
evm.TU.scaffold_5.1780,FALSE,FALSE,neither
evm.TU.scaffold_5.1781,FALSE,FALSE,neither
evm.TU.scaffold_5.1782,FALSE,FALSE,neither
evm.TU.scaffold_5.1783,FALSE,FALSE,neither
evm.TU.scaffold_5.1784,FALSE,FALSE,neither
evm.TU.scaffold_5.1785,FALSE,FALSE,neither
evm.TU.scaffold_5.1787,FALSE,FALSE,neither
evm.TU.scaffold_5.1788,FALSE,FALSE,neither
evm.TU.scaffold_5.179,TRUE,TRUE,maternal zygotic
evm.TU.scaffold_5.1792,TRUE,TRUE,maternal zygotic
evm.TU.scaffold_5.1795,FALSE,FALSE,neither
evm.TU.scaffold_5.1796,FALSE,FALSE,neither
evm.TU.scaffold_5.1797,FALSE,FALSE,neither
evm.TU.scaffold_5.18,FALSE,FALSE,neither
evm.TU.scaffold_5.180,TRUE,TRUE,maternal zygotic
evm.TU.scaffold_5.1801,TRUE,TRUE,maternal zygotic
evm.TU.scaffold_5.1802,TRUE,TRUE,maternal zygotic
evm.TU.scaffold_5.1803,TRUE,TRUE,maternal zygotic
evm.TU.scaffold_5.1804,TRUE,TRUE,maternal zygotic
evm.TU.scaffold_5.1805,TRUE,TRUE,maternal zygotic
evm.TU.scaffold_5.1806,TRUE,TRUE,maternal zygotic
evm.TU.scaffold_5.1807,TRUE,TRUE,maternal zygotic
evm.TU.scaffold_5.1808,TRUE,TRUE,maternal zygotic
evm.TU.scaffold_5.1809,TRUE,FALSE,maternal
evm.TU.scaffold_5.181,TRUE,TRUE,maternal zygotic
evm.TU.scaffold_5.1810,FALSE,FALSE,neither
evm.TU.scaffold_5.1811,TRUE,TRUE,maternal zygotic
evm.TU.scaffold_5.1812,TRUE,TRUE,maternal zygotic
evm.TU.scaffold_5.1813,FALSE,FALSE,neither
evm.TU.scaffold_5.1814,TRUE,TRUE,maternal zygotic
evm.TU.scaffold_5.1817,FALSE,FALSE,neither
evm.TU.scaffold_5.1818,TRUE,TRUE,maternal zygotic
evm.TU.scaffold_5.1819,FALSE,FALSE,neither
evm.TU.scaffold_5.1820,FALSE,FALSE,neither
evm.TU.scaffold_5.1821,FALSE,FALSE,neither
evm.TU.scaffold_5.1822,FALSE,FALSE,neither
evm.TU.scaffold_5.1823,FALSE,FALSE,neither
evm.TU.scaffold_5.183,FALSE,FALSE,neither
evm.TU.scaffold_5.1835,FALSE,FALSE,neither
evm.TU.scaffold_5.1836,FALSE,TRUE,zygotic
evm.TU.scaffold_5.1837,FALSE,FALSE,neither
evm.TU.scaffold_5.184,FALSE,TRUE,zygotic
evm.TU.scaffold_5.1840,FALSE,FALSE,neither
evm.TU.scaffold_5.1842,FALSE,FALSE,neither
evm.TU.scaffold_5.1843,TRUE,TRUE,maternal zygotic
evm.TU.scaffold_5.1844,FALSE,FALSE,neither
evm.TU.scaffold_5.1845,FALSE,FALSE,neither
evm.TU.scaffold_5.1846,FALSE,FALSE,neither
evm.TU.scaffold_5.1847,FALSE,FALSE,neither
evm.TU.scaffold_5.1848,FALSE,FALSE,neither
evm.TU.scaffold_5.1849,FALSE,FALSE,neither
evm.TU.scaffold_5.185,FALSE,FALSE,neither
evm.TU.scaffold_5.1850,TRUE,TRUE,maternal zygotic
evm.TU.scaffold_5.1851,FALSE,FALSE,neither
evm.TU.scaffold_5.1852,FALSE,TRUE,zygotic
evm.TU.scaffold_5.1853,FALSE,FALSE,neither
evm.TU.scaffold_5.1854,FALSE,FALSE,neither
evm.TU.scaffold_5.1855,TRUE,TRUE,maternal zygotic
evm.TU.scaffold_5.1856,TRUE,TRUE,maternal zygotic
evm.TU.scaffold_5.1857,TRUE,TRUE,maternal zygotic
evm.TU.scaffold_5.1858,TRUE,TRUE,maternal zygotic
evm.TU.scaffold_5.1859,TRUE,TRUE,maternal zygotic
evm.TU.scaffold_5.1860,TRUE,TRUE,maternal zygotic
evm.TU.scaffold_5.1861,TRUE,TRUE,maternal zygotic
evm.TU.scaffold_5.1862,TRUE,TRUE,maternal zygotic
evm.TU.scaffold_5.1863,TRUE,TRUE,maternal zygotic
evm.TU.scaffold_5.1864,TRUE,TRUE,maternal zygotic
evm.TU.scaffold_5.1865,TRUE,TRUE,maternal zygotic
evm.TU.scaffold_5.1866,TRUE,TRUE,maternal zygotic
evm.TU.scaffold_5.1867,TRUE,TRUE,maternal zygotic
evm.TU.scaffold_5.1868,FALSE,FALSE,neither
evm.TU.scaffold_5.1869,FALSE,FALSE,neither
evm.TU.scaffold_5.187,FALSE,FALSE,neither
evm.TU.scaffold_5.1871,FALSE,FALSE,neither
evm.TU.scaffold_5.1872,FALSE,FALSE,neither
evm.TU.scaffold_5.1873,FALSE,FALSE,neither
evm.TU.scaffold_5.1874,FALSE,FALSE,neither
evm.TU.scaffold_5.1876,FALSE,FALSE,neither
evm.TU.scaffold_5.1877,FALSE,FALSE,neither
evm.TU.scaffold_5.188,FALSE,FALSE,neither
evm.TU.scaffold_5.1880,FALSE,TRUE,zygotic
evm.TU.scaffold_5.1881,TRUE,TRUE,maternal zygotic
evm.TU.scaffold_5.1882_evm.TU.scaffold_5.1883_evm.TU.scaffold_5.1884,TRUE,TRUE,maternal zygotic
evm.TU.scaffold_5.1885,TRUE,TRUE,maternal zygotic
evm.TU.scaffold_5.1886,TRUE,TRUE,maternal zygotic
evm.TU.scaffold_5.1887,TRUE,TRUE,maternal zygotic
evm.TU.scaffold_5.1888,TRUE,TRUE,maternal zygotic
evm.TU.scaffold_5.1889,TRUE,TRUE,maternal zygotic
evm.TU.scaffold_5.189,TRUE,TRUE,maternal zygotic
evm.TU.scaffold_5.1890,TRUE,TRUE,maternal zygotic
evm.TU.scaffold_5.1891,TRUE,TRUE,maternal zygotic
evm.TU.scaffold_5.1892,TRUE,TRUE,maternal zygotic
evm.TU.scaffold_5.1893,TRUE,TRUE,maternal zygotic
evm.TU.scaffold_5.1894,TRUE,TRUE,maternal zygotic
evm.TU.scaffold_5.1895,TRUE,TRUE,maternal zygotic
evm.TU.scaffold_5.1896,TRUE,TRUE,maternal zygotic
evm.TU.scaffold_5.1897,TRUE,TRUE,maternal zygotic
evm.TU.scaffold_5.1898,FALSE,FALSE,neither
evm.TU.scaffold_5.1899,TRUE,TRUE,maternal zygotic
evm.TU.scaffold_5.19,FALSE,FALSE,neither
evm.TU.scaffold_5.190,TRUE,TRUE,maternal zygotic
evm.TU.scaffold_5.1900,TRUE,TRUE,maternal zygotic
evm.TU.scaffold_5.1901,TRUE,TRUE,maternal zygotic
evm.TU.scaffold_5.1902,TRUE,TRUE,maternal zygotic
evm.TU.scaffold_5.1903,FALSE,FALSE,neither
evm.TU.scaffold_5.1904,FALSE,FALSE,neither
evm.TU.scaffold_5.1905,TRUE,TRUE,maternal zygotic
evm.TU.scaffold_5.1906,TRUE,TRUE,maternal zygotic
evm.TU.scaffold_5.1907,TRUE,TRUE,maternal zygotic
evm.TU.scaffold_5.1908,TRUE,TRUE,maternal zygotic
evm.TU.scaffold_5.1909,TRUE,TRUE,maternal zygotic
evm.TU.scaffold_5.191,FALSE,FALSE,neither
evm.TU.scaffold_5.1910,FALSE,FALSE,neither
evm.TU.scaffold_5.1911,FALSE,TRUE,zygotic
evm.TU.scaffold_5.1912,TRUE,TRUE,maternal zygotic
evm.TU.scaffold_5.1913,TRUE,TRUE,maternal zygotic
evm.TU.scaffold_5.1914,FALSE,FALSE,neither
evm.TU.scaffold_5.1915,FALSE,FALSE,neither
evm.TU.scaffold_5.1916,TRUE,TRUE,maternal zygotic
evm.TU.scaffold_5.1917,TRUE,TRUE,maternal zygotic
evm.TU.scaffold_5.1918,TRUE,TRUE,maternal zygotic
evm.TU.scaffold_5.1919,FALSE,FALSE,neither
evm.TU.scaffold_5.192,FALSE,TRUE,zygotic
evm.TU.scaffold_5.1920,TRUE,TRUE,maternal zygotic
evm.TU.scaffold_5.1921,TRUE,TRUE,maternal zygotic
evm.TU.scaffold_5.1922,FALSE,TRUE,zygotic
evm.TU.scaffold_5.1923,TRUE,TRUE,maternal zygotic
evm.TU.scaffold_5.1924,FALSE,FALSE,neither
evm.TU.scaffold_5.1925,FALSE,FALSE,neither
evm.TU.scaffold_5.1926,TRUE,TRUE,maternal zygotic
evm.TU.scaffold_5.1927,TRUE,TRUE,maternal zygotic
evm.TU.scaffold_5.1928,TRUE,TRUE,maternal zygotic
evm.TU.scaffold_5.1929,FALSE,FALSE,neither
evm.TU.scaffold_5.193,TRUE,TRUE,maternal zygotic
evm.TU.scaffold_5.1930,TRUE,TRUE,maternal zygotic
evm.TU.scaffold_5.1932,FALSE,FALSE,neither
evm.TU.scaffold_5.1933,TRUE,TRUE,maternal zygotic
evm.TU.scaffold_5.1934,TRUE,TRUE,maternal zygotic
evm.TU.scaffold_5.1935,TRUE,TRUE,maternal zygotic
evm.TU.scaffold_5.1936,TRUE,TRUE,maternal zygotic
evm.TU.scaffold_5.1937,TRUE,TRUE,maternal zygotic
evm.TU.scaffold_5.1938,FALSE,FALSE,neither
evm.TU.scaffold_5.1939,FALSE,FALSE,neither
evm.TU.scaffold_5.194,TRUE,TRUE,maternal zygotic
evm.TU.scaffold_5.1940,FALSE,FALSE,neither
evm.TU.scaffold_5.1941,TRUE,TRUE,maternal zygotic
evm.TU.scaffold_5.1942,TRUE,TRUE,maternal zygotic
evm.TU.scaffold_5.1943,FALSE,FALSE,neither
evm.TU.scaffold_5.1944,FALSE,TRUE,zygotic
evm.TU.scaffold_5.1945,FALSE,TRUE,zygotic
evm.TU.scaffold_5.1948,FALSE,FALSE,neither
evm.TU.scaffold_5.1949,FALSE,FALSE,neither
evm.TU.scaffold_5.195,TRUE,TRUE,maternal zygotic
evm.TU.scaffold_5.1950,FALSE,FALSE,neither
evm.TU.scaffold_5.1951,FALSE,FALSE,neither
evm.TU.scaffold_5.1952,FALSE,TRUE,zygotic
evm.TU.scaffold_5.1953,FALSE,FALSE,neither
evm.TU.scaffold_5.1956,FALSE,FALSE,neither
evm.TU.scaffold_5.1958,FALSE,FALSE,neither
evm.TU.scaffold_5.1959,FALSE,FALSE,neither
evm.TU.scaffold_5.196,TRUE,TRUE,maternal zygotic
evm.TU.scaffold_5.1961,FALSE,FALSE,neither
evm.TU.scaffold_5.1963,FALSE,FALSE,neither
evm.TU.scaffold_5.1965,FALSE,FALSE,neither
evm.TU.scaffold_5.1966,TRUE,TRUE,maternal zygotic
evm.TU.scaffold_5.1967,FALSE,FALSE,neither
evm.TU.scaffold_5.1968,FALSE,FALSE,neither
evm.TU.scaffold_5.1969,FALSE,FALSE,neither
evm.TU.scaffold_5.197,FALSE,FALSE,neither
evm.TU.scaffold_5.1970,TRUE,TRUE,maternal zygotic
evm.TU.scaffold_5.1971,FALSE,TRUE,zygotic
evm.TU.scaffold_5.1972,FALSE,FALSE,neither
evm.TU.scaffold_5.1973,TRUE,TRUE,maternal zygotic
evm.TU.scaffold_5.1974,TRUE,TRUE,maternal zygotic
evm.TU.scaffold_5.1975,TRUE,TRUE,maternal zygotic
evm.TU.scaffold_5.1976,TRUE,TRUE,maternal zygotic
evm.TU.scaffold_5.1977,TRUE,TRUE,maternal zygotic
evm.TU.scaffold_5.1978,FALSE,TRUE,zygotic
evm.TU.scaffold_5.1979,TRUE,TRUE,maternal zygotic
evm.TU.scaffold_5.1980,TRUE,TRUE,maternal zygotic
evm.TU.scaffold_5.1981,TRUE,TRUE,maternal zygotic
evm.TU.scaffold_5.1982,FALSE,TRUE,zygotic
evm.TU.scaffold_5.1983,FALSE,FALSE,neither
evm.TU.scaffold_5.1984,FALSE,FALSE,neither
evm.TU.scaffold_5.1986,FALSE,FALSE,neither
evm.TU.scaffold_5.199,FALSE,FALSE,neither
evm.TU.scaffold_5.1990,FALSE,FALSE,neither
evm.TU.scaffold_5.1993,FALSE,FALSE,neither
evm.TU.scaffold_5.2,FALSE,FALSE,neither
evm.TU.scaffold_5.2003,FALSE,FALSE,neither
evm.TU.scaffold_5.2004,FALSE,FALSE,neither
evm.TU.scaffold_5.2005,FALSE,FALSE,neither
evm.TU.scaffold_5.2006,FALSE,FALSE,neither
evm.TU.scaffold_5.2007,FALSE,FALSE,neither
evm.TU.scaffold_5.2008,FALSE,TRUE,zygotic
evm.TU.scaffold_5.2009,FALSE,FALSE,neither
evm.TU.scaffold_5.2010,FALSE,FALSE,neither
evm.TU.scaffold_5.2011,FALSE,FALSE,neither
evm.TU.scaffold_5.2012,FALSE,FALSE,neither
evm.TU.scaffold_5.2013_evm.TU.scaffold_5.2014,FALSE,FALSE,neither
evm.TU.scaffold_5.2015,TRUE,TRUE,maternal zygotic
evm.TU.scaffold_5.2016,TRUE,TRUE,maternal zygotic
evm.TU.scaffold_5.2017,TRUE,TRUE,maternal zygotic
evm.TU.scaffold_5.2018,TRUE,TRUE,maternal zygotic
evm.TU.scaffold_5.2019,TRUE,TRUE,maternal zygotic
evm.TU.scaffold_5.202,FALSE,FALSE,neither
evm.TU.scaffold_5.2020,TRUE,TRUE,maternal zygotic
evm.TU.scaffold_5.2021,TRUE,TRUE,maternal zygotic
evm.TU.scaffold_5.2022,TRUE,TRUE,maternal zygotic
evm.TU.scaffold_5.2023,TRUE,TRUE,maternal zygotic
evm.TU.scaffold_5.2024,FALSE,FALSE,neither
evm.TU.scaffold_5.2025,FALSE,FALSE,neither
evm.TU.scaffold_5.2026,FALSE,FALSE,neither
evm.TU.scaffold_5.2027,TRUE,FALSE,maternal
evm.TU.scaffold_5.203,TRUE,TRUE,maternal zygotic
evm.TU.scaffold_5.2035,FALSE,FALSE,neither
evm.TU.scaffold_5.2037,FALSE,FALSE,neither
evm.TU.scaffold_5.2038,FALSE,FALSE,neither
evm.TU.scaffold_5.2039,FALSE,FALSE,neither
evm.TU.scaffold_5.204,FALSE,FALSE,neither
evm.TU.scaffold_5.2040,FALSE,FALSE,neither
evm.TU.scaffold_5.2042,FALSE,FALSE,neither
evm.TU.scaffold_5.2043,FALSE,FALSE,neither
evm.TU.scaffold_5.2044,FALSE,FALSE,neither
evm.TU.scaffold_5.2045,TRUE,TRUE,maternal zygotic
evm.TU.scaffold_5.2046,TRUE,TRUE,maternal zygotic
evm.TU.scaffold_5.2047,FALSE,FALSE,neither
evm.TU.scaffold_5.2048,TRUE,TRUE,maternal zygotic
evm.TU.scaffold_5.2049,TRUE,TRUE,maternal zygotic
evm.TU.scaffold_5.205,TRUE,FALSE,maternal
evm.TU.scaffold_5.2050,TRUE,TRUE,maternal zygotic
evm.TU.scaffold_5.2051,FALSE,FALSE,neither
evm.TU.scaffold_5.2052,FALSE,FALSE,neither
evm.TU.scaffold_5.2053,FALSE,FALSE,neither
evm.TU.scaffold_5.2054,TRUE,TRUE,maternal zygotic
evm.TU.scaffold_5.2055,TRUE,TRUE,maternal zygotic
evm.TU.scaffold_5.2056,FALSE,FALSE,neither
evm.TU.scaffold_5.2058,FALSE,FALSE,neither
evm.TU.scaffold_5.2059,FALSE,FALSE,neither
evm.TU.scaffold_5.206,FALSE,TRUE,zygotic
evm.TU.scaffold_5.2060,TRUE,TRUE,maternal zygotic
evm.TU.scaffold_5.2061,FALSE,FALSE,neither
evm.TU.scaffold_5.2068,FALSE,FALSE,neither
evm.TU.scaffold_5.2069,FALSE,FALSE,neither
evm.TU.scaffold_5.207,FALSE,FALSE,neither
evm.TU.scaffold_5.2070,FALSE,TRUE,zygotic
evm.TU.scaffold_5.2071,TRUE,TRUE,maternal zygotic
evm.TU.scaffold_5.2072,TRUE,TRUE,maternal zygotic
evm.TU.scaffold_5.2073,FALSE,TRUE,zygotic
evm.TU.scaffold_5.2075,TRUE,TRUE,maternal zygotic
evm.TU.scaffold_5.2076,TRUE,TRUE,maternal zygotic
evm.TU.scaffold_5.2077,TRUE,TRUE,maternal zygotic
evm.TU.scaffold_5.2078,TRUE,TRUE,maternal zygotic
evm.TU.scaffold_5.2079,FALSE,FALSE,neither
evm.TU.scaffold_5.208,FALSE,FALSE,neither
evm.TU.scaffold_5.2080,TRUE,TRUE,maternal zygotic
evm.TU.scaffold_5.2081,TRUE,TRUE,maternal zygotic
evm.TU.scaffold_5.2082,FALSE,FALSE,neither
evm.TU.scaffold_5.2083,FALSE,FALSE,neither
evm.TU.scaffold_5.2084,FALSE,FALSE,neither
evm.TU.scaffold_5.2086,FALSE,FALSE,neither
evm.TU.scaffold_5.2087,TRUE,TRUE,maternal zygotic
evm.TU.scaffold_5.2088,TRUE,TRUE,maternal zygotic
evm.TU.scaffold_5.2089,FALSE,FALSE,neither
evm.TU.scaffold_5.209,TRUE,TRUE,maternal zygotic
evm.TU.scaffold_5.2090,TRUE,TRUE,maternal zygotic
evm.TU.scaffold_5.2092,TRUE,TRUE,maternal zygotic
evm.TU.scaffold_5.2093,TRUE,TRUE,maternal zygotic
evm.TU.scaffold_5.2094,TRUE,TRUE,maternal zygotic
evm.TU.scaffold_5.2096,TRUE,TRUE,maternal zygotic
evm.TU.scaffold_5.2097,TRUE,TRUE,maternal zygotic
evm.TU.scaffold_5.2098,TRUE,TRUE,maternal zygotic
evm.TU.scaffold_5.2099,FALSE,FALSE,neither
evm.TU.scaffold_5.21,FALSE,FALSE,neither
evm.TU.scaffold_5.210,FALSE,FALSE,neither
evm.TU.scaffold_5.2100,FALSE,TRUE,zygotic
evm.TU.scaffold_5.2101,TRUE,TRUE,maternal zygotic
evm.TU.scaffold_5.2102,TRUE,TRUE,maternal zygotic
evm.TU.scaffold_5.2103,TRUE,TRUE,maternal zygotic
evm.TU.scaffold_5.2104,FALSE,FALSE,neither
evm.TU.scaffold_5.2105,FALSE,FALSE,neither
evm.TU.scaffold_5.2106,TRUE,TRUE,maternal zygotic
evm.TU.scaffold_5.2107,TRUE,TRUE,maternal zygotic
evm.TU.scaffold_5.211,TRUE,TRUE,maternal zygotic
evm.TU.scaffold_5.2111,FALSE,FALSE,neither
evm.TU.scaffold_5.2112,TRUE,TRUE,maternal zygotic
evm.TU.scaffold_5.2113,TRUE,TRUE,maternal zygotic
evm.TU.scaffold_5.2114,TRUE,TRUE,maternal zygotic
evm.TU.scaffold_5.2115,TRUE,TRUE,maternal zygotic
evm.TU.scaffold_5.2116,FALSE,FALSE,neither
evm.TU.scaffold_5.2117,FALSE,FALSE,neither
evm.TU.scaffold_5.212,FALSE,FALSE,neither
evm.TU.scaffold_5.2120,FALSE,FALSE,neither
evm.TU.scaffold_5.2121,TRUE,TRUE,maternal zygotic
evm.TU.scaffold_5.2122,FALSE,FALSE,neither
evm.TU.scaffold_5.2123,TRUE,TRUE,maternal zygotic
evm.TU.scaffold_5.2124,TRUE,TRUE,maternal zygotic
evm.TU.scaffold_5.2125,FALSE,FALSE,neither
evm.TU.scaffold_5.2126,FALSE,FALSE,neither
evm.TU.scaffold_5.2127,FALSE,FALSE,neither
evm.TU.scaffold_5.2128,FALSE,FALSE,neither
evm.TU.scaffold_5.213,TRUE,TRUE,maternal zygotic
evm.TU.scaffold_5.2131,FALSE,FALSE,neither
evm.TU.scaffold_5.2132,FALSE,FALSE,neither
evm.TU.scaffold_5.2133,FALSE,FALSE,neither
evm.TU.scaffold_5.2134,TRUE,FALSE,maternal
evm.TU.scaffold_5.2135,FALSE,FALSE,neither
evm.TU.scaffold_5.2136,FALSE,FALSE,neither
evm.TU.scaffold_5.2137,FALSE,FALSE,neither
evm.TU.scaffold_5.2138,FALSE,FALSE,neither
evm.TU.scaffold_5.2139,FALSE,FALSE,neither
evm.TU.scaffold_5.214,FALSE,FALSE,neither
evm.TU.scaffold_5.2140,TRUE,TRUE,maternal zygotic
evm.TU.scaffold_5.2141,TRUE,TRUE,maternal zygotic
evm.TU.scaffold_5.2142,TRUE,TRUE,maternal zygotic
evm.TU.scaffold_5.2143,TRUE,TRUE,maternal zygotic
evm.TU.scaffold_5.2145,FALSE,FALSE,neither
evm.TU.scaffold_5.2146,FALSE,FALSE,neither
evm.TU.scaffold_5.2147,TRUE,TRUE,maternal zygotic
evm.TU.scaffold_5.2148,TRUE,TRUE,maternal zygotic
evm.TU.scaffold_5.2149,TRUE,TRUE,maternal zygotic
evm.TU.scaffold_5.215,TRUE,TRUE,maternal zygotic
evm.TU.scaffold_5.2151,FALSE,FALSE,neither
evm.TU.scaffold_5.2152,FALSE,FALSE,neither
evm.TU.scaffold_5.2153,FALSE,FALSE,neither
evm.TU.scaffold_5.2154,TRUE,TRUE,maternal zygotic
evm.TU.scaffold_5.2155,FALSE,FALSE,neither
evm.TU.scaffold_5.2156,FALSE,TRUE,zygotic
evm.TU.scaffold_5.2157,TRUE,TRUE,maternal zygotic
evm.TU.scaffold_5.2158_evm.TU.scaffold_5.2159,TRUE,TRUE,maternal zygotic
evm.TU.scaffold_5.216,FALSE,FALSE,neither
evm.TU.scaffold_5.2160,TRUE,TRUE,maternal zygotic
evm.TU.scaffold_5.2161,TRUE,TRUE,maternal zygotic
evm.TU.scaffold_5.2162,TRUE,TRUE,maternal zygotic
evm.TU.scaffold_5.2163,FALSE,FALSE,neither
evm.TU.scaffold_5.2164,TRUE,TRUE,maternal zygotic
evm.TU.scaffold_5.2165,TRUE,TRUE,maternal zygotic
evm.TU.scaffold_5.2166,TRUE,TRUE,maternal zygotic
evm.TU.scaffold_5.2167,TRUE,TRUE,maternal zygotic
evm.TU.scaffold_5.2168,TRUE,TRUE,maternal zygotic
evm.TU.scaffold_5.2169,FALSE,FALSE,neither
evm.TU.scaffold_5.2170,TRUE,TRUE,maternal zygotic
evm.TU.scaffold_5.2172,FALSE,FALSE,neither
evm.TU.scaffold_5.2177,FALSE,FALSE,neither
evm.TU.scaffold_5.2179,FALSE,FALSE,neither
evm.TU.scaffold_5.217_evm.TU.scaffold_5.218,FALSE,FALSE,neither
evm.TU.scaffold_5.2181,FALSE,FALSE,neither
evm.TU.scaffold_5.2182,FALSE,FALSE,neither
evm.TU.scaffold_5.2183,TRUE,TRUE,maternal zygotic
evm.TU.scaffold_5.2184,FALSE,FALSE,neither
evm.TU.scaffold_5.2186,TRUE,TRUE,maternal zygotic
evm.TU.scaffold_5.2187,TRUE,TRUE,maternal zygotic
evm.TU.scaffold_5.2188,TRUE,TRUE,maternal zygotic
evm.TU.scaffold_5.2189,FALSE,TRUE,zygotic
evm.TU.scaffold_5.219,FALSE,FALSE,neither
evm.TU.scaffold_5.2190,TRUE,TRUE,maternal zygotic
evm.TU.scaffold_5.2191,TRUE,TRUE,maternal zygotic
evm.TU.scaffold_5.2192,TRUE,TRUE,maternal zygotic
evm.TU.scaffold_5.2193,FALSE,FALSE,neither
evm.TU.scaffold_5.2194,FALSE,FALSE,neither
evm.TU.scaffold_5.2195,FALSE,FALSE,neither
evm.TU.scaffold_5.2196,FALSE,FALSE,neither
evm.TU.scaffold_5.2197,FALSE,FALSE,neither
evm.TU.scaffold_5.2198,FALSE,FALSE,neither
evm.TU.scaffold_5.2199,FALSE,TRUE,zygotic
evm.TU.scaffold_5.220,FALSE,FALSE,neither
evm.TU.scaffold_5.2200,FALSE,FALSE,neither
evm.TU.scaffold_5.2201,TRUE,FALSE,maternal
evm.TU.scaffold_5.2202,TRUE,TRUE,maternal zygotic
evm.TU.scaffold_5.2203,TRUE,TRUE,maternal zygotic
evm.TU.scaffold_5.2204,FALSE,FALSE,neither
evm.TU.scaffold_5.2205,TRUE,TRUE,maternal zygotic
evm.TU.scaffold_5.2206,TRUE,TRUE,maternal zygotic
evm.TU.scaffold_5.2207,FALSE,FALSE,neither
evm.TU.scaffold_5.2208,FALSE,FALSE,neither
evm.TU.scaffold_5.2209,TRUE,TRUE,maternal zygotic
evm.TU.scaffold_5.221,FALSE,FALSE,neither
evm.TU.scaffold_5.2210,FALSE,FALSE,neither
evm.TU.scaffold_5.2211,FALSE,FALSE,neither
evm.TU.scaffold_5.2212,FALSE,TRUE,zygotic
evm.TU.scaffold_5.2213,TRUE,FALSE,maternal
evm.TU.scaffold_5.2216,TRUE,TRUE,maternal zygotic
evm.TU.scaffold_5.2217,TRUE,TRUE,maternal zygotic
evm.TU.scaffold_5.2218,FALSE,TRUE,zygotic
evm.TU.scaffold_5.222,FALSE,FALSE,neither
evm.TU.scaffold_5.2220,FALSE,FALSE,neither
evm.TU.scaffold_5.2222,TRUE,TRUE,maternal zygotic
evm.TU.scaffold_5.2223,FALSE,FALSE,neither
evm.TU.scaffold_5.2224,TRUE,TRUE,maternal zygotic
evm.TU.scaffold_5.223,TRUE,TRUE,maternal zygotic
evm.TU.scaffold_5.2230,FALSE,FALSE,neither
evm.TU.scaffold_5.2231,TRUE,TRUE,maternal zygotic
evm.TU.scaffold_5.2232,FALSE,FALSE,neither
evm.TU.scaffold_5.2233,TRUE,TRUE,maternal zygotic
evm.TU.scaffold_5.2238,FALSE,FALSE,neither
evm.TU.scaffold_5.2239,FALSE,FALSE,neither
evm.TU.scaffold_5.224,TRUE,TRUE,maternal zygotic
evm.TU.scaffold_5.2241,FALSE,FALSE,neither
evm.TU.scaffold_5.2242,FALSE,FALSE,neither
evm.TU.scaffold_5.2244,FALSE,FALSE,neither
evm.TU.scaffold_5.2246,FALSE,FALSE,neither
evm.TU.scaffold_5.2249,FALSE,FALSE,neither
evm.TU.scaffold_5.225,FALSE,FALSE,neither
evm.TU.scaffold_5.2250,FALSE,FALSE,neither
evm.TU.scaffold_5.2258,FALSE,FALSE,neither
evm.TU.scaffold_5.2259,FALSE,FALSE,neither
evm.TU.scaffold_5.226,FALSE,FALSE,neither
evm.TU.scaffold_5.2262,FALSE,FALSE,neither
evm.TU.scaffold_5.2263,FALSE,FALSE,neither
evm.TU.scaffold_5.2264,FALSE,FALSE,neither
evm.TU.scaffold_5.2265,FALSE,FALSE,neither
evm.TU.scaffold_5.2266,FALSE,FALSE,neither
evm.TU.scaffold_5.227,FALSE,FALSE,neither
evm.TU.scaffold_5.2272,FALSE,FALSE,neither
evm.TU.scaffold_5.2274,FALSE,FALSE,neither
evm.TU.scaffold_5.2278,FALSE,FALSE,neither
evm.TU.scaffold_5.2279,TRUE,TRUE,maternal zygotic
evm.TU.scaffold_5.228,TRUE,TRUE,maternal zygotic
evm.TU.scaffold_5.2280,TRUE,TRUE,maternal zygotic
evm.TU.scaffold_5.2281,TRUE,TRUE,maternal zygotic
evm.TU.scaffold_5.2282,TRUE,TRUE,maternal zygotic
evm.TU.scaffold_5.2283,TRUE,TRUE,maternal zygotic
evm.TU.scaffold_5.2284,TRUE,FALSE,maternal
evm.TU.scaffold_5.2285,TRUE,FALSE,maternal
evm.TU.scaffold_5.2286,TRUE,TRUE,maternal zygotic
evm.TU.scaffold_5.2287,TRUE,TRUE,maternal zygotic
evm.TU.scaffold_5.2289,TRUE,TRUE,maternal zygotic
evm.TU.scaffold_5.229,FALSE,FALSE,neither
evm.TU.scaffold_5.2290,TRUE,TRUE,maternal zygotic
evm.TU.scaffold_5.2291,TRUE,TRUE,maternal zygotic
evm.TU.scaffold_5.2292,TRUE,TRUE,maternal zygotic
evm.TU.scaffold_5.2293,TRUE,TRUE,maternal zygotic
evm.TU.scaffold_5.2294,FALSE,FALSE,neither
evm.TU.scaffold_5.2295,FALSE,FALSE,neither
evm.TU.scaffold_5.2296,TRUE,TRUE,maternal zygotic
evm.TU.scaffold_5.2298,TRUE,TRUE,maternal zygotic
evm.TU.scaffold_5.2299,TRUE,TRUE,maternal zygotic
evm.TU.scaffold_5.230,FALSE,FALSE,neither
evm.TU.scaffold_5.2300,TRUE,TRUE,maternal zygotic
evm.TU.scaffold_5.2301,TRUE,TRUE,maternal zygotic
evm.TU.scaffold_5.2302,TRUE,TRUE,maternal zygotic
evm.TU.scaffold_5.2303,TRUE,TRUE,maternal zygotic
evm.TU.scaffold_5.2304,FALSE,FALSE,neither
evm.TU.scaffold_5.2305,FALSE,TRUE,zygotic
evm.TU.scaffold_5.2306,FALSE,FALSE,neither
evm.TU.scaffold_5.2307,TRUE,TRUE,maternal zygotic
evm.TU.scaffold_5.2308,TRUE,TRUE,maternal zygotic
evm.TU.scaffold_5.2309,TRUE,TRUE,maternal zygotic
evm.TU.scaffold_5.231,FALSE,FALSE,neither
evm.TU.scaffold_5.2310,TRUE,TRUE,maternal zygotic
evm.TU.scaffold_5.2311,TRUE,TRUE,maternal zygotic
evm.TU.scaffold_5.2312,TRUE,TRUE,maternal zygotic
evm.TU.scaffold_5.2313,TRUE,TRUE,maternal zygotic
evm.TU.scaffold_5.2314,TRUE,TRUE,maternal zygotic
evm.TU.scaffold_5.2316,FALSE,FALSE,neither
evm.TU.scaffold_5.2317,FALSE,TRUE,zygotic
evm.TU.scaffold_5.2318,TRUE,TRUE,maternal zygotic
evm.TU.scaffold_5.2319,TRUE,TRUE,maternal zygotic
evm.TU.scaffold_5.2320,TRUE,TRUE,maternal zygotic
evm.TU.scaffold_5.2321,TRUE,TRUE,maternal zygotic
evm.TU.scaffold_5.2322,TRUE,FALSE,maternal
evm.TU.scaffold_5.2323,FALSE,FALSE,neither
evm.TU.scaffold_5.2324,FALSE,FALSE,neither
evm.TU.scaffold_5.2325,FALSE,FALSE,neither
evm.TU.scaffold_5.2326,FALSE,FALSE,neither
evm.TU.scaffold_5.2327,FALSE,FALSE,neither
evm.TU.scaffold_5.2328,FALSE,FALSE,neither
evm.TU.scaffold_5.2329,FALSE,FALSE,neither
evm.TU.scaffold_5.233,FALSE,TRUE,zygotic
evm.TU.scaffold_5.2331,FALSE,FALSE,neither
evm.TU.scaffold_5.2332_evm.TU.scaffold_5.2333,FALSE,FALSE,neither
evm.TU.scaffold_5.2334,FALSE,FALSE,neither
evm.TU.scaffold_5.2335,FALSE,FALSE,neither
evm.TU.scaffold_5.2338,FALSE,FALSE,neither
evm.TU.scaffold_5.234,FALSE,FALSE,neither
evm.TU.scaffold_5.2342,FALSE,FALSE,neither
evm.TU.scaffold_5.2344,FALSE,FALSE,neither
evm.TU.scaffold_5.2345,FALSE,FALSE,neither
evm.TU.scaffold_5.2347,FALSE,FALSE,neither
evm.TU.scaffold_5.235,TRUE,TRUE,maternal zygotic
evm.TU.scaffold_5.2352,FALSE,FALSE,neither
evm.TU.scaffold_5.2355,FALSE,FALSE,neither
evm.TU.scaffold_5.236,FALSE,FALSE,neither
evm.TU.scaffold_5.2361,FALSE,FALSE,neither
evm.TU.scaffold_5.2362,FALSE,FALSE,neither
evm.TU.scaffold_5.237,FALSE,FALSE,neither
evm.TU.scaffold_5.2371,FALSE,FALSE,neither
evm.TU.scaffold_5.2375,FALSE,FALSE,neither
evm.TU.scaffold_5.2376,FALSE,FALSE,neither
evm.TU.scaffold_5.2377,TRUE,TRUE,maternal zygotic
evm.TU.scaffold_5.2378,TRUE,TRUE,maternal zygotic
evm.TU.scaffold_5.2379,TRUE,TRUE,maternal zygotic
evm.TU.scaffold_5.238,FALSE,FALSE,neither
evm.TU.scaffold_5.2380,TRUE,TRUE,maternal zygotic
evm.TU.scaffold_5.2381,FALSE,TRUE,zygotic
evm.TU.scaffold_5.2382,TRUE,TRUE,maternal zygotic
evm.TU.scaffold_5.2383,TRUE,TRUE,maternal zygotic
evm.TU.scaffold_5.2384,TRUE,TRUE,maternal zygotic
evm.TU.scaffold_5.2385,TRUE,TRUE,maternal zygotic
evm.TU.scaffold_5.2386,TRUE,TRUE,maternal zygotic
evm.TU.scaffold_5.2387,FALSE,FALSE,neither
evm.TU.scaffold_5.2388,FALSE,FALSE,neither
evm.TU.scaffold_5.2389,TRUE,TRUE,maternal zygotic
evm.TU.scaffold_5.239,FALSE,FALSE,neither
evm.TU.scaffold_5.2390,TRUE,TRUE,maternal zygotic
evm.TU.scaffold_5.2391,TRUE,TRUE,maternal zygotic
evm.TU.scaffold_5.2392,TRUE,TRUE,maternal zygotic
evm.TU.scaffold_5.2393,TRUE,TRUE,maternal zygotic
evm.TU.scaffold_5.2394,TRUE,TRUE,maternal zygotic
evm.TU.scaffold_5.2395,TRUE,TRUE,maternal zygotic
evm.TU.scaffold_5.2396,TRUE,TRUE,maternal zygotic
evm.TU.scaffold_5.2397,FALSE,FALSE,neither
evm.TU.scaffold_5.2398,TRUE,TRUE,maternal zygotic
evm.TU.scaffold_5.2399,TRUE,TRUE,maternal zygotic
evm.TU.scaffold_5.240,TRUE,TRUE,maternal zygotic
evm.TU.scaffold_5.2400,TRUE,TRUE,maternal zygotic
evm.TU.scaffold_5.2401,TRUE,TRUE,maternal zygotic
evm.TU.scaffold_5.2402,FALSE,TRUE,zygotic
evm.TU.scaffold_5.2403,FALSE,FALSE,neither
evm.TU.scaffold_5.2404,FALSE,FALSE,neither
evm.TU.scaffold_5.2406,FALSE,FALSE,neither
evm.TU.scaffold_5.241,TRUE,TRUE,maternal zygotic
evm.TU.scaffold_5.2411,TRUE,TRUE,maternal zygotic
evm.TU.scaffold_5.2412,TRUE,TRUE,maternal zygotic
evm.TU.scaffold_5.2413,TRUE,TRUE,maternal zygotic
evm.TU.scaffold_5.2414,TRUE,TRUE,maternal zygotic
evm.TU.scaffold_5.2415,TRUE,TRUE,maternal zygotic
evm.TU.scaffold_5.242,TRUE,TRUE,maternal zygotic
evm.TU.scaffold_5.2425,FALSE,FALSE,neither
evm.TU.scaffold_5.243,TRUE,TRUE,maternal zygotic
evm.TU.scaffold_5.244,TRUE,TRUE,maternal zygotic
evm.TU.scaffold_5.245,FALSE,FALSE,neither
evm.TU.scaffold_5.246,TRUE,TRUE,maternal zygotic
evm.TU.scaffold_5.247,TRUE,TRUE,maternal zygotic
evm.TU.scaffold_5.248,TRUE,TRUE,maternal zygotic
evm.TU.scaffold_5.249,TRUE,TRUE,maternal zygotic
evm.TU.scaffold_5.25,FALSE,TRUE,zygotic
evm.TU.scaffold_5.250,TRUE,TRUE,maternal zygotic
evm.TU.scaffold_5.251_evm.TU.scaffold_5.252,FALSE,FALSE,neither
evm.TU.scaffold_5.253,FALSE,FALSE,neither
evm.TU.scaffold_5.254,FALSE,TRUE,zygotic
evm.TU.scaffold_5.256,FALSE,FALSE,neither
evm.TU.scaffold_5.257,FALSE,FALSE,neither
evm.TU.scaffold_5.258,FALSE,FALSE,neither
evm.TU.scaffold_5.259_evm.TU.scaffold_5.260,FALSE,FALSE,neither
evm.TU.scaffold_5.261,FALSE,FALSE,neither
evm.TU.scaffold_5.262,FALSE,FALSE,neither
evm.TU.scaffold_5.263,FALSE,FALSE,neither
evm.TU.scaffold_5.264,FALSE,FALSE,neither
evm.TU.scaffold_5.265,TRUE,TRUE,maternal zygotic
evm.TU.scaffold_5.266,TRUE,TRUE,maternal zygotic
evm.TU.scaffold_5.269,TRUE,TRUE,maternal zygotic
evm.TU.scaffold_5.270,TRUE,TRUE,maternal zygotic
evm.TU.scaffold_5.271,FALSE,FALSE,neither
evm.TU.scaffold_5.275,FALSE,FALSE,neither
evm.TU.scaffold_5.276,FALSE,FALSE,neither
evm.TU.scaffold_5.278,FALSE,FALSE,neither
evm.TU.scaffold_5.279,FALSE,FALSE,neither
evm.TU.scaffold_5.280,FALSE,FALSE,neither
evm.TU.scaffold_5.286,FALSE,FALSE,neither
evm.TU.scaffold_5.288,FALSE,FALSE,neither
evm.TU.scaffold_5.289,TRUE,TRUE,maternal zygotic
evm.TU.scaffold_5.29,TRUE,TRUE,maternal zygotic
evm.TU.scaffold_5.292,FALSE,FALSE,neither
evm.TU.scaffold_5.293,FALSE,FALSE,neither
evm.TU.scaffold_5.294,FALSE,FALSE,neither
evm.TU.scaffold_5.295,FALSE,FALSE,neither
evm.TU.scaffold_5.297,FALSE,FALSE,neither
evm.TU.scaffold_5.299,TRUE,TRUE,maternal zygotic
evm.TU.scaffold_5.30,TRUE,TRUE,maternal zygotic
evm.TU.scaffold_5.300,FALSE,FALSE,neither
evm.TU.scaffold_5.303,FALSE,FALSE,neither
evm.TU.scaffold_5.304,FALSE,FALSE,neither
evm.TU.scaffold_5.305,FALSE,FALSE,neither
evm.TU.scaffold_5.306,FALSE,FALSE,neither
evm.TU.scaffold_5.307,FALSE,TRUE,zygotic
evm.TU.scaffold_5.308,FALSE,FALSE,neither
evm.TU.scaffold_5.309,TRUE,TRUE,maternal zygotic
evm.TU.scaffold_5.31,TRUE,TRUE,maternal zygotic
evm.TU.scaffold_5.310,FALSE,FALSE,neither
evm.TU.scaffold_5.311,TRUE,TRUE,maternal zygotic
evm.TU.scaffold_5.313,TRUE,TRUE,maternal zygotic
evm.TU.scaffold_5.314,TRUE,TRUE,maternal zygotic
evm.TU.scaffold_5.315,FALSE,FALSE,neither
evm.TU.scaffold_5.316,FALSE,FALSE,neither
evm.TU.scaffold_5.317,FALSE,FALSE,neither
evm.TU.scaffold_5.318,FALSE,FALSE,neither
evm.TU.scaffold_5.319,FALSE,FALSE,neither
evm.TU.scaffold_5.32,FALSE,FALSE,neither
evm.TU.scaffold_5.320,FALSE,FALSE,neither
evm.TU.scaffold_5.321,FALSE,FALSE,neither
evm.TU.scaffold_5.322,FALSE,FALSE,neither
evm.TU.scaffold_5.324,FALSE,FALSE,neither
evm.TU.scaffold_5.325,FALSE,FALSE,neither
evm.TU.scaffold_5.326,FALSE,FALSE,neither
evm.TU.scaffold_5.327,FALSE,FALSE,neither
evm.TU.scaffold_5.328,FALSE,FALSE,neither
evm.TU.scaffold_5.329,FALSE,TRUE,zygotic
evm.TU.scaffold_5.33,FALSE,FALSE,neither
evm.TU.scaffold_5.330,FALSE,FALSE,neither
evm.TU.scaffold_5.333,FALSE,FALSE,neither
evm.TU.scaffold_5.334,TRUE,TRUE,maternal zygotic
evm.TU.scaffold_5.335,FALSE,FALSE,neither
evm.TU.scaffold_5.337,TRUE,TRUE,maternal zygotic
evm.TU.scaffold_5.338,TRUE,TRUE,maternal zygotic
evm.TU.scaffold_5.339,FALSE,FALSE,neither
evm.TU.scaffold_5.34,FALSE,FALSE,neither
evm.TU.scaffold_5.340,FALSE,FALSE,neither
evm.TU.scaffold_5.341,FALSE,FALSE,neither
evm.TU.scaffold_5.342,FALSE,FALSE,neither
evm.TU.scaffold_5.343,FALSE,FALSE,neither
evm.TU.scaffold_5.344,FALSE,FALSE,neither
evm.TU.scaffold_5.345,FALSE,FALSE,neither
evm.TU.scaffold_5.347,FALSE,FALSE,neither
evm.TU.scaffold_5.349,FALSE,FALSE,neither
evm.TU.scaffold_5.35,TRUE,TRUE,maternal zygotic
evm.TU.scaffold_5.350,FALSE,FALSE,neither
evm.TU.scaffold_5.351,TRUE,TRUE,maternal zygotic
evm.TU.scaffold_5.352,TRUE,TRUE,maternal zygotic
evm.TU.scaffold_5.353,TRUE,TRUE,maternal zygotic
evm.TU.scaffold_5.354,TRUE,TRUE,maternal zygotic
evm.TU.scaffold_5.355,TRUE,TRUE,maternal zygotic
evm.TU.scaffold_5.356,TRUE,TRUE,maternal zygotic
evm.TU.scaffold_5.357,FALSE,FALSE,neither
evm.TU.scaffold_5.358,TRUE,TRUE,maternal zygotic
evm.TU.scaffold_5.359_evm.TU.scaffold_5.361,FALSE,FALSE,neither
evm.TU.scaffold_5.36,FALSE,FALSE,neither
evm.TU.scaffold_5.360,FALSE,FALSE,neither
evm.TU.scaffold_5.362,FALSE,FALSE,neither
evm.TU.scaffold_5.363,FALSE,FALSE,neither
evm.TU.scaffold_5.364,FALSE,FALSE,neither
evm.TU.scaffold_5.365,FALSE,FALSE,neither
evm.TU.scaffold_5.366,FALSE,FALSE,neither
evm.TU.scaffold_5.367,FALSE,FALSE,neither
evm.TU.scaffold_5.368,TRUE,TRUE,maternal zygotic
evm.TU.scaffold_5.369,TRUE,TRUE,maternal zygotic
evm.TU.scaffold_5.37,FALSE,FALSE,neither
evm.TU.scaffold_5.370,TRUE,TRUE,maternal zygotic
evm.TU.scaffold_5.371,TRUE,TRUE,maternal zygotic
evm.TU.scaffold_5.372,FALSE,FALSE,neither
evm.TU.scaffold_5.373,FALSE,FALSE,neither
evm.TU.scaffold_5.374,FALSE,FALSE,neither
evm.TU.scaffold_5.377,FALSE,FALSE,neither
evm.TU.scaffold_5.378,FALSE,FALSE,neither
evm.TU.scaffold_5.379,FALSE,FALSE,neither
evm.TU.scaffold_5.380,FALSE,TRUE,zygotic
evm.TU.scaffold_5.382,FALSE,FALSE,neither
evm.TU.scaffold_5.383,FALSE,FALSE,neither
evm.TU.scaffold_5.388,FALSE,FALSE,neither
evm.TU.scaffold_5.389,FALSE,FALSE,neither
evm.TU.scaffold_5.39,TRUE,TRUE,maternal zygotic
evm.TU.scaffold_5.390,FALSE,FALSE,neither
evm.TU.scaffold_5.392,FALSE,FALSE,neither
evm.TU.scaffold_5.394,FALSE,FALSE,neither
evm.TU.scaffold_5.396,TRUE,FALSE,maternal
evm.TU.scaffold_5.397,TRUE,TRUE,maternal zygotic
evm.TU.scaffold_5.398,TRUE,TRUE,maternal zygotic
evm.TU.scaffold_5.399,TRUE,TRUE,maternal zygotic
evm.TU.scaffold_5.40,TRUE,TRUE,maternal zygotic
evm.TU.scaffold_5.400,TRUE,TRUE,maternal zygotic
evm.TU.scaffold_5.401,TRUE,TRUE,maternal zygotic
evm.TU.scaffold_5.402,FALSE,FALSE,neither
evm.TU.scaffold_5.403,FALSE,TRUE,zygotic
evm.TU.scaffold_5.404,TRUE,TRUE,maternal zygotic
evm.TU.scaffold_5.405,TRUE,TRUE,maternal zygotic
evm.TU.scaffold_5.406,TRUE,TRUE,maternal zygotic
evm.TU.scaffold_5.407,FALSE,TRUE,zygotic
evm.TU.scaffold_5.409,FALSE,TRUE,zygotic
evm.TU.scaffold_5.41,FALSE,FALSE,neither
evm.TU.scaffold_5.410,FALSE,TRUE,zygotic
evm.TU.scaffold_5.412,FALSE,TRUE,zygotic
evm.TU.scaffold_5.415,FALSE,TRUE,zygotic
evm.TU.scaffold_5.416,FALSE,FALSE,neither
evm.TU.scaffold_5.417,FALSE,FALSE,neither
evm.TU.scaffold_5.418,FALSE,FALSE,neither
evm.TU.scaffold_5.419,TRUE,TRUE,maternal zygotic
evm.TU.scaffold_5.42,FALSE,FALSE,neither
evm.TU.scaffold_5.420,TRUE,TRUE,maternal zygotic
evm.TU.scaffold_5.421,FALSE,FALSE,neither
evm.TU.scaffold_5.422,TRUE,TRUE,maternal zygotic
evm.TU.scaffold_5.424,TRUE,TRUE,maternal zygotic
evm.TU.scaffold_5.425,FALSE,FALSE,neither
evm.TU.scaffold_5.426,FALSE,FALSE,neither
evm.TU.scaffold_5.427,FALSE,FALSE,neither
evm.TU.scaffold_5.43,FALSE,FALSE,neither
evm.TU.scaffold_5.430,FALSE,FALSE,neither
evm.TU.scaffold_5.431,FALSE,FALSE,neither
evm.TU.scaffold_5.432,FALSE,FALSE,neither
evm.TU.scaffold_5.433_evm.TU.scaffold_5.435,FALSE,FALSE,neither
evm.TU.scaffold_5.434,FALSE,FALSE,neither
evm.TU.scaffold_5.436,FALSE,FALSE,neither
evm.TU.scaffold_5.437,FALSE,FALSE,neither
evm.TU.scaffold_5.438,FALSE,FALSE,neither
evm.TU.scaffold_5.439,FALSE,FALSE,neither
evm.TU.scaffold_5.44,FALSE,FALSE,neither
evm.TU.scaffold_5.440,FALSE,FALSE,neither
evm.TU.scaffold_5.441,FALSE,TRUE,zygotic
evm.TU.scaffold_5.442,FALSE,FALSE,neither
evm.TU.scaffold_5.443,FALSE,FALSE,neither
evm.TU.scaffold_5.444,FALSE,FALSE,neither
evm.TU.scaffold_5.445,FALSE,FALSE,neither
evm.TU.scaffold_5.446,FALSE,FALSE,neither
evm.TU.scaffold_5.447,FALSE,FALSE,neither
evm.TU.scaffold_5.448,FALSE,FALSE,neither
evm.TU.scaffold_5.45,FALSE,FALSE,neither
evm.TU.scaffold_5.450,FALSE,FALSE,neither
evm.TU.scaffold_5.451,FALSE,FALSE,neither
evm.TU.scaffold_5.452,TRUE,TRUE,maternal zygotic
evm.TU.scaffold_5.453,TRUE,TRUE,maternal zygotic
evm.TU.scaffold_5.454,FALSE,FALSE,neither
evm.TU.scaffold_5.455,TRUE,FALSE,maternal
evm.TU.scaffold_5.456,TRUE,FALSE,maternal
evm.TU.scaffold_5.457,TRUE,TRUE,maternal zygotic
evm.TU.scaffold_5.458,TRUE,TRUE,maternal zygotic
evm.TU.scaffold_5.459,TRUE,TRUE,maternal zygotic
evm.TU.scaffold_5.46,FALSE,FALSE,neither
evm.TU.scaffold_5.460,TRUE,TRUE,maternal zygotic
evm.TU.scaffold_5.461,FALSE,FALSE,neither
evm.TU.scaffold_5.462,FALSE,FALSE,neither
evm.TU.scaffold_5.464,TRUE,TRUE,maternal zygotic
evm.TU.scaffold_5.465,FALSE,FALSE,neither
evm.TU.scaffold_5.466,FALSE,FALSE,neither
evm.TU.scaffold_5.467,FALSE,FALSE,neither
evm.TU.scaffold_5.468,FALSE,FALSE,neither
evm.TU.scaffold_5.469,FALSE,FALSE,neither
evm.TU.scaffold_5.47,FALSE,FALSE,neither
evm.TU.scaffold_5.470,FALSE,FALSE,neither
evm.TU.scaffold_5.471_evm.TU.scaffold_5.472_evm.TU.scaffold_5.474,TRUE,TRUE,maternal zygotic
evm.TU.scaffold_5.473,FALSE,FALSE,neither
evm.TU.scaffold_5.475,FALSE,FALSE,neither
evm.TU.scaffold_5.476,TRUE,TRUE,maternal zygotic
evm.TU.scaffold_5.478,FALSE,FALSE,neither
evm.TU.scaffold_5.479,FALSE,FALSE,neither
evm.TU.scaffold_5.48,FALSE,TRUE,zygotic
evm.TU.scaffold_5.480,TRUE,TRUE,maternal zygotic
evm.TU.scaffold_5.481,TRUE,TRUE,maternal zygotic
evm.TU.scaffold_5.482,FALSE,FALSE,neither
evm.TU.scaffold_5.483,TRUE,FALSE,maternal
evm.TU.scaffold_5.49,FALSE,FALSE,neither
evm.TU.scaffold_5.490,FALSE,FALSE,neither
evm.TU.scaffold_5.491,FALSE,FALSE,neither
evm.TU.scaffold_5.492,FALSE,FALSE,neither
evm.TU.scaffold_5.493,TRUE,TRUE,maternal zygotic
evm.TU.scaffold_5.494,TRUE,TRUE,maternal zygotic
evm.TU.scaffold_5.495,TRUE,TRUE,maternal zygotic
evm.TU.scaffold_5.496,TRUE,TRUE,maternal zygotic
evm.TU.scaffold_5.497,TRUE,TRUE,maternal zygotic
evm.TU.scaffold_5.498,TRUE,TRUE,maternal zygotic
evm.TU.scaffold_5.50,FALSE,TRUE,zygotic
evm.TU.scaffold_5.500,FALSE,FALSE,neither
evm.TU.scaffold_5.501,FALSE,FALSE,neither
evm.TU.scaffold_5.502,FALSE,FALSE,neither
evm.TU.scaffold_5.503,FALSE,FALSE,neither
evm.TU.scaffold_5.504,FALSE,FALSE,neither
evm.TU.scaffold_5.505,TRUE,TRUE,maternal zygotic
evm.TU.scaffold_5.506,TRUE,TRUE,maternal zygotic
evm.TU.scaffold_5.508,FALSE,FALSE,neither
evm.TU.scaffold_5.509,FALSE,FALSE,neither
evm.TU.scaffold_5.51,FALSE,FALSE,neither
evm.TU.scaffold_5.510,FALSE,FALSE,neither
evm.TU.scaffold_5.511,TRUE,TRUE,maternal zygotic
evm.TU.scaffold_5.513,TRUE,TRUE,maternal zygotic
evm.TU.scaffold_5.514,TRUE,TRUE,maternal zygotic
evm.TU.scaffold_5.515,TRUE,TRUE,maternal zygotic
evm.TU.scaffold_5.516,FALSE,FALSE,neither
evm.TU.scaffold_5.519,FALSE,FALSE,neither
evm.TU.scaffold_5.52,FALSE,FALSE,neither
evm.TU.scaffold_5.520,FALSE,FALSE,neither
evm.TU.scaffold_5.521,FALSE,FALSE,neither
evm.TU.scaffold_5.522,FALSE,FALSE,neither
evm.TU.scaffold_5.523,FALSE,TRUE,zygotic
evm.TU.scaffold_5.525,FALSE,FALSE,neither
evm.TU.scaffold_5.527,FALSE,TRUE,zygotic
evm.TU.scaffold_5.528,TRUE,TRUE,maternal zygotic
evm.TU.scaffold_5.529,FALSE,TRUE,zygotic
evm.TU.scaffold_5.53,TRUE,TRUE,maternal zygotic
evm.TU.scaffold_5.530,TRUE,TRUE,maternal zygotic
evm.TU.scaffold_5.531,TRUE,TRUE,maternal zygotic
evm.TU.scaffold_5.532,TRUE,TRUE,maternal zygotic
evm.TU.scaffold_5.533,TRUE,TRUE,maternal zygotic
evm.TU.scaffold_5.534,TRUE,TRUE,maternal zygotic
evm.TU.scaffold_5.535,TRUE,TRUE,maternal zygotic
evm.TU.scaffold_5.536,FALSE,FALSE,neither
evm.TU.scaffold_5.537,TRUE,TRUE,maternal zygotic
evm.TU.scaffold_5.538,TRUE,TRUE,maternal zygotic
evm.TU.scaffold_5.539,TRUE,TRUE,maternal zygotic
evm.TU.scaffold_5.54,FALSE,FALSE,neither
evm.TU.scaffold_5.543,FALSE,FALSE,neither
evm.TU.scaffold_5.544,TRUE,TRUE,maternal zygotic
evm.TU.scaffold_5.545,TRUE,TRUE,maternal zygotic
evm.TU.scaffold_5.546,TRUE,TRUE,maternal zygotic
evm.TU.scaffold_5.549,FALSE,FALSE,neither
evm.TU.scaffold_5.55,FALSE,FALSE,neither
evm.TU.scaffold_5.550,TRUE,TRUE,maternal zygotic
evm.TU.scaffold_5.551,TRUE,TRUE,maternal zygotic
evm.TU.scaffold_5.552,FALSE,TRUE,zygotic
evm.TU.scaffold_5.553,FALSE,FALSE,neither
evm.TU.scaffold_5.554_evm.TU.scaffold_5.555_evm.TU.scaffold_5.554,TRUE,TRUE,maternal zygotic
evm.TU.scaffold_5.557,FALSE,FALSE,neither
evm.TU.scaffold_5.558,FALSE,FALSE,neither
evm.TU.scaffold_5.559,FALSE,FALSE,neither
evm.TU.scaffold_5.56,FALSE,FALSE,neither
evm.TU.scaffold_5.560,FALSE,TRUE,zygotic
evm.TU.scaffold_5.561,FALSE,FALSE,neither
evm.TU.scaffold_5.563,FALSE,FALSE,neither
evm.TU.scaffold_5.564,FALSE,FALSE,neither
evm.TU.scaffold_5.565,FALSE,FALSE,neither
evm.TU.scaffold_5.566,FALSE,FALSE,neither
evm.TU.scaffold_5.567,FALSE,FALSE,neither
evm.TU.scaffold_5.568,FALSE,FALSE,neither
evm.TU.scaffold_5.569,FALSE,TRUE,zygotic
evm.TU.scaffold_5.570,FALSE,FALSE,neither
evm.TU.scaffold_5.571,FALSE,FALSE,neither
evm.TU.scaffold_5.572,FALSE,FALSE,neither
evm.TU.scaffold_5.574,FALSE,FALSE,neither
evm.TU.scaffold_5.575,FALSE,TRUE,zygotic
evm.TU.scaffold_5.576,FALSE,TRUE,zygotic
evm.TU.scaffold_5.578,TRUE,TRUE,maternal zygotic
evm.TU.scaffold_5.579,TRUE,TRUE,maternal zygotic
evm.TU.scaffold_5.58,FALSE,FALSE,neither
evm.TU.scaffold_5.580,TRUE,TRUE,maternal zygotic
evm.TU.scaffold_5.581,TRUE,TRUE,maternal zygotic
evm.TU.scaffold_5.582,TRUE,TRUE,maternal zygotic
evm.TU.scaffold_5.583,TRUE,TRUE,maternal zygotic
evm.TU.scaffold_5.584,TRUE,TRUE,maternal zygotic
evm.TU.scaffold_5.585,TRUE,TRUE,maternal zygotic
evm.TU.scaffold_5.586,FALSE,FALSE,neither
evm.TU.scaffold_5.587,TRUE,TRUE,maternal zygotic
evm.TU.scaffold_5.588,FALSE,FALSE,neither
evm.TU.scaffold_5.589,FALSE,FALSE,neither
evm.TU.scaffold_5.59,TRUE,TRUE,maternal zygotic
evm.TU.scaffold_5.590,TRUE,TRUE,maternal zygotic
evm.TU.scaffold_5.591,TRUE,TRUE,maternal zygotic
evm.TU.scaffold_5.592,TRUE,FALSE,maternal
evm.TU.scaffold_5.597,FALSE,FALSE,neither
evm.TU.scaffold_5.599,FALSE,FALSE,neither
evm.TU.scaffold_5.60,FALSE,FALSE,neither
evm.TU.scaffold_5.600,FALSE,FALSE,neither
evm.TU.scaffold_5.603,FALSE,FALSE,neither
evm.TU.scaffold_5.604,FALSE,FALSE,neither
evm.TU.scaffold_5.605,FALSE,FALSE,neither
evm.TU.scaffold_5.606,FALSE,FALSE,neither
evm.TU.scaffold_5.607,FALSE,FALSE,neither
evm.TU.scaffold_5.608,FALSE,FALSE,neither
evm.TU.scaffold_5.609,FALSE,FALSE,neither
evm.TU.scaffold_5.61,FALSE,FALSE,neither
evm.TU.scaffold_5.610,FALSE,FALSE,neither
evm.TU.scaffold_5.611,FALSE,FALSE,neither
evm.TU.scaffold_5.612,TRUE,TRUE,maternal zygotic
evm.TU.scaffold_5.613,TRUE,TRUE,maternal zygotic
evm.TU.scaffold_5.614,FALSE,FALSE,neither
evm.TU.scaffold_5.615,FALSE,FALSE,neither
evm.TU.scaffold_5.616,FALSE,FALSE,neither
evm.TU.scaffold_5.617,FALSE,FALSE,neither
evm.TU.scaffold_5.618,FALSE,FALSE,neither
evm.TU.scaffold_5.619,FALSE,FALSE,neither
evm.TU.scaffold_5.62,FALSE,TRUE,zygotic
evm.TU.scaffold_5.620,FALSE,FALSE,neither
evm.TU.scaffold_5.623,FALSE,FALSE,neither
evm.TU.scaffold_5.624,TRUE,TRUE,maternal zygotic
evm.TU.scaffold_5.625,TRUE,TRUE,maternal zygotic
evm.TU.scaffold_5.626,TRUE,TRUE,maternal zygotic
evm.TU.scaffold_5.627,FALSE,FALSE,neither
evm.TU.scaffold_5.628,FALSE,FALSE,neither
evm.TU.scaffold_5.629,TRUE,TRUE,maternal zygotic
evm.TU.scaffold_5.63,TRUE,TRUE,maternal zygotic
evm.TU.scaffold_5.630,TRUE,TRUE,maternal zygotic
evm.TU.scaffold_5.631,TRUE,TRUE,maternal zygotic
evm.TU.scaffold_5.632,TRUE,TRUE,maternal zygotic
evm.TU.scaffold_5.633,TRUE,TRUE,maternal zygotic
evm.TU.scaffold_5.634,TRUE,TRUE,maternal zygotic
evm.TU.scaffold_5.635,TRUE,TRUE,maternal zygotic
evm.TU.scaffold_5.636,FALSE,FALSE,neither
evm.TU.scaffold_5.637,FALSE,FALSE,neither
evm.TU.scaffold_5.638,TRUE,TRUE,maternal zygotic
evm.TU.scaffold_5.639,TRUE,TRUE,maternal zygotic
evm.TU.scaffold_5.64,FALSE,FALSE,neither
evm.TU.scaffold_5.640,TRUE,TRUE,maternal zygotic
evm.TU.scaffold_5.641,TRUE,TRUE,maternal zygotic
evm.TU.scaffold_5.642,TRUE,TRUE,maternal zygotic
evm.TU.scaffold_5.643,TRUE,TRUE,maternal zygotic
evm.TU.scaffold_5.644,TRUE,TRUE,maternal zygotic
evm.TU.scaffold_5.646,FALSE,FALSE,neither
evm.TU.scaffold_5.647,TRUE,TRUE,maternal zygotic
evm.TU.scaffold_5.648,TRUE,TRUE,maternal zygotic
evm.TU.scaffold_5.649,TRUE,TRUE,maternal zygotic
evm.TU.scaffold_5.65,TRUE,TRUE,maternal zygotic
evm.TU.scaffold_5.650,TRUE,TRUE,maternal zygotic
evm.TU.scaffold_5.651,TRUE,TRUE,maternal zygotic
evm.TU.scaffold_5.652,FALSE,FALSE,neither
evm.TU.scaffold_5.653,TRUE,TRUE,maternal zygotic
evm.TU.scaffold_5.654,FALSE,FALSE,neither
evm.TU.scaffold_5.655,FALSE,FALSE,neither
evm.TU.scaffold_5.656,TRUE,TRUE,maternal zygotic
evm.TU.scaffold_5.657,TRUE,TRUE,maternal zygotic
evm.TU.scaffold_5.66,FALSE,TRUE,zygotic
evm.TU.scaffold_5.661,FALSE,FALSE,neither
evm.TU.scaffold_5.662,TRUE,TRUE,maternal zygotic
evm.TU.scaffold_5.663,FALSE,FALSE,neither
evm.TU.scaffold_5.664,FALSE,FALSE,neither
evm.TU.scaffold_5.665_evm.TU.scaffold_5.666,TRUE,TRUE,maternal zygotic
evm.TU.scaffold_5.667,FALSE,FALSE,neither
evm.TU.scaffold_5.668,FALSE,FALSE,neither
evm.TU.scaffold_5.67,TRUE,TRUE,maternal zygotic
evm.TU.scaffold_5.670,TRUE,TRUE,maternal zygotic
evm.TU.scaffold_5.671,FALSE,FALSE,neither
evm.TU.scaffold_5.672,TRUE,TRUE,maternal zygotic
evm.TU.scaffold_5.673,FALSE,FALSE,neither
evm.TU.scaffold_5.674,FALSE,FALSE,neither
evm.TU.scaffold_5.676,FALSE,FALSE,neither
evm.TU.scaffold_5.677,FALSE,FALSE,neither
evm.TU.scaffold_5.678,FALSE,FALSE,neither
evm.TU.scaffold_5.679,FALSE,FALSE,neither
evm.TU.scaffold_5.68,FALSE,TRUE,zygotic
evm.TU.scaffold_5.680,FALSE,FALSE,neither
evm.TU.scaffold_5.681,TRUE,TRUE,maternal zygotic
evm.TU.scaffold_5.682,FALSE,FALSE,neither
evm.TU.scaffold_5.683,TRUE,TRUE,maternal zygotic
evm.TU.scaffold_5.684,FALSE,FALSE,neither
evm.TU.scaffold_5.685,FALSE,FALSE,neither
evm.TU.scaffold_5.686,FALSE,FALSE,neither
evm.TU.scaffold_5.687,TRUE,TRUE,maternal zygotic
evm.TU.scaffold_5.688,TRUE,TRUE,maternal zygotic
evm.TU.scaffold_5.690_evm.TU.scaffold_5.691,FALSE,FALSE,neither
evm.TU.scaffold_5.692,FALSE,FALSE,neither
evm.TU.scaffold_5.693_evm.TU.scaffold_5.689,FALSE,FALSE,neither
evm.TU.scaffold_5.694,FALSE,FALSE,neither
evm.TU.scaffold_5.695,FALSE,FALSE,neither
evm.TU.scaffold_5.696,FALSE,FALSE,neither
evm.TU.scaffold_5.697_evm.TU.scaffold_5.698,FALSE,FALSE,neither
evm.TU.scaffold_5.699,FALSE,FALSE,neither
evm.TU.scaffold_5.7,FALSE,FALSE,neither
evm.TU.scaffold_5.70,FALSE,FALSE,neither
evm.TU.scaffold_5.700,FALSE,TRUE,zygotic
evm.TU.scaffold_5.702_evm.TU.scaffold_5.703,FALSE,TRUE,zygotic
evm.TU.scaffold_5.704,FALSE,FALSE,neither
evm.TU.scaffold_5.705,FALSE,FALSE,neither
evm.TU.scaffold_5.706,FALSE,FALSE,neither
evm.TU.scaffold_5.707_evm.TU.scaffold_5.708,FALSE,FALSE,neither
evm.TU.scaffold_5.709,FALSE,TRUE,zygotic
evm.TU.scaffold_5.710,FALSE,FALSE,neither
evm.TU.scaffold_5.711,FALSE,TRUE,zygotic
evm.TU.scaffold_5.712,FALSE,FALSE,neither
evm.TU.scaffold_5.714,FALSE,FALSE,neither
evm.TU.scaffold_5.717,TRUE,TRUE,maternal zygotic
evm.TU.scaffold_5.718,TRUE,TRUE,maternal zygotic
evm.TU.scaffold_5.719,FALSE,TRUE,zygotic
evm.TU.scaffold_5.720,FALSE,FALSE,neither
evm.TU.scaffold_5.722,TRUE,TRUE,maternal zygotic
evm.TU.scaffold_5.723,TRUE,TRUE,maternal zygotic
evm.TU.scaffold_5.724,TRUE,TRUE,maternal zygotic
evm.TU.scaffold_5.725,TRUE,TRUE,maternal zygotic
evm.TU.scaffold_5.726,TRUE,TRUE,maternal zygotic
evm.TU.scaffold_5.727,TRUE,TRUE,maternal zygotic
evm.TU.scaffold_5.728,FALSE,FALSE,neither
evm.TU.scaffold_5.729,TRUE,TRUE,maternal zygotic
evm.TU.scaffold_5.731,TRUE,TRUE,maternal zygotic
evm.TU.scaffold_5.732,TRUE,TRUE,maternal zygotic
evm.TU.scaffold_5.733,TRUE,TRUE,maternal zygotic
evm.TU.scaffold_5.734,FALSE,FALSE,neither
evm.TU.scaffold_5.735,TRUE,TRUE,maternal zygotic
evm.TU.scaffold_5.740,TRUE,TRUE,maternal zygotic
evm.TU.scaffold_5.741,FALSE,TRUE,zygotic
evm.TU.scaffold_5.742,TRUE,TRUE,maternal zygotic
evm.TU.scaffold_5.743,TRUE,TRUE,maternal zygotic
evm.TU.scaffold_5.744,TRUE,TRUE,maternal zygotic
evm.TU.scaffold_5.745,FALSE,FALSE,neither
evm.TU.scaffold_5.747,TRUE,TRUE,maternal zygotic
evm.TU.scaffold_5.748,TRUE,TRUE,maternal zygotic
evm.TU.scaffold_5.749,FALSE,FALSE,neither
evm.TU.scaffold_5.750,FALSE,FALSE,neither
evm.TU.scaffold_5.751,TRUE,TRUE,maternal zygotic
evm.TU.scaffold_5.752,FALSE,FALSE,neither
evm.TU.scaffold_5.753,FALSE,FALSE,neither
evm.TU.scaffold_5.754,FALSE,FALSE,neither
evm.TU.scaffold_5.755,FALSE,TRUE,zygotic
evm.TU.scaffold_5.756,FALSE,FALSE,neither
evm.TU.scaffold_5.757,TRUE,TRUE,maternal zygotic
evm.TU.scaffold_5.75_evm.TU.scaffold_5.76_evm.TU.scaffold_5.77_evm.TU.scaffold_5.78_evm.TU.scaffold_5.74,FALSE,FALSE,neither
evm.TU.scaffold_5.760,FALSE,FALSE,neither
evm.TU.scaffold_5.761,FALSE,FALSE,neither
evm.TU.scaffold_5.764,FALSE,FALSE,neither
evm.TU.scaffold_5.767,FALSE,FALSE,neither
evm.TU.scaffold_5.768,TRUE,TRUE,maternal zygotic
evm.TU.scaffold_5.769,TRUE,TRUE,maternal zygotic
evm.TU.scaffold_5.770,FALSE,FALSE,neither
evm.TU.scaffold_5.771,FALSE,FALSE,neither
evm.TU.scaffold_5.772,TRUE,TRUE,maternal zygotic
evm.TU.scaffold_5.773,FALSE,FALSE,neither
evm.TU.scaffold_5.774,FALSE,FALSE,neither
evm.TU.scaffold_5.775,TRUE,TRUE,maternal zygotic
evm.TU.scaffold_5.776,TRUE,TRUE,maternal zygotic
evm.TU.scaffold_5.778,FALSE,TRUE,zygotic
evm.TU.scaffold_5.779,TRUE,TRUE,maternal zygotic
evm.TU.scaffold_5.780,TRUE,TRUE,maternal zygotic
evm.TU.scaffold_5.782,TRUE,TRUE,maternal zygotic
evm.TU.scaffold_5.783,FALSE,FALSE,neither
evm.TU.scaffold_5.784,FALSE,FALSE,neither
evm.TU.scaffold_5.785,FALSE,TRUE,zygotic
evm.TU.scaffold_5.788,TRUE,TRUE,maternal zygotic
evm.TU.scaffold_5.790,FALSE,FALSE,neither
evm.TU.scaffold_5.792,TRUE,TRUE,maternal zygotic
evm.TU.scaffold_5.796,TRUE,TRUE,maternal zygotic
evm.TU.scaffold_5.797,FALSE,TRUE,zygotic
evm.TU.scaffold_5.798,FALSE,TRUE,zygotic
evm.TU.scaffold_5.799,FALSE,TRUE,zygotic
evm.TU.scaffold_5.79_evm.TU.scaffold_5.80,FALSE,FALSE,neither
evm.TU.scaffold_5.800,FALSE,TRUE,zygotic
evm.TU.scaffold_5.801,TRUE,TRUE,maternal zygotic
evm.TU.scaffold_5.802,TRUE,TRUE,maternal zygotic
evm.TU.scaffold_5.803,TRUE,TRUE,maternal zygotic
evm.TU.scaffold_5.804,FALSE,FALSE,neither
evm.TU.scaffold_5.805,FALSE,FALSE,neither
evm.TU.scaffold_5.807,FALSE,FALSE,neither
evm.TU.scaffold_5.808,FALSE,FALSE,neither
evm.TU.scaffold_5.809,FALSE,FALSE,neither
evm.TU.scaffold_5.81,FALSE,FALSE,neither
evm.TU.scaffold_5.810,FALSE,FALSE,neither
evm.TU.scaffold_5.811,FALSE,FALSE,neither
evm.TU.scaffold_5.813,FALSE,FALSE,neither
evm.TU.scaffold_5.815,FALSE,FALSE,neither
evm.TU.scaffold_5.816,FALSE,TRUE,zygotic
evm.TU.scaffold_5.817,FALSE,FALSE,neither
evm.TU.scaffold_5.818,FALSE,TRUE,zygotic
evm.TU.scaffold_5.819,TRUE,TRUE,maternal zygotic
evm.TU.scaffold_5.82,TRUE,TRUE,maternal zygotic
evm.TU.scaffold_5.825,FALSE,FALSE,neither
evm.TU.scaffold_5.826,TRUE,TRUE,maternal zygotic
evm.TU.scaffold_5.827,TRUE,TRUE,maternal zygotic
evm.TU.scaffold_5.828,TRUE,TRUE,maternal zygotic
evm.TU.scaffold_5.829,TRUE,TRUE,maternal zygotic
evm.TU.scaffold_5.83,TRUE,TRUE,maternal zygotic
evm.TU.scaffold_5.830,TRUE,TRUE,maternal zygotic
evm.TU.scaffold_5.831,FALSE,FALSE,neither
evm.TU.scaffold_5.833,FALSE,FALSE,neither
evm.TU.scaffold_5.836,FALSE,FALSE,neither
evm.TU.scaffold_5.837,FALSE,FALSE,neither
evm.TU.scaffold_5.838,FALSE,FALSE,neither
evm.TU.scaffold_5.839,TRUE,TRUE,maternal zygotic
evm.TU.scaffold_5.84,FALSE,FALSE,neither
evm.TU.scaffold_5.840,FALSE,TRUE,zygotic
evm.TU.scaffold_5.841,TRUE,TRUE,maternal zygotic
evm.TU.scaffold_5.842,TRUE,TRUE,maternal zygotic
evm.TU.scaffold_5.843,FALSE,FALSE,neither
evm.TU.scaffold_5.844,FALSE,TRUE,zygotic
evm.TU.scaffold_5.848,FALSE,FALSE,neither
evm.TU.scaffold_5.849,FALSE,TRUE,zygotic
evm.TU.scaffold_5.85,TRUE,TRUE,maternal zygotic
evm.TU.scaffold_5.852,FALSE,TRUE,zygotic
evm.TU.scaffold_5.853,TRUE,TRUE,maternal zygotic
evm.TU.scaffold_5.854,FALSE,TRUE,zygotic
evm.TU.scaffold_5.855,FALSE,FALSE,neither
evm.TU.scaffold_5.856,FALSE,TRUE,zygotic
evm.TU.scaffold_5.857,TRUE,TRUE,maternal zygotic
evm.TU.scaffold_5.858,TRUE,TRUE,maternal zygotic
evm.TU.scaffold_5.86,FALSE,FALSE,neither
evm.TU.scaffold_5.862,TRUE,TRUE,maternal zygotic
evm.TU.scaffold_5.864,TRUE,TRUE,maternal zygotic
evm.TU.scaffold_5.865,FALSE,FALSE,neither
evm.TU.scaffold_5.866,FALSE,FALSE,neither
evm.TU.scaffold_5.867,FALSE,FALSE,neither
evm.TU.scaffold_5.868,FALSE,FALSE,neither
evm.TU.scaffold_5.869,FALSE,FALSE,neither
evm.TU.scaffold_5.87,FALSE,FALSE,neither
evm.TU.scaffold_5.872,FALSE,FALSE,neither
evm.TU.scaffold_5.873,FALSE,FALSE,neither
evm.TU.scaffold_5.874,FALSE,FALSE,neither
evm.TU.scaffold_5.875,TRUE,TRUE,maternal zygotic
evm.TU.scaffold_5.876,FALSE,FALSE,neither
evm.TU.scaffold_5.878,TRUE,TRUE,maternal zygotic
evm.TU.scaffold_5.879,TRUE,TRUE,maternal zygotic
evm.TU.scaffold_5.88,FALSE,FALSE,neither
evm.TU.scaffold_5.880,FALSE,TRUE,zygotic
evm.TU.scaffold_5.881,FALSE,FALSE,neither
evm.TU.scaffold_5.883,FALSE,TRUE,zygotic
evm.TU.scaffold_5.884,FALSE,FALSE,neither
evm.TU.scaffold_5.886,FALSE,FALSE,neither
evm.TU.scaffold_5.887,FALSE,FALSE,neither
evm.TU.scaffold_5.89,FALSE,FALSE,neither
evm.TU.scaffold_5.891,TRUE,TRUE,maternal zygotic
evm.TU.scaffold_5.892,FALSE,FALSE,neither
evm.TU.scaffold_5.893,FALSE,FALSE,neither
evm.TU.scaffold_5.894,FALSE,FALSE,neither
evm.TU.scaffold_5.896,FALSE,FALSE,neither
evm.TU.scaffold_5.898,FALSE,TRUE,zygotic
evm.TU.scaffold_5.899,FALSE,FALSE,neither
evm.TU.scaffold_5.9,FALSE,FALSE,neither
evm.TU.scaffold_5.90,FALSE,FALSE,neither
evm.TU.scaffold_5.900,FALSE,FALSE,neither
evm.TU.scaffold_5.901,FALSE,FALSE,neither
evm.TU.scaffold_5.902,TRUE,TRUE,maternal zygotic
evm.TU.scaffold_5.903,FALSE,FALSE,neither
evm.TU.scaffold_5.904,TRUE,TRUE,maternal zygotic
evm.TU.scaffold_5.905,FALSE,FALSE,neither
evm.TU.scaffold_5.906,FALSE,FALSE,neither
evm.TU.scaffold_5.907,FALSE,FALSE,neither
evm.TU.scaffold_5.908,FALSE,FALSE,neither
evm.TU.scaffold_5.909,FALSE,FALSE,neither
evm.TU.scaffold_5.91,FALSE,FALSE,neither
evm.TU.scaffold_5.910,FALSE,FALSE,neither
evm.TU.scaffold_5.912,TRUE,TRUE,maternal zygotic
evm.TU.scaffold_5.913,TRUE,FALSE,maternal
evm.TU.scaffold_5.914,TRUE,TRUE,maternal zygotic
evm.TU.scaffold_5.915,TRUE,TRUE,maternal zygotic
evm.TU.scaffold_5.916,TRUE,TRUE,maternal zygotic
evm.TU.scaffold_5.917,TRUE,FALSE,maternal
evm.TU.scaffold_5.918,FALSE,FALSE,neither
evm.TU.scaffold_5.919,FALSE,FALSE,neither
evm.TU.scaffold_5.92,TRUE,TRUE,maternal zygotic
evm.TU.scaffold_5.920,TRUE,TRUE,maternal zygotic
evm.TU.scaffold_5.921,FALSE,FALSE,neither
evm.TU.scaffold_5.922,FALSE,FALSE,neither
evm.TU.scaffold_5.923,FALSE,FALSE,neither
evm.TU.scaffold_5.924,FALSE,TRUE,zygotic
evm.TU.scaffold_5.925,FALSE,FALSE,neither
evm.TU.scaffold_5.926,FALSE,FALSE,neither
evm.TU.scaffold_5.928,FALSE,FALSE,neither
evm.TU.scaffold_5.929,FALSE,FALSE,neither
evm.TU.scaffold_5.93,TRUE,TRUE,maternal zygotic
evm.TU.scaffold_5.930,FALSE,FALSE,neither
evm.TU.scaffold_5.931_evm.TU.scaffold_5.932_evm.TU.scaffold_5.933_evm.TU.scaffold_5.934,FALSE,FALSE,neither
evm.TU.scaffold_5.935,TRUE,TRUE,maternal zygotic
evm.TU.scaffold_5.936,FALSE,FALSE,neither
evm.TU.scaffold_5.937,TRUE,TRUE,maternal zygotic
evm.TU.scaffold_5.938,TRUE,FALSE,maternal
evm.TU.scaffold_5.939,TRUE,TRUE,maternal zygotic
evm.TU.scaffold_5.94,TRUE,TRUE,maternal zygotic
evm.TU.scaffold_5.940,TRUE,TRUE,maternal zygotic
evm.TU.scaffold_5.941,TRUE,TRUE,maternal zygotic
evm.TU.scaffold_5.942,TRUE,FALSE,maternal
evm.TU.scaffold_5.943,TRUE,TRUE,maternal zygotic
evm.TU.scaffold_5.944,TRUE,TRUE,maternal zygotic
evm.TU.scaffold_5.945,TRUE,TRUE,maternal zygotic
evm.TU.scaffold_5.947,TRUE,TRUE,maternal zygotic
evm.TU.scaffold_5.948,TRUE,TRUE,maternal zygotic
evm.TU.scaffold_5.949,TRUE,TRUE,maternal zygotic
evm.TU.scaffold_5.95,FALSE,FALSE,neither
evm.TU.scaffold_5.950,FALSE,FALSE,neither
evm.TU.scaffold_5.951,TRUE,TRUE,maternal zygotic
evm.TU.scaffold_5.952,TRUE,TRUE,maternal zygotic
evm.TU.scaffold_5.955,TRUE,TRUE,maternal zygotic
evm.TU.scaffold_5.956,FALSE,FALSE,neither
evm.TU.scaffold_5.957,FALSE,FALSE,neither
evm.TU.scaffold_5.958,FALSE,FALSE,neither
evm.TU.scaffold_5.959,FALSE,FALSE,neither
evm.TU.scaffold_5.96,FALSE,FALSE,neither
evm.TU.scaffold_5.960,FALSE,FALSE,neither
evm.TU.scaffold_5.961,FALSE,FALSE,neither
evm.TU.scaffold_5.962_evm.TU.scaffold_5.963_evm.TU.scaffold_5.964,FALSE,FALSE,neither
evm.TU.scaffold_5.965,FALSE,FALSE,neither
evm.TU.scaffold_5.966,FALSE,FALSE,neither
evm.TU.scaffold_5.967,FALSE,FALSE,neither
evm.TU.scaffold_5.968,FALSE,TRUE,zygotic
evm.TU.scaffold_5.969,TRUE,TRUE,maternal zygotic
evm.TU.scaffold_5.97,TRUE,TRUE,maternal zygotic
evm.TU.scaffold_5.970,FALSE,FALSE,neither
evm.TU.scaffold_5.971,FALSE,FALSE,neither
evm.TU.scaffold_5.972,TRUE,TRUE,maternal zygotic
evm.TU.scaffold_5.973,FALSE,FALSE,neither
evm.TU.scaffold_5.974,TRUE,TRUE,maternal zygotic
evm.TU.scaffold_5.975,FALSE,FALSE,neither
evm.TU.scaffold_5.976,FALSE,FALSE,neither
evm.TU.scaffold_5.979,FALSE,FALSE,neither
evm.TU.scaffold_5.98,TRUE,TRUE,maternal zygotic
evm.TU.scaffold_5.980,TRUE,TRUE,maternal zygotic
evm.TU.scaffold_5.981,FALSE,FALSE,neither
evm.TU.scaffold_5.982,FALSE,FALSE,neither
evm.TU.scaffold_5.983,FALSE,TRUE,zygotic
evm.TU.scaffold_5.984,FALSE,FALSE,neither
evm.TU.scaffold_5.985,TRUE,TRUE,maternal zygotic
evm.TU.scaffold_5.986,FALSE,FALSE,neither
evm.TU.scaffold_5.987,FALSE,TRUE,zygotic
evm.TU.scaffold_5.988,TRUE,TRUE,maternal zygotic
evm.TU.scaffold_5.989,TRUE,TRUE,maternal zygotic
evm.TU.scaffold_5.99,FALSE,FALSE,neither
evm.TU.scaffold_5.990,TRUE,TRUE,maternal zygotic
evm.TU.scaffold_5.992,TRUE,TRUE,maternal zygotic
evm.TU.scaffold_5.993,TRUE,TRUE,maternal zygotic
evm.TU.scaffold_5.994,TRUE,TRUE,maternal zygotic
evm.TU.scaffold_5.995,FALSE,FALSE,neither
evm.TU.scaffold_5.996,TRUE,TRUE,maternal zygotic
evm.TU.scaffold_5.997,TRUE,TRUE,maternal zygotic
evm.TU.scaffold_5.998,TRUE,TRUE,maternal zygotic
evm.TU.scaffold_5.999,TRUE,TRUE,maternal zygotic
evm.TU.scaffold_54.10,FALSE,FALSE,neither
evm.TU.scaffold_54.12,FALSE,FALSE,neither
evm.TU.scaffold_54.4,FALSE,FALSE,neither
evm.TU.scaffold_54.5,FALSE,FALSE,neither
evm.TU.scaffold_54.6,FALSE,FALSE,neither
evm.TU.scaffold_54.7,FALSE,FALSE,neither
evm.TU.scaffold_54.8,FALSE,FALSE,neither
evm.TU.scaffold_54.9,FALSE,FALSE,neither
evm.TU.scaffold_56.1,FALSE,FALSE,neither
evm.TU.scaffold_57.3,FALSE,FALSE,neither
evm.TU.scaffold_6.12,FALSE,FALSE,neither
evm.TU.scaffold_6.13,FALSE,FALSE,neither
evm.TU.scaffold_6.17,FALSE,FALSE,neither
evm.TU.scaffold_6.2,FALSE,FALSE,neither
evm.TU.scaffold_6.21,FALSE,FALSE,neither
evm.TU.scaffold_6.22,FALSE,FALSE,neither
evm.TU.scaffold_6.23,FALSE,FALSE,neither
evm.TU.scaffold_6.26,FALSE,FALSE,neither
evm.TU.scaffold_6.28,FALSE,FALSE,neither
evm.TU.scaffold_6.29,FALSE,FALSE,neither
evm.TU.scaffold_6.31,FALSE,FALSE,neither
evm.TU.scaffold_6.32,FALSE,FALSE,neither
evm.TU.scaffold_6.36,FALSE,FALSE,neither
evm.TU.scaffold_6.38,FALSE,FALSE,neither
evm.TU.scaffold_6.4,FALSE,FALSE,neither
evm.TU.scaffold_6.5,FALSE,FALSE,neither
evm.TU.scaffold_6.59,FALSE,FALSE,neither
evm.TU.scaffold_6.64,FALSE,FALSE,neither
evm.TU.scaffold_6.68,FALSE,FALSE,neither
evm.TU.scaffold_6.8,FALSE,FALSE,neither
evm.TU.scaffold_63.1,FALSE,FALSE,neither
evm.TU.scaffold_68.10,FALSE,FALSE,neither
evm.TU.scaffold_68.2,FALSE,FALSE,neither
evm.TU.scaffold_68.3,FALSE,FALSE,neither
evm.TU.scaffold_68.7,FALSE,FALSE,neither
evm.TU.scaffold_69.3,FALSE,FALSE,neither
evm.TU.scaffold_69.4,FALSE,FALSE,neither
evm.TU.scaffold_69.5,FALSE,FALSE,neither
evm.TU.scaffold_7.10,FALSE,FALSE,neither
evm.TU.scaffold_7.100,FALSE,FALSE,neither
evm.TU.scaffold_7.1000,FALSE,FALSE,neither
evm.TU.scaffold_7.1001,FALSE,FALSE,neither
evm.TU.scaffold_7.1002,FALSE,FALSE,neither
evm.TU.scaffold_7.1003,FALSE,FALSE,neither
evm.TU.scaffold_7.1004,FALSE,FALSE,neither
evm.TU.scaffold_7.1005,FALSE,FALSE,neither
evm.TU.scaffold_7.1006,FALSE,FALSE,neither
evm.TU.scaffold_7.1007,FALSE,FALSE,neither
evm.TU.scaffold_7.1008,FALSE,FALSE,neither
evm.TU.scaffold_7.1009,FALSE,FALSE,neither
evm.TU.scaffold_7.101,FALSE,FALSE,neither
evm.TU.scaffold_7.1010,FALSE,FALSE,neither
evm.TU.scaffold_7.1011,FALSE,FALSE,neither
evm.TU.scaffold_7.1012,FALSE,FALSE,neither
evm.TU.scaffold_7.1013,TRUE,TRUE,maternal zygotic
evm.TU.scaffold_7.1015,FALSE,FALSE,neither
evm.TU.scaffold_7.1016,FALSE,FALSE,neither
evm.TU.scaffold_7.1017,FALSE,FALSE,neither
evm.TU.scaffold_7.1018,FALSE,FALSE,neither
evm.TU.scaffold_7.102,FALSE,FALSE,neither
evm.TU.scaffold_7.1020,FALSE,FALSE,neither
evm.TU.scaffold_7.1021,FALSE,FALSE,neither
evm.TU.scaffold_7.1022,FALSE,FALSE,neither
evm.TU.scaffold_7.1023,FALSE,FALSE,neither
evm.TU.scaffold_7.1034,FALSE,FALSE,neither
evm.TU.scaffold_7.1035,TRUE,TRUE,maternal zygotic
evm.TU.scaffold_7.1036,TRUE,TRUE,maternal zygotic
evm.TU.scaffold_7.1037,TRUE,TRUE,maternal zygotic
evm.TU.scaffold_7.1038,TRUE,TRUE,maternal zygotic
evm.TU.scaffold_7.1039,TRUE,TRUE,maternal zygotic
evm.TU.scaffold_7.1040,TRUE,TRUE,maternal zygotic
evm.TU.scaffold_7.1041,TRUE,TRUE,maternal zygotic
evm.TU.scaffold_7.1042,TRUE,TRUE,maternal zygotic
evm.TU.scaffold_7.1043,TRUE,TRUE,maternal zygotic
evm.TU.scaffold_7.1044,TRUE,TRUE,maternal zygotic
evm.TU.scaffold_7.1045,TRUE,TRUE,maternal zygotic
evm.TU.scaffold_7.1046_evm.TU.scaffold_7.1049,TRUE,TRUE,maternal zygotic
evm.TU.scaffold_7.1047,FALSE,FALSE,neither
evm.TU.scaffold_7.1050,TRUE,TRUE,maternal zygotic
evm.TU.scaffold_7.1051,TRUE,TRUE,maternal zygotic
evm.TU.scaffold_7.1052,FALSE,FALSE,neither
evm.TU.scaffold_7.1053,TRUE,TRUE,maternal zygotic
evm.TU.scaffold_7.1054,FALSE,FALSE,neither
evm.TU.scaffold_7.1055,FALSE,FALSE,neither
evm.TU.scaffold_7.1056,FALSE,FALSE,neither
evm.TU.scaffold_7.1057,FALSE,FALSE,neither
evm.TU.scaffold_7.1060,FALSE,FALSE,neither
evm.TU.scaffold_7.1061,FALSE,FALSE,neither
evm.TU.scaffold_7.1062,FALSE,FALSE,neither
evm.TU.scaffold_7.1063,TRUE,TRUE,maternal zygotic
evm.TU.scaffold_7.1064,TRUE,TRUE,maternal zygotic
evm.TU.scaffold_7.1065,TRUE,TRUE,maternal zygotic
evm.TU.scaffold_7.1066,FALSE,FALSE,neither
evm.TU.scaffold_7.1067,TRUE,TRUE,maternal zygotic
evm.TU.scaffold_7.1070,TRUE,TRUE,maternal zygotic
evm.TU.scaffold_7.1071,FALSE,FALSE,neither
evm.TU.scaffold_7.1072,FALSE,FALSE,neither
evm.TU.scaffold_7.1074,FALSE,TRUE,zygotic
evm.TU.scaffold_7.1075,FALSE,FALSE,neither
evm.TU.scaffold_7.1076,FALSE,FALSE,neither
evm.TU.scaffold_7.1077,TRUE,TRUE,maternal zygotic
evm.TU.scaffold_7.1078,TRUE,TRUE,maternal zygotic
evm.TU.scaffold_7.1079,TRUE,TRUE,maternal zygotic
evm.TU.scaffold_7.1080,TRUE,TRUE,maternal zygotic
evm.TU.scaffold_7.1081,TRUE,TRUE,maternal zygotic
evm.TU.scaffold_7.1082,TRUE,TRUE,maternal zygotic
evm.TU.scaffold_7.1083,FALSE,FALSE,neither
evm.TU.scaffold_7.1089,FALSE,FALSE,neither
evm.TU.scaffold_7.1090,FALSE,FALSE,neither
evm.TU.scaffold_7.1091,FALSE,FALSE,neither
evm.TU.scaffold_7.1092,FALSE,TRUE,zygotic
evm.TU.scaffold_7.1093,FALSE,FALSE,neither
evm.TU.scaffold_7.1094,FALSE,FALSE,neither
evm.TU.scaffold_7.1095,FALSE,FALSE,neither
evm.TU.scaffold_7.1096,TRUE,TRUE,maternal zygotic
evm.TU.scaffold_7.1097,TRUE,TRUE,maternal zygotic
evm.TU.scaffold_7.1098,TRUE,TRUE,maternal zygotic
evm.TU.scaffold_7.1099,TRUE,TRUE,maternal zygotic
evm.TU.scaffold_7.11,FALSE,FALSE,neither
evm.TU.scaffold_7.110,FALSE,FALSE,neither
evm.TU.scaffold_7.1100,FALSE,FALSE,neither
evm.TU.scaffold_7.1101,FALSE,FALSE,neither
evm.TU.scaffold_7.1102,TRUE,TRUE,maternal zygotic
evm.TU.scaffold_7.1104,TRUE,TRUE,maternal zygotic
evm.TU.scaffold_7.1105,TRUE,TRUE,maternal zygotic
evm.TU.scaffold_7.1106,TRUE,TRUE,maternal zygotic
evm.TU.scaffold_7.1107,TRUE,TRUE,maternal zygotic
evm.TU.scaffold_7.1108,TRUE,TRUE,maternal zygotic
evm.TU.scaffold_7.1109,TRUE,TRUE,maternal zygotic
evm.TU.scaffold_7.111,FALSE,FALSE,neither
evm.TU.scaffold_7.1110,TRUE,TRUE,maternal zygotic
evm.TU.scaffold_7.1111,TRUE,TRUE,maternal zygotic
evm.TU.scaffold_7.1112,TRUE,TRUE,maternal zygotic
evm.TU.scaffold_7.1113,TRUE,TRUE,maternal zygotic
evm.TU.scaffold_7.1114,TRUE,TRUE,maternal zygotic
evm.TU.scaffold_7.1115,FALSE,FALSE,neither
evm.TU.scaffold_7.1116,FALSE,FALSE,neither
evm.TU.scaffold_7.1117,FALSE,FALSE,neither
evm.TU.scaffold_7.1118,FALSE,FALSE,neither
evm.TU.scaffold_7.1119,FALSE,TRUE,zygotic
evm.TU.scaffold_7.112,TRUE,TRUE,maternal zygotic
evm.TU.scaffold_7.1120,TRUE,TRUE,maternal zygotic
evm.TU.scaffold_7.1121,FALSE,TRUE,zygotic
evm.TU.scaffold_7.1122,FALSE,FALSE,neither
evm.TU.scaffold_7.1123,FALSE,FALSE,neither
evm.TU.scaffold_7.1124,FALSE,FALSE,neither
evm.TU.scaffold_7.1125,TRUE,TRUE,maternal zygotic
evm.TU.scaffold_7.1126,TRUE,TRUE,maternal zygotic
evm.TU.scaffold_7.1127,TRUE,TRUE,maternal zygotic
evm.TU.scaffold_7.1128,FALSE,TRUE,zygotic
evm.TU.scaffold_7.1129,FALSE,FALSE,neither
evm.TU.scaffold_7.113,FALSE,TRUE,zygotic
evm.TU.scaffold_7.1130,FALSE,FALSE,neither
evm.TU.scaffold_7.1131,FALSE,FALSE,neither
evm.TU.scaffold_7.1132,FALSE,FALSE,neither
evm.TU.scaffold_7.1133,FALSE,FALSE,neither
evm.TU.scaffold_7.1135,FALSE,FALSE,neither
evm.TU.scaffold_7.1136,FALSE,FALSE,neither
evm.TU.scaffold_7.1138,FALSE,FALSE,neither
evm.TU.scaffold_7.1139,FALSE,FALSE,neither
evm.TU.scaffold_7.114,FALSE,FALSE,neither
evm.TU.scaffold_7.1140,FALSE,FALSE,neither
evm.TU.scaffold_7.1141,TRUE,TRUE,maternal zygotic
evm.TU.scaffold_7.1142,TRUE,TRUE,maternal zygotic
evm.TU.scaffold_7.1143,TRUE,TRUE,maternal zygotic
evm.TU.scaffold_7.1144,TRUE,TRUE,maternal zygotic
evm.TU.scaffold_7.1145,TRUE,TRUE,maternal zygotic
evm.TU.scaffold_7.1146,TRUE,TRUE,maternal zygotic
evm.TU.scaffold_7.1148,FALSE,FALSE,neither
evm.TU.scaffold_7.1149,FALSE,FALSE,neither
evm.TU.scaffold_7.1150,TRUE,TRUE,maternal zygotic
evm.TU.scaffold_7.1151,TRUE,TRUE,maternal zygotic
evm.TU.scaffold_7.1152,TRUE,TRUE,maternal zygotic
evm.TU.scaffold_7.1153,TRUE,TRUE,maternal zygotic
evm.TU.scaffold_7.1154,TRUE,FALSE,maternal
evm.TU.scaffold_7.1155,TRUE,FALSE,maternal
evm.TU.scaffold_7.1156,TRUE,TRUE,maternal zygotic
evm.TU.scaffold_7.1157,FALSE,FALSE,neither
evm.TU.scaffold_7.1158,FALSE,FALSE,neither
evm.TU.scaffold_7.1159,TRUE,TRUE,maternal zygotic
evm.TU.scaffold_7.116,FALSE,FALSE,neither
evm.TU.scaffold_7.1160,FALSE,FALSE,neither
evm.TU.scaffold_7.1161,FALSE,FALSE,neither
evm.TU.scaffold_7.1162,FALSE,FALSE,neither
evm.TU.scaffold_7.1166,FALSE,FALSE,neither
evm.TU.scaffold_7.1167,FALSE,FALSE,neither
evm.TU.scaffold_7.1168,FALSE,FALSE,neither
evm.TU.scaffold_7.1169,FALSE,FALSE,neither
evm.TU.scaffold_7.117,FALSE,FALSE,neither
evm.TU.scaffold_7.1170,FALSE,FALSE,neither
evm.TU.scaffold_7.1171,FALSE,FALSE,neither
evm.TU.scaffold_7.1172,FALSE,FALSE,neither
evm.TU.scaffold_7.1173,FALSE,FALSE,neither
evm.TU.scaffold_7.1174,TRUE,TRUE,maternal zygotic
evm.TU.scaffold_7.1177_evm.TU.scaffold_7.1178,TRUE,TRUE,maternal zygotic
evm.TU.scaffold_7.1179,TRUE,TRUE,maternal zygotic
evm.TU.scaffold_7.1181,TRUE,TRUE,maternal zygotic
evm.TU.scaffold_7.1182,TRUE,TRUE,maternal zygotic
evm.TU.scaffold_7.1183,TRUE,TRUE,maternal zygotic
evm.TU.scaffold_7.1184,TRUE,FALSE,maternal
evm.TU.scaffold_7.1185,TRUE,TRUE,maternal zygotic
evm.TU.scaffold_7.1186,FALSE,FALSE,neither
evm.TU.scaffold_7.1187,FALSE,FALSE,neither
evm.TU.scaffold_7.1188,TRUE,TRUE,maternal zygotic
evm.TU.scaffold_7.1189,TRUE,TRUE,maternal zygotic
evm.TU.scaffold_7.1190,TRUE,TRUE,maternal zygotic
evm.TU.scaffold_7.1191,TRUE,TRUE,maternal zygotic
evm.TU.scaffold_7.1192,TRUE,TRUE,maternal zygotic
evm.TU.scaffold_7.1193,FALSE,FALSE,neither
evm.TU.scaffold_7.1194,FALSE,FALSE,neither
evm.TU.scaffold_7.1195,TRUE,TRUE,maternal zygotic
evm.TU.scaffold_7.1196,TRUE,TRUE,maternal zygotic
evm.TU.scaffold_7.1197,TRUE,TRUE,maternal zygotic
evm.TU.scaffold_7.1198,TRUE,TRUE,maternal zygotic
evm.TU.scaffold_7.1199,TRUE,TRUE,maternal zygotic
evm.TU.scaffold_7.12,FALSE,FALSE,neither
evm.TU.scaffold_7.120,FALSE,FALSE,neither
evm.TU.scaffold_7.1200,FALSE,FALSE,neither
evm.TU.scaffold_7.1201,TRUE,TRUE,maternal zygotic
evm.TU.scaffold_7.1202,TRUE,TRUE,maternal zygotic
evm.TU.scaffold_7.1203,TRUE,TRUE,maternal zygotic
evm.TU.scaffold_7.1204,TRUE,TRUE,maternal zygotic
evm.TU.scaffold_7.1205,TRUE,TRUE,maternal zygotic
evm.TU.scaffold_7.1206,TRUE,TRUE,maternal zygotic
evm.TU.scaffold_7.1207,TRUE,TRUE,maternal zygotic
evm.TU.scaffold_7.1208,FALSE,FALSE,neither
evm.TU.scaffold_7.1209,FALSE,FALSE,neither
evm.TU.scaffold_7.1210,FALSE,FALSE,neither
evm.TU.scaffold_7.1211,FALSE,FALSE,neither
evm.TU.scaffold_7.1212,TRUE,TRUE,maternal zygotic
evm.TU.scaffold_7.1213,TRUE,TRUE,maternal zygotic
evm.TU.scaffold_7.1214,TRUE,TRUE,maternal zygotic
evm.TU.scaffold_7.1215,TRUE,TRUE,maternal zygotic
evm.TU.scaffold_7.1216,TRUE,TRUE,maternal zygotic
evm.TU.scaffold_7.1217,TRUE,TRUE,maternal zygotic
evm.TU.scaffold_7.1218,TRUE,TRUE,maternal zygotic
evm.TU.scaffold_7.1219,TRUE,TRUE,maternal zygotic
evm.TU.scaffold_7.1221,TRUE,TRUE,maternal zygotic
evm.TU.scaffold_7.1222,TRUE,TRUE,maternal zygotic
evm.TU.scaffold_7.1223,TRUE,TRUE,maternal zygotic
evm.TU.scaffold_7.1224,TRUE,TRUE,maternal zygotic
evm.TU.scaffold_7.1225,TRUE,TRUE,maternal zygotic
evm.TU.scaffold_7.1226,TRUE,TRUE,maternal zygotic
evm.TU.scaffold_7.1227,TRUE,TRUE,maternal zygotic
evm.TU.scaffold_7.1228,TRUE,TRUE,maternal zygotic
evm.TU.scaffold_7.1229,FALSE,FALSE,neither
evm.TU.scaffold_7.1230,TRUE,TRUE,maternal zygotic
evm.TU.scaffold_7.1231,TRUE,TRUE,maternal zygotic
evm.TU.scaffold_7.1232,TRUE,TRUE,maternal zygotic
evm.TU.scaffold_7.1234,TRUE,TRUE,maternal zygotic
evm.TU.scaffold_7.1235,TRUE,TRUE,maternal zygotic
evm.TU.scaffold_7.1236,FALSE,FALSE,neither
evm.TU.scaffold_7.1238_evm.TU.scaffold_7.1237,FALSE,FALSE,neither
evm.TU.scaffold_7.1239,FALSE,FALSE,neither
evm.TU.scaffold_7.1240,TRUE,TRUE,maternal zygotic
evm.TU.scaffold_7.1241,TRUE,TRUE,maternal zygotic
evm.TU.scaffold_7.1242,TRUE,TRUE,maternal zygotic
evm.TU.scaffold_7.1243,TRUE,TRUE,maternal zygotic
evm.TU.scaffold_7.1244,TRUE,TRUE,maternal zygotic
evm.TU.scaffold_7.1245,FALSE,FALSE,neither
evm.TU.scaffold_7.1246,FALSE,FALSE,neither
evm.TU.scaffold_7.1247,FALSE,FALSE,neither
evm.TU.scaffold_7.1248,FALSE,FALSE,neither
evm.TU.scaffold_7.1249,TRUE,TRUE,maternal zygotic
evm.TU.scaffold_7.1250_evm.TU.scaffold_7.1251,TRUE,TRUE,maternal zygotic
evm.TU.scaffold_7.1252,TRUE,TRUE,maternal zygotic
evm.TU.scaffold_7.1254,FALSE,FALSE,neither
evm.TU.scaffold_7.1255,FALSE,FALSE,neither
evm.TU.scaffold_7.1256,TRUE,TRUE,maternal zygotic
evm.TU.scaffold_7.1257,TRUE,TRUE,maternal zygotic
evm.TU.scaffold_7.1258,TRUE,TRUE,maternal zygotic
evm.TU.scaffold_7.1259,FALSE,FALSE,neither
evm.TU.scaffold_7.1260,FALSE,FALSE,neither
evm.TU.scaffold_7.1261,TRUE,TRUE,maternal zygotic
evm.TU.scaffold_7.1262,TRUE,TRUE,maternal zygotic
evm.TU.scaffold_7.1263,TRUE,TRUE,maternal zygotic
evm.TU.scaffold_7.1264,FALSE,TRUE,zygotic
evm.TU.scaffold_7.1265,FALSE,FALSE,neither
evm.TU.scaffold_7.1266,FALSE,FALSE,neither
evm.TU.scaffold_7.1269,FALSE,FALSE,neither
evm.TU.scaffold_7.127,FALSE,FALSE,neither
evm.TU.scaffold_7.1270,TRUE,TRUE,maternal zygotic
evm.TU.scaffold_7.1271,FALSE,FALSE,neither
evm.TU.scaffold_7.1272,TRUE,TRUE,maternal zygotic
evm.TU.scaffold_7.1273,TRUE,TRUE,maternal zygotic
evm.TU.scaffold_7.1274,TRUE,TRUE,maternal zygotic
evm.TU.scaffold_7.1275,TRUE,TRUE,maternal zygotic
evm.TU.scaffold_7.1276,TRUE,TRUE,maternal zygotic
evm.TU.scaffold_7.1277,FALSE,FALSE,neither
evm.TU.scaffold_7.1278,FALSE,FALSE,neither
evm.TU.scaffold_7.1279,TRUE,TRUE,maternal zygotic
evm.TU.scaffold_7.1280,FALSE,TRUE,zygotic
evm.TU.scaffold_7.1281,TRUE,TRUE,maternal zygotic
evm.TU.scaffold_7.1282,FALSE,FALSE,neither
evm.TU.scaffold_7.1283,TRUE,TRUE,maternal zygotic
evm.TU.scaffold_7.1284,TRUE,TRUE,maternal zygotic
evm.TU.scaffold_7.1285,FALSE,FALSE,neither
evm.TU.scaffold_7.1286,FALSE,FALSE,neither
evm.TU.scaffold_7.1287,TRUE,TRUE,maternal zygotic
evm.TU.scaffold_7.1288,TRUE,TRUE,maternal zygotic
evm.TU.scaffold_7.1289,TRUE,TRUE,maternal zygotic
evm.TU.scaffold_7.1290,FALSE,FALSE,neither
evm.TU.scaffold_7.1291,FALSE,FALSE,neither
evm.TU.scaffold_7.1292,FALSE,FALSE,neither
evm.TU.scaffold_7.1293,FALSE,FALSE,neither
evm.TU.scaffold_7.1294,FALSE,FALSE,neither
evm.TU.scaffold_7.1295,FALSE,FALSE,neither
evm.TU.scaffold_7.1296,FALSE,FALSE,neither
evm.TU.scaffold_7.1297,TRUE,FALSE,maternal
evm.TU.scaffold_7.1298,TRUE,TRUE,maternal zygotic
evm.TU.scaffold_7.1299,TRUE,FALSE,maternal
evm.TU.scaffold_7.13,TRUE,TRUE,maternal zygotic
evm.TU.scaffold_7.1300,TRUE,TRUE,maternal zygotic
evm.TU.scaffold_7.1301,FALSE,FALSE,neither
evm.TU.scaffold_7.1302,FALSE,FALSE,neither
evm.TU.scaffold_7.1303,FALSE,FALSE,neither
evm.TU.scaffold_7.1304,FALSE,FALSE,neither
evm.TU.scaffold_7.1305,TRUE,TRUE,maternal zygotic
evm.TU.scaffold_7.1306,FALSE,FALSE,neither
evm.TU.scaffold_7.1307,FALSE,FALSE,neither
evm.TU.scaffold_7.1308,FALSE,FALSE,neither
evm.TU.scaffold_7.1309,FALSE,FALSE,neither
evm.TU.scaffold_7.1310,TRUE,TRUE,maternal zygotic
evm.TU.scaffold_7.1311,FALSE,FALSE,neither
evm.TU.scaffold_7.1312,FALSE,FALSE,neither
evm.TU.scaffold_7.1313,FALSE,TRUE,zygotic
evm.TU.scaffold_7.1314,TRUE,TRUE,maternal zygotic
evm.TU.scaffold_7.1315,TRUE,TRUE,maternal zygotic
evm.TU.scaffold_7.1316,FALSE,FALSE,neither
evm.TU.scaffold_7.1317,FALSE,FALSE,neither
evm.TU.scaffold_7.1318,FALSE,FALSE,neither
evm.TU.scaffold_7.1319,TRUE,TRUE,maternal zygotic
evm.TU.scaffold_7.1320,FALSE,FALSE,neither
evm.TU.scaffold_7.1321,TRUE,TRUE,maternal zygotic
evm.TU.scaffold_7.1324,TRUE,TRUE,maternal zygotic
evm.TU.scaffold_7.1325,TRUE,TRUE,maternal zygotic
evm.TU.scaffold_7.1326,TRUE,TRUE,maternal zygotic
evm.TU.scaffold_7.1327,TRUE,TRUE,maternal zygotic
evm.TU.scaffold_7.1328,FALSE,FALSE,neither
evm.TU.scaffold_7.1329,FALSE,FALSE,neither
evm.TU.scaffold_7.1330,TRUE,TRUE,maternal zygotic
evm.TU.scaffold_7.1331,FALSE,FALSE,neither
evm.TU.scaffold_7.1332,FALSE,FALSE,neither
evm.TU.scaffold_7.1333,FALSE,FALSE,neither
evm.TU.scaffold_7.1334,TRUE,TRUE,maternal zygotic
evm.TU.scaffold_7.1335,TRUE,TRUE,maternal zygotic
evm.TU.scaffold_7.1336,FALSE,FALSE,neither
evm.TU.scaffold_7.1337,FALSE,FALSE,neither
evm.TU.scaffold_7.1338,FALSE,FALSE,neither
evm.TU.scaffold_7.1339,FALSE,FALSE,neither
evm.TU.scaffold_7.1340,TRUE,TRUE,maternal zygotic
evm.TU.scaffold_7.1341,TRUE,TRUE,maternal zygotic
evm.TU.scaffold_7.1342,TRUE,TRUE,maternal zygotic
evm.TU.scaffold_7.1343,TRUE,TRUE,maternal zygotic
evm.TU.scaffold_7.1344,FALSE,FALSE,neither
evm.TU.scaffold_7.1345,FALSE,FALSE,neither
evm.TU.scaffold_7.1346,FALSE,FALSE,neither
evm.TU.scaffold_7.1347,FALSE,FALSE,neither
evm.TU.scaffold_7.1348,TRUE,TRUE,maternal zygotic
evm.TU.scaffold_7.1349,FALSE,FALSE,neither
evm.TU.scaffold_7.1350,TRUE,TRUE,maternal zygotic
evm.TU.scaffold_7.1351,TRUE,TRUE,maternal zygotic
evm.TU.scaffold_7.1352,FALSE,FALSE,neither
evm.TU.scaffold_7.1353,FALSE,FALSE,neither
evm.TU.scaffold_7.1354,FALSE,FALSE,neither
evm.TU.scaffold_7.1355,TRUE,TRUE,maternal zygotic
evm.TU.scaffold_7.1357,FALSE,FALSE,neither
evm.TU.scaffold_7.1358,FALSE,FALSE,neither
evm.TU.scaffold_7.1359,FALSE,FALSE,neither
evm.TU.scaffold_7.1360,FALSE,FALSE,neither
evm.TU.scaffold_7.1362,FALSE,FALSE,neither
evm.TU.scaffold_7.1363,TRUE,TRUE,maternal zygotic
evm.TU.scaffold_7.1364,TRUE,TRUE,maternal zygotic
evm.TU.scaffold_7.1365,FALSE,FALSE,neither
evm.TU.scaffold_7.1367,FALSE,FALSE,neither
evm.TU.scaffold_7.1368,FALSE,FALSE,neither
evm.TU.scaffold_7.1369,TRUE,TRUE,maternal zygotic
evm.TU.scaffold_7.137,FALSE,FALSE,neither
evm.TU.scaffold_7.1370,TRUE,TRUE,maternal zygotic
evm.TU.scaffold_7.1371,TRUE,TRUE,maternal zygotic
evm.TU.scaffold_7.1372,TRUE,TRUE,maternal zygotic
evm.TU.scaffold_7.1373,TRUE,TRUE,maternal zygotic
evm.TU.scaffold_7.1374,TRUE,TRUE,maternal zygotic
evm.TU.scaffold_7.1375,TRUE,TRUE,maternal zygotic
evm.TU.scaffold_7.1376,TRUE,TRUE,maternal zygotic
evm.TU.scaffold_7.1377,TRUE,TRUE,maternal zygotic
evm.TU.scaffold_7.1378,TRUE,TRUE,maternal zygotic
evm.TU.scaffold_7.1379,TRUE,TRUE,maternal zygotic
evm.TU.scaffold_7.138,FALSE,FALSE,neither
evm.TU.scaffold_7.1380,FALSE,FALSE,neither
evm.TU.scaffold_7.1381,TRUE,TRUE,maternal zygotic
evm.TU.scaffold_7.1382,FALSE,FALSE,neither
evm.TU.scaffold_7.1383,FALSE,FALSE,neither
evm.TU.scaffold_7.1385,FALSE,FALSE,neither
evm.TU.scaffold_7.1386,FALSE,FALSE,neither
evm.TU.scaffold_7.1387,FALSE,FALSE,neither
evm.TU.scaffold_7.1389,FALSE,FALSE,neither
evm.TU.scaffold_7.139,TRUE,TRUE,maternal zygotic
evm.TU.scaffold_7.1390,TRUE,TRUE,maternal zygotic
evm.TU.scaffold_7.1391,FALSE,FALSE,neither
evm.TU.scaffold_7.1392,TRUE,TRUE,maternal zygotic
evm.TU.scaffold_7.1393,TRUE,TRUE,maternal zygotic
evm.TU.scaffold_7.1394,FALSE,FALSE,neither
evm.TU.scaffold_7.1395,TRUE,TRUE,maternal zygotic
evm.TU.scaffold_7.1396,TRUE,TRUE,maternal zygotic
evm.TU.scaffold_7.1399,FALSE,FALSE,neither
evm.TU.scaffold_7.140,TRUE,TRUE,maternal zygotic
evm.TU.scaffold_7.1400,FALSE,FALSE,neither
evm.TU.scaffold_7.1401,FALSE,FALSE,neither
evm.TU.scaffold_7.1402,FALSE,FALSE,neither
evm.TU.scaffold_7.1403,FALSE,FALSE,neither
evm.TU.scaffold_7.1405,FALSE,FALSE,neither
evm.TU.scaffold_7.1406,FALSE,FALSE,neither
evm.TU.scaffold_7.1407,FALSE,FALSE,neither
evm.TU.scaffold_7.1408,FALSE,FALSE,neither
evm.TU.scaffold_7.1409,FALSE,FALSE,neither
evm.TU.scaffold_7.141,FALSE,FALSE,neither
evm.TU.scaffold_7.1411,FALSE,FALSE,neither
evm.TU.scaffold_7.1412,FALSE,FALSE,neither
evm.TU.scaffold_7.1413,FALSE,FALSE,neither
evm.TU.scaffold_7.1415,FALSE,FALSE,neither
evm.TU.scaffold_7.1416,FALSE,FALSE,neither
evm.TU.scaffold_7.1417,FALSE,FALSE,neither
evm.TU.scaffold_7.1418,FALSE,TRUE,zygotic
evm.TU.scaffold_7.1419,TRUE,TRUE,maternal zygotic
evm.TU.scaffold_7.142,FALSE,FALSE,neither
evm.TU.scaffold_7.1420,TRUE,TRUE,maternal zygotic
evm.TU.scaffold_7.1421,TRUE,TRUE,maternal zygotic
evm.TU.scaffold_7.1422,TRUE,TRUE,maternal zygotic
evm.TU.scaffold_7.1423,FALSE,FALSE,neither
evm.TU.scaffold_7.1424,FALSE,FALSE,neither
evm.TU.scaffold_7.1425,FALSE,FALSE,neither
evm.TU.scaffold_7.1426,FALSE,TRUE,zygotic
evm.TU.scaffold_7.1427,TRUE,TRUE,maternal zygotic
evm.TU.scaffold_7.1428,TRUE,TRUE,maternal zygotic
evm.TU.scaffold_7.1430,FALSE,FALSE,neither
evm.TU.scaffold_7.1431,TRUE,TRUE,maternal zygotic
evm.TU.scaffold_7.1432,FALSE,FALSE,neither
evm.TU.scaffold_7.1433,FALSE,FALSE,neither
evm.TU.scaffold_7.1434,TRUE,TRUE,maternal zygotic
evm.TU.scaffold_7.1435,TRUE,TRUE,maternal zygotic
evm.TU.scaffold_7.1436,TRUE,TRUE,maternal zygotic
evm.TU.scaffold_7.1437,TRUE,TRUE,maternal zygotic
evm.TU.scaffold_7.1438,TRUE,TRUE,maternal zygotic
evm.TU.scaffold_7.1440,TRUE,TRUE,maternal zygotic
evm.TU.scaffold_7.1442,TRUE,TRUE,maternal zygotic
evm.TU.scaffold_7.1443,FALSE,FALSE,neither
evm.TU.scaffold_7.1444,FALSE,FALSE,neither
evm.TU.scaffold_7.1445,FALSE,FALSE,neither
evm.TU.scaffold_7.1446,FALSE,FALSE,neither
evm.TU.scaffold_7.1447,FALSE,FALSE,neither
evm.TU.scaffold_7.1448,FALSE,FALSE,neither
evm.TU.scaffold_7.1449,FALSE,FALSE,neither
evm.TU.scaffold_7.1452,FALSE,FALSE,neither
evm.TU.scaffold_7.1453,FALSE,FALSE,neither
evm.TU.scaffold_7.1454,TRUE,TRUE,maternal zygotic
evm.TU.scaffold_7.1455,TRUE,TRUE,maternal zygotic
evm.TU.scaffold_7.1456,TRUE,TRUE,maternal zygotic
evm.TU.scaffold_7.1457,TRUE,FALSE,maternal
evm.TU.scaffold_7.1458,TRUE,TRUE,maternal zygotic
evm.TU.scaffold_7.1459_evm.TU.scaffold_7.1460,TRUE,TRUE,maternal zygotic
evm.TU.scaffold_7.146,FALSE,FALSE,neither
evm.TU.scaffold_7.1461,TRUE,TRUE,maternal zygotic
evm.TU.scaffold_7.1462,TRUE,TRUE,maternal zygotic
evm.TU.scaffold_7.1463,TRUE,TRUE,maternal zygotic
evm.TU.scaffold_7.1464,FALSE,FALSE,neither
evm.TU.scaffold_7.1465,FALSE,FALSE,neither
evm.TU.scaffold_7.1466,FALSE,FALSE,neither
evm.TU.scaffold_7.1467,TRUE,TRUE,maternal zygotic
evm.TU.scaffold_7.1468,TRUE,TRUE,maternal zygotic
evm.TU.scaffold_7.1469,TRUE,TRUE,maternal zygotic
evm.TU.scaffold_7.147,FALSE,FALSE,neither
evm.TU.scaffold_7.1470,TRUE,TRUE,maternal zygotic
evm.TU.scaffold_7.1471,FALSE,FALSE,neither
evm.TU.scaffold_7.1473,TRUE,TRUE,maternal zygotic
evm.TU.scaffold_7.1474,TRUE,TRUE,maternal zygotic
evm.TU.scaffold_7.1475,FALSE,FALSE,neither
evm.TU.scaffold_7.1478,FALSE,FALSE,neither
evm.TU.scaffold_7.1479,FALSE,FALSE,neither
evm.TU.scaffold_7.148,FALSE,FALSE,neither
evm.TU.scaffold_7.1480,FALSE,TRUE,zygotic
evm.TU.scaffold_7.1481,TRUE,TRUE,maternal zygotic
evm.TU.scaffold_7.1482,TRUE,TRUE,maternal zygotic
evm.TU.scaffold_7.1483,TRUE,TRUE,maternal zygotic
evm.TU.scaffold_7.1484,FALSE,FALSE,neither
evm.TU.scaffold_7.1485,FALSE,FALSE,neither
evm.TU.scaffold_7.1486,TRUE,TRUE,maternal zygotic
evm.TU.scaffold_7.1487,FALSE,FALSE,neither
evm.TU.scaffold_7.1488,TRUE,TRUE,maternal zygotic
evm.TU.scaffold_7.1489,TRUE,TRUE,maternal zygotic
evm.TU.scaffold_7.149,FALSE,FALSE,neither
evm.TU.scaffold_7.1490,FALSE,FALSE,neither
evm.TU.scaffold_7.1491,TRUE,TRUE,maternal zygotic
evm.TU.scaffold_7.1493,TRUE,TRUE,maternal zygotic
evm.TU.scaffold_7.1494,TRUE,TRUE,maternal zygotic
evm.TU.scaffold_7.1495,TRUE,TRUE,maternal zygotic
evm.TU.scaffold_7.1497,TRUE,TRUE,maternal zygotic
evm.TU.scaffold_7.1498,TRUE,TRUE,maternal zygotic
evm.TU.scaffold_7.1499,TRUE,TRUE,maternal zygotic
evm.TU.scaffold_7.15,TRUE,TRUE,maternal zygotic
evm.TU.scaffold_7.150,FALSE,FALSE,neither
evm.TU.scaffold_7.1500,TRUE,TRUE,maternal zygotic
evm.TU.scaffold_7.1501,TRUE,TRUE,maternal zygotic
evm.TU.scaffold_7.1502,FALSE,FALSE,neither
evm.TU.scaffold_7.1503,FALSE,FALSE,neither
evm.TU.scaffold_7.1504,TRUE,TRUE,maternal zygotic
evm.TU.scaffold_7.1505_evm.TU.scaffold_7.1506,TRUE,TRUE,maternal zygotic
evm.TU.scaffold_7.1507,FALSE,FALSE,neither
evm.TU.scaffold_7.1508,FALSE,FALSE,neither
evm.TU.scaffold_7.1509,FALSE,FALSE,neither
evm.TU.scaffold_7.151,FALSE,FALSE,neither
evm.TU.scaffold_7.1514,TRUE,TRUE,maternal zygotic
evm.TU.scaffold_7.1516,FALSE,TRUE,zygotic
evm.TU.scaffold_7.1517,FALSE,FALSE,neither
evm.TU.scaffold_7.1518,TRUE,TRUE,maternal zygotic
evm.TU.scaffold_7.1519,TRUE,TRUE,maternal zygotic
evm.TU.scaffold_7.152,FALSE,FALSE,neither
evm.TU.scaffold_7.1520,FALSE,FALSE,neither
evm.TU.scaffold_7.1521,FALSE,FALSE,neither
evm.TU.scaffold_7.1522,FALSE,FALSE,neither
evm.TU.scaffold_7.1523,TRUE,TRUE,maternal zygotic
evm.TU.scaffold_7.1524,TRUE,TRUE,maternal zygotic
evm.TU.scaffold_7.1525,TRUE,TRUE,maternal zygotic
evm.TU.scaffold_7.1526,TRUE,TRUE,maternal zygotic
evm.TU.scaffold_7.1527,TRUE,TRUE,maternal zygotic
evm.TU.scaffold_7.1528,TRUE,TRUE,maternal zygotic
evm.TU.scaffold_7.1529,TRUE,TRUE,maternal zygotic
evm.TU.scaffold_7.153,FALSE,FALSE,neither
evm.TU.scaffold_7.1530,TRUE,TRUE,maternal zygotic
evm.TU.scaffold_7.1532,TRUE,FALSE,maternal
evm.TU.scaffold_7.1534,TRUE,TRUE,maternal zygotic
evm.TU.scaffold_7.1536,FALSE,FALSE,neither
evm.TU.scaffold_7.154,FALSE,FALSE,neither
evm.TU.scaffold_7.1540,FALSE,FALSE,neither
evm.TU.scaffold_7.1541,FALSE,FALSE,neither
evm.TU.scaffold_7.1542,FALSE,TRUE,zygotic
evm.TU.scaffold_7.1543,FALSE,FALSE,neither
evm.TU.scaffold_7.1544,FALSE,FALSE,neither
evm.TU.scaffold_7.1545,FALSE,FALSE,neither
evm.TU.scaffold_7.1546,TRUE,TRUE,maternal zygotic
evm.TU.scaffold_7.1547,TRUE,TRUE,maternal zygotic
evm.TU.scaffold_7.1548,TRUE,TRUE,maternal zygotic
evm.TU.scaffold_7.1549,TRUE,TRUE,maternal zygotic
evm.TU.scaffold_7.155,FALSE,FALSE,neither
evm.TU.scaffold_7.1550,TRUE,TRUE,maternal zygotic
evm.TU.scaffold_7.1551,FALSE,TRUE,zygotic
evm.TU.scaffold_7.1553,FALSE,FALSE,neither
evm.TU.scaffold_7.1554,FALSE,FALSE,neither
evm.TU.scaffold_7.1555,FALSE,FALSE,neither
evm.TU.scaffold_7.1556,FALSE,FALSE,neither
evm.TU.scaffold_7.1557,TRUE,TRUE,maternal zygotic
evm.TU.scaffold_7.1558,TRUE,TRUE,maternal zygotic
evm.TU.scaffold_7.1559,TRUE,TRUE,maternal zygotic
evm.TU.scaffold_7.156,FALSE,FALSE,neither
evm.TU.scaffold_7.1560,FALSE,FALSE,neither
evm.TU.scaffold_7.1561,TRUE,TRUE,maternal zygotic
evm.TU.scaffold_7.1562,TRUE,TRUE,maternal zygotic
evm.TU.scaffold_7.1563,FALSE,FALSE,neither
evm.TU.scaffold_7.1564,TRUE,TRUE,maternal zygotic
evm.TU.scaffold_7.1565,TRUE,TRUE,maternal zygotic
evm.TU.scaffold_7.1566,TRUE,TRUE,maternal zygotic
evm.TU.scaffold_7.1567,FALSE,FALSE,neither
evm.TU.scaffold_7.1568,FALSE,FALSE,neither
evm.TU.scaffold_7.1569,FALSE,FALSE,neither
evm.TU.scaffold_7.157,FALSE,FALSE,neither
evm.TU.scaffold_7.1570,TRUE,TRUE,maternal zygotic
evm.TU.scaffold_7.1571,FALSE,FALSE,neither
evm.TU.scaffold_7.1572,TRUE,TRUE,maternal zygotic
evm.TU.scaffold_7.1573,TRUE,TRUE,maternal zygotic
evm.TU.scaffold_7.1575,TRUE,TRUE,maternal zygotic
evm.TU.scaffold_7.1576,FALSE,TRUE,zygotic
evm.TU.scaffold_7.1577,TRUE,TRUE,maternal zygotic
evm.TU.scaffold_7.1578,TRUE,TRUE,maternal zygotic
evm.TU.scaffold_7.1579,TRUE,TRUE,maternal zygotic
evm.TU.scaffold_7.158,FALSE,FALSE,neither
evm.TU.scaffold_7.1580,FALSE,FALSE,neither
evm.TU.scaffold_7.1581,TRUE,TRUE,maternal zygotic
evm.TU.scaffold_7.1582,TRUE,TRUE,maternal zygotic
evm.TU.scaffold_7.1583,FALSE,FALSE,neither
evm.TU.scaffold_7.1584,FALSE,FALSE,neither
evm.TU.scaffold_7.1585,FALSE,FALSE,neither
evm.TU.scaffold_7.1586,FALSE,FALSE,neither
evm.TU.scaffold_7.1587,FALSE,FALSE,neither
evm.TU.scaffold_7.1588,FALSE,FALSE,neither
evm.TU.scaffold_7.1589,TRUE,TRUE,maternal zygotic
evm.TU.scaffold_7.1590,FALSE,FALSE,neither
evm.TU.scaffold_7.1595,TRUE,TRUE,maternal zygotic
evm.TU.scaffold_7.1596,FALSE,FALSE,neither
evm.TU.scaffold_7.1597,FALSE,FALSE,neither
evm.TU.scaffold_7.1598,TRUE,TRUE,maternal zygotic
evm.TU.scaffold_7.1599,TRUE,TRUE,maternal zygotic
evm.TU.scaffold_7.16,TRUE,TRUE,maternal zygotic
evm.TU.scaffold_7.1600,FALSE,FALSE,neither
evm.TU.scaffold_7.1604,FALSE,FALSE,neither
evm.TU.scaffold_7.1605,TRUE,TRUE,maternal zygotic
evm.TU.scaffold_7.1606,TRUE,TRUE,maternal zygotic
evm.TU.scaffold_7.1607,TRUE,TRUE,maternal zygotic
evm.TU.scaffold_7.1608,TRUE,TRUE,maternal zygotic
evm.TU.scaffold_7.1609,FALSE,FALSE,neither
evm.TU.scaffold_7.161,FALSE,FALSE,neither
evm.TU.scaffold_7.1610,TRUE,TRUE,maternal zygotic
evm.TU.scaffold_7.1615,FALSE,FALSE,neither
evm.TU.scaffold_7.1616,FALSE,FALSE,neither
evm.TU.scaffold_7.1617,FALSE,FALSE,neither
evm.TU.scaffold_7.1619,FALSE,FALSE,neither
evm.TU.scaffold_7.162,FALSE,FALSE,neither
evm.TU.scaffold_7.1620,FALSE,FALSE,neither
evm.TU.scaffold_7.1621,TRUE,TRUE,maternal zygotic
evm.TU.scaffold_7.1622,TRUE,TRUE,maternal zygotic
evm.TU.scaffold_7.1623,TRUE,TRUE,maternal zygotic
evm.TU.scaffold_7.1624,FALSE,FALSE,neither
evm.TU.scaffold_7.1625,TRUE,TRUE,maternal zygotic
evm.TU.scaffold_7.1626,TRUE,TRUE,maternal zygotic
evm.TU.scaffold_7.1627,FALSE,FALSE,neither
evm.TU.scaffold_7.1628,FALSE,TRUE,zygotic
evm.TU.scaffold_7.1629,FALSE,FALSE,neither
evm.TU.scaffold_7.163,FALSE,FALSE,neither
evm.TU.scaffold_7.1630,FALSE,FALSE,neither
evm.TU.scaffold_7.1631,TRUE,TRUE,maternal zygotic
evm.TU.scaffold_7.1632,FALSE,FALSE,neither
evm.TU.scaffold_7.1633,FALSE,TRUE,zygotic
evm.TU.scaffold_7.1634,TRUE,TRUE,maternal zygotic
evm.TU.scaffold_7.1635,TRUE,TRUE,maternal zygotic
evm.TU.scaffold_7.1636,FALSE,FALSE,neither
evm.TU.scaffold_7.1637,FALSE,FALSE,neither
evm.TU.scaffold_7.1639,TRUE,TRUE,maternal zygotic
evm.TU.scaffold_7.164,FALSE,FALSE,neither
evm.TU.scaffold_7.1640,TRUE,TRUE,maternal zygotic
evm.TU.scaffold_7.1641,FALSE,FALSE,neither
evm.TU.scaffold_7.1642,TRUE,TRUE,maternal zygotic
evm.TU.scaffold_7.1643,TRUE,TRUE,maternal zygotic
evm.TU.scaffold_7.1644,FALSE,FALSE,neither
evm.TU.scaffold_7.1645,TRUE,TRUE,maternal zygotic
evm.TU.scaffold_7.1646,FALSE,FALSE,neither
evm.TU.scaffold_7.1647,TRUE,TRUE,maternal zygotic
evm.TU.scaffold_7.1648,TRUE,TRUE,maternal zygotic
evm.TU.scaffold_7.1649,TRUE,TRUE,maternal zygotic
evm.TU.scaffold_7.165,FALSE,FALSE,neither
evm.TU.scaffold_7.1650,TRUE,TRUE,maternal zygotic
evm.TU.scaffold_7.1651,FALSE,FALSE,neither
evm.TU.scaffold_7.1652,TRUE,TRUE,maternal zygotic
evm.TU.scaffold_7.1653,TRUE,TRUE,maternal zygotic
evm.TU.scaffold_7.1654,TRUE,TRUE,maternal zygotic
evm.TU.scaffold_7.1655,FALSE,TRUE,zygotic
evm.TU.scaffold_7.1656,TRUE,TRUE,maternal zygotic
evm.TU.scaffold_7.1657,TRUE,TRUE,maternal zygotic
evm.TU.scaffold_7.1658,TRUE,TRUE,maternal zygotic
evm.TU.scaffold_7.1659,TRUE,TRUE,maternal zygotic
evm.TU.scaffold_7.166,FALSE,FALSE,neither
evm.TU.scaffold_7.1660,FALSE,FALSE,neither
evm.TU.scaffold_7.1661,TRUE,TRUE,maternal zygotic
evm.TU.scaffold_7.1662,TRUE,TRUE,maternal zygotic
evm.TU.scaffold_7.1663,TRUE,TRUE,maternal zygotic
evm.TU.scaffold_7.1664,FALSE,FALSE,neither
evm.TU.scaffold_7.1665,TRUE,TRUE,maternal zygotic
evm.TU.scaffold_7.1666,TRUE,TRUE,maternal zygotic
evm.TU.scaffold_7.1667,TRUE,TRUE,maternal zygotic
evm.TU.scaffold_7.1668,TRUE,TRUE,maternal zygotic
evm.TU.scaffold_7.1669,TRUE,TRUE,maternal zygotic
evm.TU.scaffold_7.167,TRUE,TRUE,maternal zygotic
evm.TU.scaffold_7.1670,TRUE,TRUE,maternal zygotic
evm.TU.scaffold_7.1671,TRUE,TRUE,maternal zygotic
evm.TU.scaffold_7.1672,TRUE,TRUE,maternal zygotic
evm.TU.scaffold_7.1673,FALSE,FALSE,neither
evm.TU.scaffold_7.1674,FALSE,FALSE,neither
evm.TU.scaffold_7.1676,FALSE,FALSE,neither
evm.TU.scaffold_7.1677,FALSE,FALSE,neither
evm.TU.scaffold_7.1678,TRUE,TRUE,maternal zygotic
evm.TU.scaffold_7.1679,FALSE,FALSE,neither
evm.TU.scaffold_7.1680,FALSE,FALSE,neither
evm.TU.scaffold_7.1681,FALSE,FALSE,neither
evm.TU.scaffold_7.1682,FALSE,FALSE,neither
evm.TU.scaffold_7.1683,FALSE,FALSE,neither
evm.TU.scaffold_7.1684,FALSE,FALSE,neither
evm.TU.scaffold_7.1685,FALSE,FALSE,neither
evm.TU.scaffold_7.1686,TRUE,TRUE,maternal zygotic
evm.TU.scaffold_7.1687,TRUE,TRUE,maternal zygotic
evm.TU.scaffold_7.1688,TRUE,TRUE,maternal zygotic
evm.TU.scaffold_7.1689,TRUE,TRUE,maternal zygotic
evm.TU.scaffold_7.1690,TRUE,TRUE,maternal zygotic
evm.TU.scaffold_7.1691,TRUE,TRUE,maternal zygotic
evm.TU.scaffold_7.1692,TRUE,TRUE,maternal zygotic
evm.TU.scaffold_7.1693,TRUE,TRUE,maternal zygotic
evm.TU.scaffold_7.1694,TRUE,TRUE,maternal zygotic
evm.TU.scaffold_7.1695,TRUE,TRUE,maternal zygotic
evm.TU.scaffold_7.1696,TRUE,TRUE,maternal zygotic
evm.TU.scaffold_7.1697,TRUE,TRUE,maternal zygotic
evm.TU.scaffold_7.1699,TRUE,TRUE,maternal zygotic
evm.TU.scaffold_7.17,TRUE,TRUE,maternal zygotic
evm.TU.scaffold_7.1700,TRUE,TRUE,maternal zygotic
evm.TU.scaffold_7.1701,FALSE,FALSE,neither
evm.TU.scaffold_7.1702,FALSE,FALSE,neither
evm.TU.scaffold_7.1705,TRUE,TRUE,maternal zygotic
evm.TU.scaffold_7.1707,TRUE,TRUE,maternal zygotic
evm.TU.scaffold_7.1708,TRUE,TRUE,maternal zygotic
evm.TU.scaffold_7.1709,FALSE,FALSE,neither
evm.TU.scaffold_7.1710,TRUE,TRUE,maternal zygotic
evm.TU.scaffold_7.1711,TRUE,TRUE,maternal zygotic
evm.TU.scaffold_7.1712,FALSE,FALSE,neither
evm.TU.scaffold_7.1713,FALSE,FALSE,neither
evm.TU.scaffold_7.1714,FALSE,FALSE,neither
evm.TU.scaffold_7.1715,FALSE,FALSE,neither
evm.TU.scaffold_7.1716,FALSE,FALSE,neither
evm.TU.scaffold_7.1718,FALSE,FALSE,neither
evm.TU.scaffold_7.1719,FALSE,FALSE,neither
evm.TU.scaffold_7.172,FALSE,FALSE,neither
evm.TU.scaffold_7.1720,FALSE,FALSE,neither
evm.TU.scaffold_7.1721,TRUE,TRUE,maternal zygotic
evm.TU.scaffold_7.1722,TRUE,TRUE,maternal zygotic
evm.TU.scaffold_7.1723,FALSE,FALSE,neither
evm.TU.scaffold_7.1724,FALSE,TRUE,zygotic
evm.TU.scaffold_7.1725,FALSE,FALSE,neither
evm.TU.scaffold_7.1726,FALSE,FALSE,neither
evm.TU.scaffold_7.1727,TRUE,TRUE,maternal zygotic
evm.TU.scaffold_7.1728,TRUE,TRUE,maternal zygotic
evm.TU.scaffold_7.1729,TRUE,TRUE,maternal zygotic
evm.TU.scaffold_7.173,FALSE,FALSE,neither
evm.TU.scaffold_7.1730,TRUE,TRUE,maternal zygotic
evm.TU.scaffold_7.1731,TRUE,TRUE,maternal zygotic
evm.TU.scaffold_7.1732,TRUE,TRUE,maternal zygotic
evm.TU.scaffold_7.1733,TRUE,TRUE,maternal zygotic
evm.TU.scaffold_7.1737,FALSE,FALSE,neither
evm.TU.scaffold_7.174,FALSE,FALSE,neither
evm.TU.scaffold_7.1740,TRUE,TRUE,maternal zygotic
evm.TU.scaffold_7.1741,TRUE,TRUE,maternal zygotic
evm.TU.scaffold_7.1742,TRUE,TRUE,maternal zygotic
evm.TU.scaffold_7.1743,TRUE,TRUE,maternal zygotic
evm.TU.scaffold_7.1744,TRUE,FALSE,maternal
evm.TU.scaffold_7.1746,TRUE,TRUE,maternal zygotic
evm.TU.scaffold_7.1747,TRUE,TRUE,maternal zygotic
evm.TU.scaffold_7.1748,TRUE,TRUE,maternal zygotic
evm.TU.scaffold_7.1749,TRUE,TRUE,maternal zygotic
evm.TU.scaffold_7.175,FALSE,FALSE,neither
evm.TU.scaffold_7.1752,TRUE,TRUE,maternal zygotic
evm.TU.scaffold_7.1753,TRUE,TRUE,maternal zygotic
evm.TU.scaffold_7.1754,TRUE,TRUE,maternal zygotic
evm.TU.scaffold_7.1755,FALSE,FALSE,neither
evm.TU.scaffold_7.1756,FALSE,FALSE,neither
evm.TU.scaffold_7.1757,TRUE,TRUE,maternal zygotic
evm.TU.scaffold_7.1758,TRUE,TRUE,maternal zygotic
evm.TU.scaffold_7.1759,FALSE,FALSE,neither
evm.TU.scaffold_7.1760,FALSE,FALSE,neither
evm.TU.scaffold_7.1761,FALSE,FALSE,neither
evm.TU.scaffold_7.1762,TRUE,TRUE,maternal zygotic
evm.TU.scaffold_7.1763,TRUE,TRUE,maternal zygotic
evm.TU.scaffold_7.1764,TRUE,TRUE,maternal zygotic
evm.TU.scaffold_7.1765,TRUE,TRUE,maternal zygotic
evm.TU.scaffold_7.1766,TRUE,TRUE,maternal zygotic
evm.TU.scaffold_7.1767,TRUE,TRUE,maternal zygotic
evm.TU.scaffold_7.1768,FALSE,FALSE,neither
evm.TU.scaffold_7.177,FALSE,FALSE,neither
evm.TU.scaffold_7.1770,FALSE,FALSE,neither
evm.TU.scaffold_7.1771,TRUE,TRUE,maternal zygotic
evm.TU.scaffold_7.1772,TRUE,TRUE,maternal zygotic
evm.TU.scaffold_7.1773,TRUE,TRUE,maternal zygotic
evm.TU.scaffold_7.1774,TRUE,TRUE,maternal zygotic
evm.TU.scaffold_7.1775,TRUE,TRUE,maternal zygotic
evm.TU.scaffold_7.1776,TRUE,TRUE,maternal zygotic
evm.TU.scaffold_7.1777_evm.TU.scaffold_7.1778,FALSE,FALSE,neither
evm.TU.scaffold_7.1779,FALSE,FALSE,neither
evm.TU.scaffold_7.178,TRUE,FALSE,maternal
evm.TU.scaffold_7.1780,FALSE,FALSE,neither
evm.TU.scaffold_7.1782,FALSE,FALSE,neither
evm.TU.scaffold_7.1783,TRUE,TRUE,maternal zygotic
evm.TU.scaffold_7.1784,FALSE,FALSE,neither
evm.TU.scaffold_7.1785,TRUE,TRUE,maternal zygotic
evm.TU.scaffold_7.1786,TRUE,TRUE,maternal zygotic
evm.TU.scaffold_7.1787,TRUE,TRUE,maternal zygotic
evm.TU.scaffold_7.1789,FALSE,TRUE,zygotic
evm.TU.scaffold_7.179,FALSE,FALSE,neither
evm.TU.scaffold_7.1790,FALSE,TRUE,zygotic
evm.TU.scaffold_7.1791,TRUE,TRUE,maternal zygotic
evm.TU.scaffold_7.1792,FALSE,FALSE,neither
evm.TU.scaffold_7.1793_evm.TU.scaffold_7.1794,FALSE,FALSE,neither
evm.TU.scaffold_7.1798,TRUE,TRUE,maternal zygotic
evm.TU.scaffold_7.1799,TRUE,TRUE,maternal zygotic
evm.TU.scaffold_7.18,TRUE,TRUE,maternal zygotic
evm.TU.scaffold_7.180,TRUE,TRUE,maternal zygotic
evm.TU.scaffold_7.1800,TRUE,TRUE,maternal zygotic
evm.TU.scaffold_7.1801,TRUE,TRUE,maternal zygotic
evm.TU.scaffold_7.1802,FALSE,FALSE,neither
evm.TU.scaffold_7.1803,TRUE,TRUE,maternal zygotic
evm.TU.scaffold_7.1804,FALSE,FALSE,neither
evm.TU.scaffold_7.1805,TRUE,TRUE,maternal zygotic
evm.TU.scaffold_7.1806,TRUE,TRUE,maternal zygotic
evm.TU.scaffold_7.1807,TRUE,TRUE,maternal zygotic
evm.TU.scaffold_7.1808,FALSE,FALSE,neither
evm.TU.scaffold_7.1809,FALSE,FALSE,neither
evm.TU.scaffold_7.1810,FALSE,FALSE,neither
evm.TU.scaffold_7.1811,FALSE,FALSE,neither
evm.TU.scaffold_7.1812,FALSE,FALSE,neither
evm.TU.scaffold_7.1813_evm.TU.scaffold_7.1815,FALSE,FALSE,neither
evm.TU.scaffold_7.1814,FALSE,FALSE,neither
evm.TU.scaffold_7.1816,FALSE,FALSE,neither
evm.TU.scaffold_7.1817,TRUE,TRUE,maternal zygotic
evm.TU.scaffold_7.1818,TRUE,TRUE,maternal zygotic
evm.TU.scaffold_7.1819,TRUE,TRUE,maternal zygotic
evm.TU.scaffold_7.181_evm.TU.scaffold_7.182,TRUE,TRUE,maternal zygotic
evm.TU.scaffold_7.1820,TRUE,FALSE,maternal
evm.TU.scaffold_7.1821,FALSE,FALSE,neither
evm.TU.scaffold_7.1822,FALSE,FALSE,neither
evm.TU.scaffold_7.1823,FALSE,FALSE,neither
evm.TU.scaffold_7.1824,FALSE,FALSE,neither
evm.TU.scaffold_7.1825,FALSE,FALSE,neither
evm.TU.scaffold_7.1826,FALSE,FALSE,neither
evm.TU.scaffold_7.1827,FALSE,FALSE,neither
evm.TU.scaffold_7.1828,FALSE,FALSE,neither
evm.TU.scaffold_7.1829,FALSE,FALSE,neither
evm.TU.scaffold_7.183,TRUE,TRUE,maternal zygotic
evm.TU.scaffold_7.1830,FALSE,TRUE,zygotic
evm.TU.scaffold_7.1831,TRUE,TRUE,maternal zygotic
evm.TU.scaffold_7.1832,TRUE,TRUE,maternal zygotic
evm.TU.scaffold_7.1833,TRUE,TRUE,maternal zygotic
evm.TU.scaffold_7.1834,TRUE,TRUE,maternal zygotic
evm.TU.scaffold_7.1835,FALSE,FALSE,neither
evm.TU.scaffold_7.1836_evm.TU.scaffold_7.1837,FALSE,FALSE,neither
evm.TU.scaffold_7.1838,FALSE,TRUE,zygotic
evm.TU.scaffold_7.1839,FALSE,FALSE,neither
evm.TU.scaffold_7.184,TRUE,TRUE,maternal zygotic
evm.TU.scaffold_7.1840,FALSE,FALSE,neither
evm.TU.scaffold_7.1841,FALSE,FALSE,neither
evm.TU.scaffold_7.1842,TRUE,TRUE,maternal zygotic
evm.TU.scaffold_7.1843,FALSE,FALSE,neither
evm.TU.scaffold_7.1844,TRUE,TRUE,maternal zygotic
evm.TU.scaffold_7.1845,FALSE,FALSE,neither
evm.TU.scaffold_7.1846,TRUE,TRUE,maternal zygotic
evm.TU.scaffold_7.1847,TRUE,TRUE,maternal zygotic
evm.TU.scaffold_7.1848,TRUE,TRUE,maternal zygotic
evm.TU.scaffold_7.1849,TRUE,TRUE,maternal zygotic
evm.TU.scaffold_7.1850,TRUE,TRUE,maternal zygotic
evm.TU.scaffold_7.1852,FALSE,FALSE,neither
evm.TU.scaffold_7.1859,FALSE,FALSE,neither
evm.TU.scaffold_7.186,TRUE,TRUE,maternal zygotic
evm.TU.scaffold_7.1860,FALSE,FALSE,neither
evm.TU.scaffold_7.1865,FALSE,FALSE,neither
evm.TU.scaffold_7.187,TRUE,TRUE,maternal zygotic
evm.TU.scaffold_7.1870,FALSE,FALSE,neither
evm.TU.scaffold_7.1871,FALSE,FALSE,neither
evm.TU.scaffold_7.1872,TRUE,TRUE,maternal zygotic
evm.TU.scaffold_7.1873,TRUE,TRUE,maternal zygotic
evm.TU.scaffold_7.1874,TRUE,TRUE,maternal zygotic
evm.TU.scaffold_7.1875,FALSE,FALSE,neither
evm.TU.scaffold_7.1876,FALSE,FALSE,neither
evm.TU.scaffold_7.1877,FALSE,FALSE,neither
evm.TU.scaffold_7.1878,FALSE,FALSE,neither
evm.TU.scaffold_7.1879,FALSE,TRUE,zygotic
evm.TU.scaffold_7.1880,TRUE,TRUE,maternal zygotic
evm.TU.scaffold_7.1881,FALSE,FALSE,neither
evm.TU.scaffold_7.1882,FALSE,FALSE,neither
evm.TU.scaffold_7.1883,FALSE,FALSE,neither
evm.TU.scaffold_7.1884,FALSE,FALSE,neither
evm.TU.scaffold_7.1885,FALSE,FALSE,neither
evm.TU.scaffold_7.1886,FALSE,FALSE,neither
evm.TU.scaffold_7.1889,FALSE,FALSE,neither
evm.TU.scaffold_7.188_evm.TU.scaffold_7.189,TRUE,TRUE,maternal zygotic
evm.TU.scaffold_7.1890,FALSE,FALSE,neither
evm.TU.scaffold_7.1891,FALSE,FALSE,neither
evm.TU.scaffold_7.1892,FALSE,FALSE,neither
evm.TU.scaffold_7.1893,FALSE,FALSE,neither
evm.TU.scaffold_7.1894,FALSE,FALSE,neither
evm.TU.scaffold_7.1895,FALSE,FALSE,neither
evm.TU.scaffold_7.1896,FALSE,FALSE,neither
evm.TU.scaffold_7.1897,FALSE,FALSE,neither
evm.TU.scaffold_7.1898,FALSE,FALSE,neither
evm.TU.scaffold_7.1899,FALSE,FALSE,neither
evm.TU.scaffold_7.19,TRUE,TRUE,maternal zygotic
evm.TU.scaffold_7.190,TRUE,TRUE,maternal zygotic
evm.TU.scaffold_7.1900,FALSE,FALSE,neither
evm.TU.scaffold_7.1901,FALSE,FALSE,neither
evm.TU.scaffold_7.1902,FALSE,FALSE,neither
evm.TU.scaffold_7.1903,FALSE,FALSE,neither
evm.TU.scaffold_7.1904,FALSE,FALSE,neither
evm.TU.scaffold_7.1905,FALSE,FALSE,neither
evm.TU.scaffold_7.1906,FALSE,FALSE,neither
evm.TU.scaffold_7.1907,FALSE,FALSE,neither
evm.TU.scaffold_7.1908,FALSE,FALSE,neither
evm.TU.scaffold_7.1909,FALSE,FALSE,neither
evm.TU.scaffold_7.191,FALSE,FALSE,neither
evm.TU.scaffold_7.1910,FALSE,FALSE,neither
evm.TU.scaffold_7.1911,FALSE,FALSE,neither
evm.TU.scaffold_7.1912,TRUE,TRUE,maternal zygotic
evm.TU.scaffold_7.1913,TRUE,TRUE,maternal zygotic
evm.TU.scaffold_7.1914,FALSE,FALSE,neither
evm.TU.scaffold_7.1915,FALSE,FALSE,neither
evm.TU.scaffold_7.1916,FALSE,FALSE,neither
evm.TU.scaffold_7.1917,TRUE,TRUE,maternal zygotic
evm.TU.scaffold_7.1918,FALSE,TRUE,zygotic
evm.TU.scaffold_7.1919,TRUE,TRUE,maternal zygotic
evm.TU.scaffold_7.192,FALSE,FALSE,neither
evm.TU.scaffold_7.1920,FALSE,TRUE,zygotic
evm.TU.scaffold_7.1921,TRUE,FALSE,maternal
evm.TU.scaffold_7.1922,FALSE,FALSE,neither
evm.TU.scaffold_7.1923,TRUE,TRUE,maternal zygotic
evm.TU.scaffold_7.1924,TRUE,TRUE,maternal zygotic
evm.TU.scaffold_7.1925,TRUE,TRUE,maternal zygotic
evm.TU.scaffold_7.1926,TRUE,TRUE,maternal zygotic
evm.TU.scaffold_7.1927,FALSE,FALSE,neither
evm.TU.scaffold_7.1929,TRUE,TRUE,maternal zygotic
evm.TU.scaffold_7.193,FALSE,FALSE,neither
evm.TU.scaffold_7.1930,FALSE,TRUE,zygotic
evm.TU.scaffold_7.1931,FALSE,TRUE,zygotic
evm.TU.scaffold_7.1932,FALSE,FALSE,neither
evm.TU.scaffold_7.1933,TRUE,TRUE,maternal zygotic
evm.TU.scaffold_7.1934,FALSE,FALSE,neither
evm.TU.scaffold_7.1936,TRUE,TRUE,maternal zygotic
evm.TU.scaffold_7.1937,TRUE,TRUE,maternal zygotic
evm.TU.scaffold_7.1938,TRUE,TRUE,maternal zygotic
evm.TU.scaffold_7.1939,FALSE,FALSE,neither
evm.TU.scaffold_7.1940,TRUE,TRUE,maternal zygotic
evm.TU.scaffold_7.1941,TRUE,TRUE,maternal zygotic
evm.TU.scaffold_7.1942,TRUE,TRUE,maternal zygotic
evm.TU.scaffold_7.1943,TRUE,FALSE,maternal
evm.TU.scaffold_7.1944,TRUE,TRUE,maternal zygotic
evm.TU.scaffold_7.1945,TRUE,TRUE,maternal zygotic
evm.TU.scaffold_7.1947,FALSE,FALSE,neither
evm.TU.scaffold_7.1949,FALSE,FALSE,neither
evm.TU.scaffold_7.1950,FALSE,FALSE,neither
evm.TU.scaffold_7.1951,FALSE,FALSE,neither
evm.TU.scaffold_7.1952,TRUE,TRUE,maternal zygotic
evm.TU.scaffold_7.1953,FALSE,FALSE,neither
evm.TU.scaffold_7.1954,FALSE,FALSE,neither
evm.TU.scaffold_7.1955,FALSE,FALSE,neither
evm.TU.scaffold_7.1958,FALSE,FALSE,neither
evm.TU.scaffold_7.196,FALSE,FALSE,neither
evm.TU.scaffold_7.1960,FALSE,FALSE,neither
evm.TU.scaffold_7.1961,FALSE,FALSE,neither
evm.TU.scaffold_7.1964,TRUE,TRUE,maternal zygotic
evm.TU.scaffold_7.1965,TRUE,TRUE,maternal zygotic
evm.TU.scaffold_7.1966,TRUE,TRUE,maternal zygotic
evm.TU.scaffold_7.1967,TRUE,TRUE,maternal zygotic
evm.TU.scaffold_7.1968,TRUE,TRUE,maternal zygotic
evm.TU.scaffold_7.1969,TRUE,TRUE,maternal zygotic
evm.TU.scaffold_7.197,FALSE,FALSE,neither
evm.TU.scaffold_7.1970,FALSE,FALSE,neither
evm.TU.scaffold_7.1971,TRUE,FALSE,maternal
evm.TU.scaffold_7.1972,TRUE,TRUE,maternal zygotic
evm.TU.scaffold_7.1973,TRUE,TRUE,maternal zygotic
evm.TU.scaffold_7.1974,TRUE,TRUE,maternal zygotic
evm.TU.scaffold_7.1975,FALSE,FALSE,neither
evm.TU.scaffold_7.1976,FALSE,FALSE,neither
evm.TU.scaffold_7.1977,TRUE,TRUE,maternal zygotic
evm.TU.scaffold_7.1978,TRUE,TRUE,maternal zygotic
evm.TU.scaffold_7.1979,TRUE,TRUE,maternal zygotic
evm.TU.scaffold_7.198,FALSE,FALSE,neither
evm.TU.scaffold_7.1980,TRUE,TRUE,maternal zygotic
evm.TU.scaffold_7.1981,FALSE,TRUE,zygotic
evm.TU.scaffold_7.1982,TRUE,TRUE,maternal zygotic
evm.TU.scaffold_7.1983,TRUE,TRUE,maternal zygotic
evm.TU.scaffold_7.1984,TRUE,TRUE,maternal zygotic
evm.TU.scaffold_7.1985,TRUE,TRUE,maternal zygotic
evm.TU.scaffold_7.1986,TRUE,TRUE,maternal zygotic
evm.TU.scaffold_7.1987,TRUE,TRUE,maternal zygotic
evm.TU.scaffold_7.1988,TRUE,TRUE,maternal zygotic
evm.TU.scaffold_7.1989,TRUE,TRUE,maternal zygotic
evm.TU.scaffold_7.199,FALSE,FALSE,neither
evm.TU.scaffold_7.1990,FALSE,FALSE,neither
evm.TU.scaffold_7.1991,TRUE,TRUE,maternal zygotic
evm.TU.scaffold_7.1992,FALSE,FALSE,neither
evm.TU.scaffold_7.1993,FALSE,FALSE,neither
evm.TU.scaffold_7.1994,FALSE,FALSE,neither
evm.TU.scaffold_7.1995_evm.TU.scaffold_7.1996,TRUE,TRUE,maternal zygotic
evm.TU.scaffold_7.1997,TRUE,TRUE,maternal zygotic
evm.TU.scaffold_7.1998,TRUE,TRUE,maternal zygotic
evm.TU.scaffold_7.1999,TRUE,TRUE,maternal zygotic
evm.TU.scaffold_7.2,FALSE,FALSE,neither
evm.TU.scaffold_7.20,FALSE,TRUE,zygotic
evm.TU.scaffold_7.200,FALSE,FALSE,neither
evm.TU.scaffold_7.2000,TRUE,TRUE,maternal zygotic
evm.TU.scaffold_7.2002,FALSE,FALSE,neither
evm.TU.scaffold_7.2003,FALSE,FALSE,neither
evm.TU.scaffold_7.2005,FALSE,TRUE,zygotic
evm.TU.scaffold_7.2006,TRUE,FALSE,maternal
evm.TU.scaffold_7.2007,FALSE,FALSE,neither
evm.TU.scaffold_7.2008,FALSE,FALSE,neither
evm.TU.scaffold_7.2009,FALSE,FALSE,neither
evm.TU.scaffold_7.201,FALSE,FALSE,neither
evm.TU.scaffold_7.2010,FALSE,FALSE,neither
evm.TU.scaffold_7.2011,TRUE,TRUE,maternal zygotic
evm.TU.scaffold_7.2012,FALSE,FALSE,neither
evm.TU.scaffold_7.2013,FALSE,FALSE,neither
evm.TU.scaffold_7.2014,TRUE,TRUE,maternal zygotic
evm.TU.scaffold_7.2015,TRUE,TRUE,maternal zygotic
evm.TU.scaffold_7.2016,TRUE,FALSE,maternal
evm.TU.scaffold_7.2017,FALSE,FALSE,neither
evm.TU.scaffold_7.2018,FALSE,FALSE,neither
evm.TU.scaffold_7.2019,FALSE,FALSE,neither
evm.TU.scaffold_7.202,FALSE,FALSE,neither
evm.TU.scaffold_7.2020,FALSE,FALSE,neither
evm.TU.scaffold_7.2021,FALSE,FALSE,neither
evm.TU.scaffold_7.2022,FALSE,FALSE,neither
evm.TU.scaffold_7.2023,FALSE,FALSE,neither
evm.TU.scaffold_7.2024,FALSE,FALSE,neither
evm.TU.scaffold_7.2025,FALSE,FALSE,neither
evm.TU.scaffold_7.2026,FALSE,FALSE,neither
evm.TU.scaffold_7.2027,FALSE,FALSE,neither
evm.TU.scaffold_7.2028,TRUE,TRUE,maternal zygotic
evm.TU.scaffold_7.2029,TRUE,TRUE,maternal zygotic
evm.TU.scaffold_7.203,FALSE,FALSE,neither
evm.TU.scaffold_7.2030,TRUE,TRUE,maternal zygotic
evm.TU.scaffold_7.2031,FALSE,TRUE,zygotic
evm.TU.scaffold_7.2035,TRUE,TRUE,maternal zygotic
evm.TU.scaffold_7.2036,FALSE,FALSE,neither
evm.TU.scaffold_7.2037,FALSE,FALSE,neither
evm.TU.scaffold_7.2038,TRUE,TRUE,maternal zygotic
evm.TU.scaffold_7.2039,TRUE,TRUE,maternal zygotic
evm.TU.scaffold_7.204,FALSE,FALSE,neither
evm.TU.scaffold_7.2040,FALSE,TRUE,zygotic
evm.TU.scaffold_7.2041,TRUE,TRUE,maternal zygotic
evm.TU.scaffold_7.2042,TRUE,TRUE,maternal zygotic
evm.TU.scaffold_7.2043,TRUE,TRUE,maternal zygotic
evm.TU.scaffold_7.2044,TRUE,TRUE,maternal zygotic
evm.TU.scaffold_7.2045,TRUE,TRUE,maternal zygotic
evm.TU.scaffold_7.2046,FALSE,FALSE,neither
evm.TU.scaffold_7.2048,FALSE,FALSE,neither
evm.TU.scaffold_7.2049,TRUE,TRUE,maternal zygotic
evm.TU.scaffold_7.205,FALSE,FALSE,neither
evm.TU.scaffold_7.2050,TRUE,TRUE,maternal zygotic
evm.TU.scaffold_7.2051,TRUE,TRUE,maternal zygotic
evm.TU.scaffold_7.2052,TRUE,TRUE,maternal zygotic
evm.TU.scaffold_7.2053,TRUE,TRUE,maternal zygotic
evm.TU.scaffold_7.2054,TRUE,TRUE,maternal zygotic
evm.TU.scaffold_7.2055,FALSE,FALSE,neither
evm.TU.scaffold_7.2056,FALSE,FALSE,neither
evm.TU.scaffold_7.2057,FALSE,FALSE,neither
evm.TU.scaffold_7.2059,FALSE,FALSE,neither
evm.TU.scaffold_7.2063,FALSE,FALSE,neither
evm.TU.scaffold_7.2064,FALSE,FALSE,neither
evm.TU.scaffold_7.2066,TRUE,TRUE,maternal zygotic
evm.TU.scaffold_7.2067,TRUE,TRUE,maternal zygotic
evm.TU.scaffold_7.2068,TRUE,TRUE,maternal zygotic
evm.TU.scaffold_7.2069,TRUE,TRUE,maternal zygotic
evm.TU.scaffold_7.207,FALSE,FALSE,neither
evm.TU.scaffold_7.2071,FALSE,FALSE,neither
evm.TU.scaffold_7.2072,FALSE,TRUE,zygotic
evm.TU.scaffold_7.2073,FALSE,FALSE,neither
evm.TU.scaffold_7.2074,TRUE,TRUE,maternal zygotic
evm.TU.scaffold_7.2075,FALSE,FALSE,neither
evm.TU.scaffold_7.2076,TRUE,TRUE,maternal zygotic
evm.TU.scaffold_7.2077,TRUE,TRUE,maternal zygotic
evm.TU.scaffold_7.2078,TRUE,TRUE,maternal zygotic
evm.TU.scaffold_7.2079,FALSE,FALSE,neither
evm.TU.scaffold_7.208,FALSE,FALSE,neither
evm.TU.scaffold_7.2080,TRUE,TRUE,maternal zygotic
evm.TU.scaffold_7.2081,TRUE,TRUE,maternal zygotic
evm.TU.scaffold_7.2082,TRUE,TRUE,maternal zygotic
evm.TU.scaffold_7.2083,FALSE,FALSE,neither
evm.TU.scaffold_7.2084,FALSE,TRUE,zygotic
evm.TU.scaffold_7.2085,FALSE,FALSE,neither
evm.TU.scaffold_7.2086,FALSE,FALSE,neither
evm.TU.scaffold_7.2087,TRUE,FALSE,maternal
evm.TU.scaffold_7.2088,FALSE,TRUE,zygotic
evm.TU.scaffold_7.2089,TRUE,TRUE,maternal zygotic
evm.TU.scaffold_7.209,FALSE,FALSE,neither
evm.TU.scaffold_7.2090,FALSE,FALSE,neither
evm.TU.scaffold_7.2091,TRUE,TRUE,maternal zygotic
evm.TU.scaffold_7.2092,FALSE,TRUE,zygotic
evm.TU.scaffold_7.2093,FALSE,FALSE,neither
evm.TU.scaffold_7.2094,FALSE,FALSE,neither
evm.TU.scaffold_7.2095,FALSE,FALSE,neither
evm.TU.scaffold_7.2096,FALSE,FALSE,neither
evm.TU.scaffold_7.2097,FALSE,FALSE,neither
evm.TU.scaffold_7.2098,FALSE,FALSE,neither
evm.TU.scaffold_7.21,FALSE,FALSE,neither
evm.TU.scaffold_7.210,FALSE,FALSE,neither
evm.TU.scaffold_7.2100,TRUE,TRUE,maternal zygotic
evm.TU.scaffold_7.2101,TRUE,TRUE,maternal zygotic
evm.TU.scaffold_7.2102,TRUE,TRUE,maternal zygotic
evm.TU.scaffold_7.2103,FALSE,FALSE,neither
evm.TU.scaffold_7.2104,TRUE,TRUE,maternal zygotic
evm.TU.scaffold_7.2105,TRUE,TRUE,maternal zygotic
evm.TU.scaffold_7.2106,FALSE,FALSE,neither
evm.TU.scaffold_7.2107,FALSE,FALSE,neither
evm.TU.scaffold_7.2108,TRUE,TRUE,maternal zygotic
evm.TU.scaffold_7.2109,TRUE,TRUE,maternal zygotic
evm.TU.scaffold_7.211,FALSE,FALSE,neither
evm.TU.scaffold_7.2110,TRUE,TRUE,maternal zygotic
evm.TU.scaffold_7.2111,FALSE,FALSE,neither
evm.TU.scaffold_7.2112,TRUE,TRUE,maternal zygotic
evm.TU.scaffold_7.2113,TRUE,TRUE,maternal zygotic
evm.TU.scaffold_7.2114,TRUE,TRUE,maternal zygotic
evm.TU.scaffold_7.2115,TRUE,TRUE,maternal zygotic
evm.TU.scaffold_7.2116,TRUE,TRUE,maternal zygotic
evm.TU.scaffold_7.2117,FALSE,FALSE,neither
evm.TU.scaffold_7.2118,FALSE,FALSE,neither
evm.TU.scaffold_7.2119,FALSE,TRUE,zygotic
evm.TU.scaffold_7.212,FALSE,FALSE,neither
evm.TU.scaffold_7.2120,TRUE,TRUE,maternal zygotic
evm.TU.scaffold_7.2121,TRUE,TRUE,maternal zygotic
evm.TU.scaffold_7.2122,FALSE,FALSE,neither
evm.TU.scaffold_7.2123,FALSE,FALSE,neither
evm.TU.scaffold_7.2125,FALSE,FALSE,neither
evm.TU.scaffold_7.2127,FALSE,FALSE,neither
evm.TU.scaffold_7.213,FALSE,FALSE,neither
evm.TU.scaffold_7.2130,FALSE,FALSE,neither
evm.TU.scaffold_7.2131,FALSE,FALSE,neither
evm.TU.scaffold_7.2132,FALSE,FALSE,neither
evm.TU.scaffold_7.2133,FALSE,FALSE,neither
evm.TU.scaffold_7.2134,FALSE,FALSE,neither
evm.TU.scaffold_7.2135,FALSE,FALSE,neither
evm.TU.scaffold_7.2137,FALSE,FALSE,neither
evm.TU.scaffold_7.2138,FALSE,FALSE,neither
evm.TU.scaffold_7.2139_evm.TU.scaffold_7.2140,FALSE,FALSE,neither
evm.TU.scaffold_7.214,FALSE,FALSE,neither
evm.TU.scaffold_7.2141,FALSE,FALSE,neither
evm.TU.scaffold_7.2142,FALSE,FALSE,neither
evm.TU.scaffold_7.2144,FALSE,FALSE,neither
evm.TU.scaffold_7.2145,TRUE,TRUE,maternal zygotic
evm.TU.scaffold_7.2146_evm.TU.scaffold_7.2147,TRUE,TRUE,maternal zygotic
evm.TU.scaffold_7.2148,TRUE,TRUE,maternal zygotic
evm.TU.scaffold_7.2149,FALSE,TRUE,zygotic
evm.TU.scaffold_7.215,FALSE,FALSE,neither
evm.TU.scaffold_7.2150,FALSE,TRUE,zygotic
evm.TU.scaffold_7.2151,FALSE,FALSE,neither
evm.TU.scaffold_7.2152,TRUE,TRUE,maternal zygotic
evm.TU.scaffold_7.2153,TRUE,TRUE,maternal zygotic
evm.TU.scaffold_7.2154,FALSE,FALSE,neither
evm.TU.scaffold_7.2155,FALSE,FALSE,neither
evm.TU.scaffold_7.2156,FALSE,FALSE,neither
evm.TU.scaffold_7.2157,TRUE,TRUE,maternal zygotic
evm.TU.scaffold_7.2158,TRUE,TRUE,maternal zygotic
evm.TU.scaffold_7.2159,TRUE,TRUE,maternal zygotic
evm.TU.scaffold_7.216,TRUE,TRUE,maternal zygotic
evm.TU.scaffold_7.2160,FALSE,FALSE,neither
evm.TU.scaffold_7.2162,TRUE,TRUE,maternal zygotic
evm.TU.scaffold_7.2163,TRUE,TRUE,maternal zygotic
evm.TU.scaffold_7.2164,TRUE,TRUE,maternal zygotic
evm.TU.scaffold_7.2165,FALSE,FALSE,neither
evm.TU.scaffold_7.2166,FALSE,FALSE,neither
evm.TU.scaffold_7.2167,FALSE,FALSE,neither
evm.TU.scaffold_7.2168,FALSE,FALSE,neither
evm.TU.scaffold_7.2169,FALSE,FALSE,neither
evm.TU.scaffold_7.217,TRUE,TRUE,maternal zygotic
evm.TU.scaffold_7.2170,FALSE,FALSE,neither
evm.TU.scaffold_7.2171,TRUE,TRUE,maternal zygotic
evm.TU.scaffold_7.2172,TRUE,TRUE,maternal zygotic
evm.TU.scaffold_7.2173,FALSE,TRUE,zygotic
evm.TU.scaffold_7.2174,TRUE,TRUE,maternal zygotic
evm.TU.scaffold_7.2175,TRUE,TRUE,maternal zygotic
evm.TU.scaffold_7.2176,TRUE,TRUE,maternal zygotic
evm.TU.scaffold_7.2178,TRUE,TRUE,maternal zygotic
evm.TU.scaffold_7.2179,TRUE,TRUE,maternal zygotic
evm.TU.scaffold_7.218,TRUE,TRUE,maternal zygotic
evm.TU.scaffold_7.2180,TRUE,TRUE,maternal zygotic
evm.TU.scaffold_7.2181,TRUE,TRUE,maternal zygotic
evm.TU.scaffold_7.2182,TRUE,TRUE,maternal zygotic
evm.TU.scaffold_7.2183,TRUE,TRUE,maternal zygotic
evm.TU.scaffold_7.2184,TRUE,TRUE,maternal zygotic
evm.TU.scaffold_7.2185,TRUE,TRUE,maternal zygotic
evm.TU.scaffold_7.2186,TRUE,TRUE,maternal zygotic
evm.TU.scaffold_7.2187,TRUE,TRUE,maternal zygotic
evm.TU.scaffold_7.2189,TRUE,TRUE,maternal zygotic
evm.TU.scaffold_7.219,TRUE,TRUE,maternal zygotic
evm.TU.scaffold_7.2190,TRUE,TRUE,maternal zygotic
evm.TU.scaffold_7.2191,TRUE,TRUE,maternal zygotic
evm.TU.scaffold_7.2192,FALSE,TRUE,zygotic
evm.TU.scaffold_7.2193,FALSE,FALSE,neither
evm.TU.scaffold_7.2194,FALSE,TRUE,zygotic
evm.TU.scaffold_7.2195,TRUE,TRUE,maternal zygotic
evm.TU.scaffold_7.2196,FALSE,FALSE,neither
evm.TU.scaffold_7.2197,FALSE,FALSE,neither
evm.TU.scaffold_7.2198,FALSE,FALSE,neither
evm.TU.scaffold_7.22,FALSE,FALSE,neither
evm.TU.scaffold_7.220,TRUE,TRUE,maternal zygotic
evm.TU.scaffold_7.2200,FALSE,FALSE,neither
evm.TU.scaffold_7.2201,FALSE,FALSE,neither
evm.TU.scaffold_7.2202,TRUE,TRUE,maternal zygotic
evm.TU.scaffold_7.2203,TRUE,TRUE,maternal zygotic
evm.TU.scaffold_7.2204,TRUE,TRUE,maternal zygotic
evm.TU.scaffold_7.2205,TRUE,TRUE,maternal zygotic
evm.TU.scaffold_7.2206,TRUE,TRUE,maternal zygotic
evm.TU.scaffold_7.2207,TRUE,TRUE,maternal zygotic
evm.TU.scaffold_7.2208,TRUE,FALSE,maternal
evm.TU.scaffold_7.2209,TRUE,TRUE,maternal zygotic
evm.TU.scaffold_7.221,TRUE,TRUE,maternal zygotic
evm.TU.scaffold_7.2210,TRUE,TRUE,maternal zygotic
evm.TU.scaffold_7.2211,FALSE,FALSE,neither
evm.TU.scaffold_7.2212,TRUE,TRUE,maternal zygotic
evm.TU.scaffold_7.2213,FALSE,FALSE,neither
evm.TU.scaffold_7.2214,FALSE,FALSE,neither
evm.TU.scaffold_7.2215,FALSE,FALSE,neither
evm.TU.scaffold_7.2216,FALSE,FALSE,neither
evm.TU.scaffold_7.2217,FALSE,FALSE,neither
evm.TU.scaffold_7.222,TRUE,TRUE,maternal zygotic
evm.TU.scaffold_7.2221,FALSE,FALSE,neither
evm.TU.scaffold_7.2222,FALSE,FALSE,neither
evm.TU.scaffold_7.2223,FALSE,TRUE,zygotic
evm.TU.scaffold_7.2224,TRUE,TRUE,maternal zygotic
evm.TU.scaffold_7.2225,TRUE,TRUE,maternal zygotic
evm.TU.scaffold_7.2227,TRUE,TRUE,maternal zygotic
evm.TU.scaffold_7.2228,TRUE,TRUE,maternal zygotic
evm.TU.scaffold_7.223,FALSE,TRUE,zygotic
evm.TU.scaffold_7.2230,FALSE,FALSE,neither
evm.TU.scaffold_7.2231,FALSE,FALSE,neither
evm.TU.scaffold_7.2232,FALSE,FALSE,neither
evm.TU.scaffold_7.2234,TRUE,TRUE,maternal zygotic
evm.TU.scaffold_7.2235,FALSE,FALSE,neither
evm.TU.scaffold_7.2236,FALSE,FALSE,neither
evm.TU.scaffold_7.2237,TRUE,TRUE,maternal zygotic
evm.TU.scaffold_7.2238,TRUE,TRUE,maternal zygotic
evm.TU.scaffold_7.2239,TRUE,TRUE,maternal zygotic
evm.TU.scaffold_7.224,FALSE,FALSE,neither
evm.TU.scaffold_7.2240,FALSE,FALSE,neither
evm.TU.scaffold_7.2241,FALSE,FALSE,neither
evm.TU.scaffold_7.2242,TRUE,TRUE,maternal zygotic
evm.TU.scaffold_7.2243,TRUE,TRUE,maternal zygotic
evm.TU.scaffold_7.2244,TRUE,TRUE,maternal zygotic
evm.TU.scaffold_7.2246,FALSE,FALSE,neither
evm.TU.scaffold_7.2247,TRUE,TRUE,maternal zygotic
evm.TU.scaffold_7.2248,TRUE,TRUE,maternal zygotic
evm.TU.scaffold_7.2249,TRUE,TRUE,maternal zygotic
evm.TU.scaffold_7.225,TRUE,TRUE,maternal zygotic
evm.TU.scaffold_7.2250,TRUE,TRUE,maternal zygotic
evm.TU.scaffold_7.2251,TRUE,TRUE,maternal zygotic
evm.TU.scaffold_7.2252,TRUE,TRUE,maternal zygotic
evm.TU.scaffold_7.2253,TRUE,TRUE,maternal zygotic
evm.TU.scaffold_7.2254,TRUE,TRUE,maternal zygotic
evm.TU.scaffold_7.2255,TRUE,TRUE,maternal zygotic
evm.TU.scaffold_7.2256,TRUE,TRUE,maternal zygotic
evm.TU.scaffold_7.2257,TRUE,TRUE,maternal zygotic
evm.TU.scaffold_7.2258,TRUE,TRUE,maternal zygotic
evm.TU.scaffold_7.2259,TRUE,TRUE,maternal zygotic
evm.TU.scaffold_7.226,TRUE,TRUE,maternal zygotic
evm.TU.scaffold_7.2260,TRUE,TRUE,maternal zygotic
evm.TU.scaffold_7.2261,TRUE,TRUE,maternal zygotic
evm.TU.scaffold_7.2262,TRUE,TRUE,maternal zygotic
evm.TU.scaffold_7.2263,TRUE,TRUE,maternal zygotic
evm.TU.scaffold_7.2264,TRUE,TRUE,maternal zygotic
evm.TU.scaffold_7.2265,FALSE,FALSE,neither
evm.TU.scaffold_7.2266,FALSE,FALSE,neither
evm.TU.scaffold_7.2267,FALSE,FALSE,neither
evm.TU.scaffold_7.2268,TRUE,TRUE,maternal zygotic
evm.TU.scaffold_7.2269,FALSE,FALSE,neither
evm.TU.scaffold_7.227,TRUE,TRUE,maternal zygotic
evm.TU.scaffold_7.2270,FALSE,FALSE,neither
evm.TU.scaffold_7.2271,FALSE,FALSE,neither
evm.TU.scaffold_7.2272,TRUE,TRUE,maternal zygotic
evm.TU.scaffold_7.2273,TRUE,TRUE,maternal zygotic
evm.TU.scaffold_7.2274,TRUE,TRUE,maternal zygotic
evm.TU.scaffold_7.2275,TRUE,TRUE,maternal zygotic
evm.TU.scaffold_7.2276,TRUE,TRUE,maternal zygotic
evm.TU.scaffold_7.2277,TRUE,TRUE,maternal zygotic
evm.TU.scaffold_7.2279,FALSE,FALSE,neither
evm.TU.scaffold_7.228,TRUE,TRUE,maternal zygotic
evm.TU.scaffold_7.2280,TRUE,TRUE,maternal zygotic
evm.TU.scaffold_7.2281,FALSE,FALSE,neither
evm.TU.scaffold_7.2282,FALSE,FALSE,neither
evm.TU.scaffold_7.2283_evm.TU.scaffold_7.2284,FALSE,FALSE,neither
evm.TU.scaffold_7.2285,FALSE,FALSE,neither
evm.TU.scaffold_7.2286,FALSE,FALSE,neither
evm.TU.scaffold_7.2288,FALSE,FALSE,neither
evm.TU.scaffold_7.2291,FALSE,FALSE,neither
evm.TU.scaffold_7.2292,FALSE,FALSE,neither
evm.TU.scaffold_7.2293,TRUE,TRUE,maternal zygotic
evm.TU.scaffold_7.2294,TRUE,TRUE,maternal zygotic
evm.TU.scaffold_7.2295_evm.TU.scaffold_7.2296,TRUE,TRUE,maternal zygotic
evm.TU.scaffold_7.2297,TRUE,TRUE,maternal zygotic
evm.TU.scaffold_7.2299,TRUE,TRUE,maternal zygotic
evm.TU.scaffold_7.23,FALSE,FALSE,neither
evm.TU.scaffold_7.2300,TRUE,TRUE,maternal zygotic
evm.TU.scaffold_7.2301,TRUE,TRUE,maternal zygotic
evm.TU.scaffold_7.2302,FALSE,FALSE,neither
evm.TU.scaffold_7.2303,TRUE,TRUE,maternal zygotic
evm.TU.scaffold_7.2304,TRUE,TRUE,maternal zygotic
evm.TU.scaffold_7.2305,TRUE,TRUE,maternal zygotic
evm.TU.scaffold_7.2307,TRUE,TRUE,maternal zygotic
evm.TU.scaffold_7.2308,FALSE,FALSE,neither
evm.TU.scaffold_7.2309,FALSE,FALSE,neither
evm.TU.scaffold_7.231,TRUE,TRUE,maternal zygotic
evm.TU.scaffold_7.2310,FALSE,FALSE,neither
evm.TU.scaffold_7.2311,TRUE,TRUE,maternal zygotic
evm.TU.scaffold_7.2312,FALSE,FALSE,neither
evm.TU.scaffold_7.2313,TRUE,TRUE,maternal zygotic
evm.TU.scaffold_7.2314,TRUE,TRUE,maternal zygotic
evm.TU.scaffold_7.2315,TRUE,TRUE,maternal zygotic
evm.TU.scaffold_7.2316,TRUE,TRUE,maternal zygotic
evm.TU.scaffold_7.2317_evm.TU.scaffold_7.2318,FALSE,FALSE,neither
evm.TU.scaffold_7.2319,FALSE,FALSE,neither
evm.TU.scaffold_7.232,TRUE,TRUE,maternal zygotic
evm.TU.scaffold_7.2320,FALSE,FALSE,neither
evm.TU.scaffold_7.2321,FALSE,FALSE,neither
evm.TU.scaffold_7.2322,TRUE,TRUE,maternal zygotic
evm.TU.scaffold_7.2323,FALSE,FALSE,neither
evm.TU.scaffold_7.2324,TRUE,TRUE,maternal zygotic
evm.TU.scaffold_7.2325,TRUE,TRUE,maternal zygotic
evm.TU.scaffold_7.2326,FALSE,FALSE,neither
evm.TU.scaffold_7.2327,TRUE,TRUE,maternal zygotic
evm.TU.scaffold_7.2328,TRUE,TRUE,maternal zygotic
evm.TU.scaffold_7.2329,TRUE,TRUE,maternal zygotic
evm.TU.scaffold_7.233,TRUE,TRUE,maternal zygotic
evm.TU.scaffold_7.2330,FALSE,FALSE,neither
evm.TU.scaffold_7.2331,TRUE,TRUE,maternal zygotic
evm.TU.scaffold_7.2332,FALSE,FALSE,neither
evm.TU.scaffold_7.2333,TRUE,TRUE,maternal zygotic
evm.TU.scaffold_7.2334,TRUE,TRUE,maternal zygotic
evm.TU.scaffold_7.2335,TRUE,TRUE,maternal zygotic
evm.TU.scaffold_7.2336,FALSE,FALSE,neither
evm.TU.scaffold_7.2337_evm.TU.scaffold_7.2338,TRUE,TRUE,maternal zygotic
evm.TU.scaffold_7.234,FALSE,TRUE,zygotic
evm.TU.scaffold_7.2340,TRUE,TRUE,maternal zygotic
evm.TU.scaffold_7.2341,TRUE,TRUE,maternal zygotic
evm.TU.scaffold_7.2342,FALSE,FALSE,neither
evm.TU.scaffold_7.2343,FALSE,FALSE,neither
evm.TU.scaffold_7.2344,TRUE,TRUE,maternal zygotic
evm.TU.scaffold_7.2345,FALSE,TRUE,zygotic
evm.TU.scaffold_7.2346,FALSE,FALSE,neither
evm.TU.scaffold_7.2347,FALSE,FALSE,neither
evm.TU.scaffold_7.2348,FALSE,FALSE,neither
evm.TU.scaffold_7.2349,TRUE,TRUE,maternal zygotic
evm.TU.scaffold_7.235,TRUE,TRUE,maternal zygotic
evm.TU.scaffold_7.2350,TRUE,TRUE,maternal zygotic
evm.TU.scaffold_7.2351,TRUE,TRUE,maternal zygotic
evm.TU.scaffold_7.2352,TRUE,TRUE,maternal zygotic
evm.TU.scaffold_7.2353,TRUE,TRUE,maternal zygotic
evm.TU.scaffold_7.2354,TRUE,TRUE,maternal zygotic
evm.TU.scaffold_7.2355,TRUE,TRUE,maternal zygotic
evm.TU.scaffold_7.2356,TRUE,TRUE,maternal zygotic
evm.TU.scaffold_7.2357,FALSE,FALSE,neither
evm.TU.scaffold_7.2358,FALSE,FALSE,neither
evm.TU.scaffold_7.2359,TRUE,TRUE,maternal zygotic
evm.TU.scaffold_7.236,FALSE,TRUE,zygotic
evm.TU.scaffold_7.2360,FALSE,FALSE,neither
evm.TU.scaffold_7.2361,TRUE,TRUE,maternal zygotic
evm.TU.scaffold_7.2362,FALSE,FALSE,neither
evm.TU.scaffold_7.2363,TRUE,TRUE,maternal zygotic
evm.TU.scaffold_7.2364,TRUE,TRUE,maternal zygotic
evm.TU.scaffold_7.2365,TRUE,TRUE,maternal zygotic
evm.TU.scaffold_7.2366,FALSE,FALSE,neither
evm.TU.scaffold_7.2367,FALSE,FALSE,neither
evm.TU.scaffold_7.2368,FALSE,FALSE,neither
evm.TU.scaffold_7.2369,TRUE,TRUE,maternal zygotic
evm.TU.scaffold_7.2370,TRUE,TRUE,maternal zygotic
evm.TU.scaffold_7.2371,FALSE,FALSE,neither
evm.TU.scaffold_7.2372,TRUE,TRUE,maternal zygotic
evm.TU.scaffold_7.2373,TRUE,TRUE,maternal zygotic
evm.TU.scaffold_7.2374,TRUE,TRUE,maternal zygotic
evm.TU.scaffold_7.2377,FALSE,FALSE,neither
evm.TU.scaffold_7.2378,FALSE,FALSE,neither
evm.TU.scaffold_7.2379,TRUE,TRUE,maternal zygotic
evm.TU.scaffold_7.238,TRUE,TRUE,maternal zygotic
evm.TU.scaffold_7.2380,TRUE,TRUE,maternal zygotic
evm.TU.scaffold_7.2381,FALSE,FALSE,neither
evm.TU.scaffold_7.2382,TRUE,TRUE,maternal zygotic
evm.TU.scaffold_7.2383,TRUE,TRUE,maternal zygotic
evm.TU.scaffold_7.2384,TRUE,TRUE,maternal zygotic
evm.TU.scaffold_7.2385,TRUE,TRUE,maternal zygotic
evm.TU.scaffold_7.2386,FALSE,FALSE,neither
evm.TU.scaffold_7.2387,FALSE,FALSE,neither
evm.TU.scaffold_7.2388,FALSE,FALSE,neither
evm.TU.scaffold_7.2389,TRUE,TRUE,maternal zygotic
evm.TU.scaffold_7.239,FALSE,FALSE,neither
evm.TU.scaffold_7.2390,TRUE,TRUE,maternal zygotic
evm.TU.scaffold_7.2391,TRUE,FALSE,maternal
evm.TU.scaffold_7.2392,TRUE,TRUE,maternal zygotic
evm.TU.scaffold_7.2393,TRUE,TRUE,maternal zygotic
evm.TU.scaffold_7.2394,TRUE,TRUE,maternal zygotic
evm.TU.scaffold_7.2395,TRUE,TRUE,maternal zygotic
evm.TU.scaffold_7.2396,TRUE,TRUE,maternal zygotic
evm.TU.scaffold_7.2397,TRUE,TRUE,maternal zygotic
evm.TU.scaffold_7.2398,FALSE,FALSE,neither
evm.TU.scaffold_7.2399,FALSE,FALSE,neither
evm.TU.scaffold_7.240,FALSE,FALSE,neither
evm.TU.scaffold_7.2400,FALSE,FALSE,neither
evm.TU.scaffold_7.2401,TRUE,TRUE,maternal zygotic
evm.TU.scaffold_7.2403,FALSE,TRUE,zygotic
evm.TU.scaffold_7.2404,TRUE,TRUE,maternal zygotic
evm.TU.scaffold_7.2405,TRUE,TRUE,maternal zygotic
evm.TU.scaffold_7.2406,TRUE,TRUE,maternal zygotic
evm.TU.scaffold_7.2407,TRUE,TRUE,maternal zygotic
evm.TU.scaffold_7.2408,TRUE,TRUE,maternal zygotic
evm.TU.scaffold_7.2409,TRUE,TRUE,maternal zygotic
evm.TU.scaffold_7.241,FALSE,FALSE,neither
evm.TU.scaffold_7.2410,FALSE,FALSE,neither
evm.TU.scaffold_7.2411,TRUE,TRUE,maternal zygotic
evm.TU.scaffold_7.2412,TRUE,TRUE,maternal zygotic
evm.TU.scaffold_7.2413,FALSE,FALSE,neither
evm.TU.scaffold_7.2414,FALSE,FALSE,neither
evm.TU.scaffold_7.2415,TRUE,TRUE,maternal zygotic
evm.TU.scaffold_7.2416,FALSE,FALSE,neither
evm.TU.scaffold_7.2417,TRUE,TRUE,maternal zygotic
evm.TU.scaffold_7.2418,FALSE,FALSE,neither
evm.TU.scaffold_7.2419,TRUE,TRUE,maternal zygotic
evm.TU.scaffold_7.242,FALSE,FALSE,neither
evm.TU.scaffold_7.2420,TRUE,TRUE,maternal zygotic
evm.TU.scaffold_7.2421,TRUE,TRUE,maternal zygotic
evm.TU.scaffold_7.2422,TRUE,TRUE,maternal zygotic
evm.TU.scaffold_7.2423,TRUE,TRUE,maternal zygotic
evm.TU.scaffold_7.2428,FALSE,FALSE,neither
evm.TU.scaffold_7.2429,FALSE,FALSE,neither
evm.TU.scaffold_7.243,FALSE,FALSE,neither
evm.TU.scaffold_7.2430,FALSE,FALSE,neither
evm.TU.scaffold_7.2431,FALSE,FALSE,neither
evm.TU.scaffold_7.2432,FALSE,FALSE,neither
evm.TU.scaffold_7.2433,FALSE,FALSE,neither
evm.TU.scaffold_7.2434,TRUE,TRUE,maternal zygotic
evm.TU.scaffold_7.2435,FALSE,FALSE,neither
evm.TU.scaffold_7.2438,FALSE,FALSE,neither
evm.TU.scaffold_7.2439,TRUE,TRUE,maternal zygotic
evm.TU.scaffold_7.244,FALSE,FALSE,neither
evm.TU.scaffold_7.2442,FALSE,FALSE,neither
evm.TU.scaffold_7.2443,TRUE,TRUE,maternal zygotic
evm.TU.scaffold_7.2444,FALSE,FALSE,neither
evm.TU.scaffold_7.2445,TRUE,TRUE,maternal zygotic
evm.TU.scaffold_7.2446,TRUE,TRUE,maternal zygotic
evm.TU.scaffold_7.2447,TRUE,TRUE,maternal zygotic
evm.TU.scaffold_7.2449,FALSE,FALSE,neither
evm.TU.scaffold_7.245,FALSE,FALSE,neither
evm.TU.scaffold_7.2450,FALSE,FALSE,neither
evm.TU.scaffold_7.2451,FALSE,FALSE,neither
evm.TU.scaffold_7.2452,TRUE,FALSE,maternal
evm.TU.scaffold_7.2453,TRUE,TRUE,maternal zygotic
evm.TU.scaffold_7.2455,TRUE,TRUE,maternal zygotic
evm.TU.scaffold_7.2456,TRUE,TRUE,maternal zygotic
evm.TU.scaffold_7.2457,TRUE,TRUE,maternal zygotic
evm.TU.scaffold_7.2458,TRUE,TRUE,maternal zygotic
evm.TU.scaffold_7.2459,FALSE,FALSE,neither
evm.TU.scaffold_7.246,FALSE,FALSE,neither
evm.TU.scaffold_7.2460,TRUE,TRUE,maternal zygotic
evm.TU.scaffold_7.2461,TRUE,TRUE,maternal zygotic
evm.TU.scaffold_7.2462,TRUE,TRUE,maternal zygotic
evm.TU.scaffold_7.2463,TRUE,TRUE,maternal zygotic
evm.TU.scaffold_7.2464,TRUE,TRUE,maternal zygotic
evm.TU.scaffold_7.2465,TRUE,TRUE,maternal zygotic
evm.TU.scaffold_7.2466,TRUE,TRUE,maternal zygotic
evm.TU.scaffold_7.2467,TRUE,TRUE,maternal zygotic
evm.TU.scaffold_7.2468,TRUE,TRUE,maternal zygotic
evm.TU.scaffold_7.2469,TRUE,TRUE,maternal zygotic
evm.TU.scaffold_7.247,FALSE,FALSE,neither
evm.TU.scaffold_7.2472,TRUE,TRUE,maternal zygotic
evm.TU.scaffold_7.2474,TRUE,TRUE,maternal zygotic
evm.TU.scaffold_7.2475,TRUE,TRUE,maternal zygotic
evm.TU.scaffold_7.2476,FALSE,TRUE,zygotic
evm.TU.scaffold_7.2477,FALSE,FALSE,neither
evm.TU.scaffold_7.2478,TRUE,TRUE,maternal zygotic
evm.TU.scaffold_7.2479,TRUE,FALSE,maternal
evm.TU.scaffold_7.248,FALSE,FALSE,neither
evm.TU.scaffold_7.2480,FALSE,FALSE,neither
evm.TU.scaffold_7.2482,TRUE,TRUE,maternal zygotic
evm.TU.scaffold_7.2483,TRUE,TRUE,maternal zygotic
evm.TU.scaffold_7.2484,TRUE,TRUE,maternal zygotic
evm.TU.scaffold_7.2485,TRUE,TRUE,maternal zygotic
evm.TU.scaffold_7.2486,TRUE,TRUE,maternal zygotic
evm.TU.scaffold_7.2487,TRUE,TRUE,maternal zygotic
evm.TU.scaffold_7.2488,TRUE,TRUE,maternal zygotic
evm.TU.scaffold_7.2489,TRUE,TRUE,maternal zygotic
evm.TU.scaffold_7.2490,TRUE,TRUE,maternal zygotic
evm.TU.scaffold_7.2491,TRUE,TRUE,maternal zygotic
evm.TU.scaffold_7.2492,TRUE,TRUE,maternal zygotic
evm.TU.scaffold_7.2493,TRUE,TRUE,maternal zygotic
evm.TU.scaffold_7.2494,TRUE,TRUE,maternal zygotic
evm.TU.scaffold_7.2495,TRUE,TRUE,maternal zygotic
evm.TU.scaffold_7.2496,TRUE,TRUE,maternal zygotic
evm.TU.scaffold_7.2497,FALSE,TRUE,zygotic
evm.TU.scaffold_7.2499,TRUE,TRUE,maternal zygotic
evm.TU.scaffold_7.25,FALSE,TRUE,zygotic
evm.TU.scaffold_7.250,FALSE,FALSE,neither
evm.TU.scaffold_7.2500,FALSE,FALSE,neither
evm.TU.scaffold_7.2501,FALSE,FALSE,neither
evm.TU.scaffold_7.2502,FALSE,FALSE,neither
evm.TU.scaffold_7.2503,FALSE,FALSE,neither
evm.TU.scaffold_7.2504,FALSE,FALSE,neither
evm.TU.scaffold_7.2505,TRUE,TRUE,maternal zygotic
evm.TU.scaffold_7.2506,FALSE,FALSE,neither
evm.TU.scaffold_7.2507,FALSE,FALSE,neither
evm.TU.scaffold_7.2508,FALSE,FALSE,neither
evm.TU.scaffold_7.2509,FALSE,FALSE,neither
evm.TU.scaffold_7.251,FALSE,FALSE,neither
evm.TU.scaffold_7.2510,FALSE,FALSE,neither
evm.TU.scaffold_7.2512,FALSE,FALSE,neither
evm.TU.scaffold_7.2513,TRUE,TRUE,maternal zygotic
evm.TU.scaffold_7.2514,FALSE,FALSE,neither
evm.TU.scaffold_7.2515,TRUE,TRUE,maternal zygotic
evm.TU.scaffold_7.2516,TRUE,TRUE,maternal zygotic
evm.TU.scaffold_7.2517,TRUE,TRUE,maternal zygotic
evm.TU.scaffold_7.2518,FALSE,TRUE,zygotic
evm.TU.scaffold_7.2519,FALSE,FALSE,neither
evm.TU.scaffold_7.252,FALSE,FALSE,neither
evm.TU.scaffold_7.2520,FALSE,FALSE,neither
evm.TU.scaffold_7.2521,TRUE,TRUE,maternal zygotic
evm.TU.scaffold_7.2522,TRUE,TRUE,maternal zygotic
evm.TU.scaffold_7.2523,TRUE,TRUE,maternal zygotic
evm.TU.scaffold_7.2524,TRUE,TRUE,maternal zygotic
evm.TU.scaffold_7.2525,TRUE,TRUE,maternal zygotic
evm.TU.scaffold_7.2526,TRUE,TRUE,maternal zygotic
evm.TU.scaffold_7.2527,TRUE,TRUE,maternal zygotic
evm.TU.scaffold_7.2528,FALSE,FALSE,neither
evm.TU.scaffold_7.2529,TRUE,TRUE,maternal zygotic
evm.TU.scaffold_7.253,FALSE,FALSE,neither
evm.TU.scaffold_7.2530,TRUE,TRUE,maternal zygotic
evm.TU.scaffold_7.2531,TRUE,TRUE,maternal zygotic
evm.TU.scaffold_7.2532,TRUE,TRUE,maternal zygotic
evm.TU.scaffold_7.2533,FALSE,FALSE,neither
evm.TU.scaffold_7.2534,FALSE,FALSE,neither
evm.TU.scaffold_7.2535,TRUE,TRUE,maternal zygotic
evm.TU.scaffold_7.2536,TRUE,TRUE,maternal zygotic
evm.TU.scaffold_7.2537,TRUE,TRUE,maternal zygotic
evm.TU.scaffold_7.2538,TRUE,TRUE,maternal zygotic
evm.TU.scaffold_7.2539,TRUE,TRUE,maternal zygotic
evm.TU.scaffold_7.254,TRUE,TRUE,maternal zygotic
evm.TU.scaffold_7.2540,TRUE,TRUE,maternal zygotic
evm.TU.scaffold_7.2541,TRUE,TRUE,maternal zygotic
evm.TU.scaffold_7.2542,TRUE,TRUE,maternal zygotic
evm.TU.scaffold_7.2543,TRUE,TRUE,maternal zygotic
evm.TU.scaffold_7.2544,TRUE,TRUE,maternal zygotic
evm.TU.scaffold_7.2545,TRUE,TRUE,maternal zygotic
evm.TU.scaffold_7.2546,FALSE,FALSE,neither
evm.TU.scaffold_7.2547,FALSE,FALSE,neither
evm.TU.scaffold_7.2549,FALSE,FALSE,neither
evm.TU.scaffold_7.255,FALSE,FALSE,neither
evm.TU.scaffold_7.2550,FALSE,FALSE,neither
evm.TU.scaffold_7.2551,FALSE,FALSE,neither
evm.TU.scaffold_7.2552,FALSE,FALSE,neither
evm.TU.scaffold_7.2553,FALSE,FALSE,neither
evm.TU.scaffold_7.2554_evm.TU.scaffold_7.2556,FALSE,FALSE,neither
evm.TU.scaffold_7.2555,FALSE,FALSE,neither
evm.TU.scaffold_7.2557,FALSE,FALSE,neither
evm.TU.scaffold_7.2558,TRUE,TRUE,maternal zygotic
evm.TU.scaffold_7.2559,TRUE,TRUE,maternal zygotic
evm.TU.scaffold_7.2560,TRUE,TRUE,maternal zygotic
evm.TU.scaffold_7.2561,FALSE,FALSE,neither
evm.TU.scaffold_7.2562,FALSE,FALSE,neither
evm.TU.scaffold_7.2563,FALSE,FALSE,neither
evm.TU.scaffold_7.2564,FALSE,FALSE,neither
evm.TU.scaffold_7.2565,FALSE,FALSE,neither
evm.TU.scaffold_7.2566,FALSE,FALSE,neither
evm.TU.scaffold_7.2567,FALSE,FALSE,neither
evm.TU.scaffold_7.2568,FALSE,FALSE,neither
evm.TU.scaffold_7.2571,FALSE,FALSE,neither
evm.TU.scaffold_7.2572,TRUE,TRUE,maternal zygotic
evm.TU.scaffold_7.2574,FALSE,FALSE,neither
evm.TU.scaffold_7.2575,FALSE,FALSE,neither
evm.TU.scaffold_7.2576,FALSE,FALSE,neither
evm.TU.scaffold_7.2577,FALSE,TRUE,zygotic
evm.TU.scaffold_7.2578,FALSE,TRUE,zygotic
evm.TU.scaffold_7.2579,FALSE,FALSE,neither
evm.TU.scaffold_7.2580,TRUE,TRUE,maternal zygotic
evm.TU.scaffold_7.2581,TRUE,TRUE,maternal zygotic
evm.TU.scaffold_7.2582,TRUE,TRUE,maternal zygotic
evm.TU.scaffold_7.2583,TRUE,TRUE,maternal zygotic
evm.TU.scaffold_7.2584,TRUE,TRUE,maternal zygotic
evm.TU.scaffold_7.2585,TRUE,TRUE,maternal zygotic
evm.TU.scaffold_7.2586,TRUE,TRUE,maternal zygotic
evm.TU.scaffold_7.2587,TRUE,TRUE,maternal zygotic
evm.TU.scaffold_7.2588,FALSE,FALSE,neither
evm.TU.scaffold_7.2589,FALSE,FALSE,neither
evm.TU.scaffold_7.2591,FALSE,FALSE,neither
evm.TU.scaffold_7.2592,TRUE,TRUE,maternal zygotic
evm.TU.scaffold_7.2593,FALSE,FALSE,neither
evm.TU.scaffold_7.2594,TRUE,TRUE,maternal zygotic
evm.TU.scaffold_7.2595,TRUE,TRUE,maternal zygotic
evm.TU.scaffold_7.2596,TRUE,TRUE,maternal zygotic
evm.TU.scaffold_7.2597,TRUE,TRUE,maternal zygotic
evm.TU.scaffold_7.2598,TRUE,TRUE,maternal zygotic
evm.TU.scaffold_7.2599,TRUE,TRUE,maternal zygotic
evm.TU.scaffold_7.26,TRUE,TRUE,maternal zygotic
evm.TU.scaffold_7.260,FALSE,FALSE,neither
evm.TU.scaffold_7.2600,FALSE,FALSE,neither
evm.TU.scaffold_7.2601,FALSE,FALSE,neither
evm.TU.scaffold_7.2602,FALSE,FALSE,neither
evm.TU.scaffold_7.2603,FALSE,FALSE,neither
evm.TU.scaffold_7.2604,FALSE,FALSE,neither
evm.TU.scaffold_7.2605,FALSE,FALSE,neither
evm.TU.scaffold_7.2606,TRUE,TRUE,maternal zygotic
evm.TU.scaffold_7.2608,FALSE,FALSE,neither
evm.TU.scaffold_7.261,TRUE,TRUE,maternal zygotic
evm.TU.scaffold_7.2610,TRUE,TRUE,maternal zygotic
evm.TU.scaffold_7.2611,FALSE,FALSE,neither
evm.TU.scaffold_7.2612,TRUE,TRUE,maternal zygotic
evm.TU.scaffold_7.2613,FALSE,FALSE,neither
evm.TU.scaffold_7.2614,FALSE,FALSE,neither
evm.TU.scaffold_7.2615,FALSE,FALSE,neither
evm.TU.scaffold_7.2616,FALSE,FALSE,neither
evm.TU.scaffold_7.2617,FALSE,FALSE,neither
evm.TU.scaffold_7.2618_evm.TU.scaffold_7.2619,FALSE,TRUE,zygotic
evm.TU.scaffold_7.262,TRUE,TRUE,maternal zygotic
evm.TU.scaffold_7.2620,FALSE,FALSE,neither
evm.TU.scaffold_7.2621,FALSE,FALSE,neither
evm.TU.scaffold_7.2622,FALSE,FALSE,neither
evm.TU.scaffold_7.2623,FALSE,FALSE,neither
evm.TU.scaffold_7.2624,FALSE,FALSE,neither
evm.TU.scaffold_7.2625,FALSE,FALSE,neither
evm.TU.scaffold_7.2626,FALSE,FALSE,neither
evm.TU.scaffold_7.263,TRUE,TRUE,maternal zygotic
evm.TU.scaffold_7.2631,FALSE,FALSE,neither
evm.TU.scaffold_7.2632,FALSE,FALSE,neither
evm.TU.scaffold_7.2633,FALSE,FALSE,neither
evm.TU.scaffold_7.2634,FALSE,FALSE,neither
evm.TU.scaffold_7.2635,FALSE,FALSE,neither
evm.TU.scaffold_7.2636,FALSE,FALSE,neither
evm.TU.scaffold_7.2637,FALSE,FALSE,neither
evm.TU.scaffold_7.2639,FALSE,FALSE,neither
evm.TU.scaffold_7.264,FALSE,FALSE,neither
evm.TU.scaffold_7.2640,FALSE,FALSE,neither
evm.TU.scaffold_7.2641_evm.TU.scaffold_7.2642,TRUE,TRUE,maternal zygotic
evm.TU.scaffold_7.2643,FALSE,FALSE,neither
evm.TU.scaffold_7.2644,FALSE,FALSE,neither
evm.TU.scaffold_7.2647,FALSE,TRUE,zygotic
evm.TU.scaffold_7.2648,FALSE,FALSE,neither
evm.TU.scaffold_7.2649,TRUE,TRUE,maternal zygotic
evm.TU.scaffold_7.265,TRUE,TRUE,maternal zygotic
evm.TU.scaffold_7.2650,FALSE,FALSE,neither
evm.TU.scaffold_7.2651,TRUE,TRUE,maternal zygotic
evm.TU.scaffold_7.2652,TRUE,TRUE,maternal zygotic
evm.TU.scaffold_7.2653,TRUE,TRUE,maternal zygotic
evm.TU.scaffold_7.2654,FALSE,FALSE,neither
evm.TU.scaffold_7.2655,TRUE,TRUE,maternal zygotic
evm.TU.scaffold_7.2656,TRUE,TRUE,maternal zygotic
evm.TU.scaffold_7.2657_evm.TU.scaffold_7.2658,TRUE,TRUE,maternal zygotic
evm.TU.scaffold_7.2659,TRUE,TRUE,maternal zygotic
evm.TU.scaffold_7.2660,FALSE,TRUE,zygotic
evm.TU.scaffold_7.2661,TRUE,TRUE,maternal zygotic
evm.TU.scaffold_7.2662,TRUE,TRUE,maternal zygotic
evm.TU.scaffold_7.2663,TRUE,TRUE,maternal zygotic
evm.TU.scaffold_7.2665,TRUE,TRUE,maternal zygotic
evm.TU.scaffold_7.2666,TRUE,TRUE,maternal zygotic
evm.TU.scaffold_7.2667,TRUE,TRUE,maternal zygotic
evm.TU.scaffold_7.2668,TRUE,TRUE,maternal zygotic
evm.TU.scaffold_7.2669,TRUE,TRUE,maternal zygotic
evm.TU.scaffold_7.267,TRUE,TRUE,maternal zygotic
evm.TU.scaffold_7.2670,TRUE,TRUE,maternal zygotic
evm.TU.scaffold_7.2671,TRUE,TRUE,maternal zygotic
evm.TU.scaffold_7.2672,TRUE,TRUE,maternal zygotic
evm.TU.scaffold_7.2673,TRUE,TRUE,maternal zygotic
evm.TU.scaffold_7.2674,TRUE,TRUE,maternal zygotic
evm.TU.scaffold_7.2675,TRUE,TRUE,maternal zygotic
evm.TU.scaffold_7.2676,TRUE,TRUE,maternal zygotic
evm.TU.scaffold_7.2677,TRUE,FALSE,maternal
evm.TU.scaffold_7.2678,TRUE,TRUE,maternal zygotic
evm.TU.scaffold_7.2679,TRUE,TRUE,maternal zygotic
evm.TU.scaffold_7.268,FALSE,FALSE,neither
evm.TU.scaffold_7.2680,FALSE,FALSE,neither
evm.TU.scaffold_7.2681,FALSE,FALSE,neither
evm.TU.scaffold_7.2682,TRUE,TRUE,maternal zygotic
evm.TU.scaffold_7.2685,TRUE,TRUE,maternal zygotic
evm.TU.scaffold_7.2686,TRUE,TRUE,maternal zygotic
evm.TU.scaffold_7.2687,TRUE,TRUE,maternal zygotic
evm.TU.scaffold_7.2688,FALSE,FALSE,neither
evm.TU.scaffold_7.269,FALSE,FALSE,neither
evm.TU.scaffold_7.2692,TRUE,TRUE,maternal zygotic
evm.TU.scaffold_7.2693,TRUE,TRUE,maternal zygotic
evm.TU.scaffold_7.2695,TRUE,TRUE,maternal zygotic
evm.TU.scaffold_7.2696,TRUE,TRUE,maternal zygotic
evm.TU.scaffold_7.2697,TRUE,TRUE,maternal zygotic
evm.TU.scaffold_7.2698,FALSE,FALSE,neither
evm.TU.scaffold_7.2699,FALSE,FALSE,neither
evm.TU.scaffold_7.27,FALSE,FALSE,neither
evm.TU.scaffold_7.270,FALSE,FALSE,neither
evm.TU.scaffold_7.2700,TRUE,TRUE,maternal zygotic
evm.TU.scaffold_7.2701,TRUE,TRUE,maternal zygotic
evm.TU.scaffold_7.2702,TRUE,TRUE,maternal zygotic
evm.TU.scaffold_7.2703,TRUE,TRUE,maternal zygotic
evm.TU.scaffold_7.2704,TRUE,TRUE,maternal zygotic
evm.TU.scaffold_7.2705,TRUE,TRUE,maternal zygotic
evm.TU.scaffold_7.2706,TRUE,TRUE,maternal zygotic
evm.TU.scaffold_7.2707,TRUE,TRUE,maternal zygotic
evm.TU.scaffold_7.2709,TRUE,TRUE,maternal zygotic
evm.TU.scaffold_7.271,FALSE,FALSE,neither
evm.TU.scaffold_7.2710,FALSE,FALSE,neither
evm.TU.scaffold_7.2711,TRUE,TRUE,maternal zygotic
evm.TU.scaffold_7.2712,TRUE,TRUE,maternal zygotic
evm.TU.scaffold_7.2713,TRUE,TRUE,maternal zygotic
evm.TU.scaffold_7.2714,TRUE,TRUE,maternal zygotic
evm.TU.scaffold_7.2715,TRUE,TRUE,maternal zygotic
evm.TU.scaffold_7.2716,TRUE,TRUE,maternal zygotic
evm.TU.scaffold_7.2717,TRUE,TRUE,maternal zygotic
evm.TU.scaffold_7.2718,TRUE,TRUE,maternal zygotic
evm.TU.scaffold_7.272,FALSE,FALSE,neither
evm.TU.scaffold_7.2720,FALSE,FALSE,neither
evm.TU.scaffold_7.2723,TRUE,TRUE,maternal zygotic
evm.TU.scaffold_7.2724,TRUE,TRUE,maternal zygotic
evm.TU.scaffold_7.2725,TRUE,TRUE,maternal zygotic
evm.TU.scaffold_7.2726,FALSE,FALSE,neither
evm.TU.scaffold_7.2727,FALSE,FALSE,neither
evm.TU.scaffold_7.2728,TRUE,TRUE,maternal zygotic
evm.TU.scaffold_7.2729,TRUE,TRUE,maternal zygotic
evm.TU.scaffold_7.273,FALSE,FALSE,neither
evm.TU.scaffold_7.2731,TRUE,TRUE,maternal zygotic
evm.TU.scaffold_7.2738,FALSE,FALSE,neither
evm.TU.scaffold_7.2739,FALSE,FALSE,neither
evm.TU.scaffold_7.274,TRUE,TRUE,maternal zygotic
evm.TU.scaffold_7.2741,FALSE,FALSE,neither
evm.TU.scaffold_7.2743,FALSE,FALSE,neither
evm.TU.scaffold_7.2744,FALSE,FALSE,neither
evm.TU.scaffold_7.2745,FALSE,FALSE,neither
evm.TU.scaffold_7.2746,FALSE,TRUE,zygotic
evm.TU.scaffold_7.2747,FALSE,FALSE,neither
evm.TU.scaffold_7.2748,FALSE,FALSE,neither
evm.TU.scaffold_7.2749,FALSE,FALSE,neither
evm.TU.scaffold_7.275,TRUE,TRUE,maternal zygotic
evm.TU.scaffold_7.2750,FALSE,FALSE,neither
evm.TU.scaffold_7.2751,FALSE,FALSE,neither
evm.TU.scaffold_7.2752,FALSE,TRUE,zygotic
evm.TU.scaffold_7.2753,FALSE,FALSE,neither
evm.TU.scaffold_7.2754,FALSE,FALSE,neither
evm.TU.scaffold_7.2755,FALSE,FALSE,neither
evm.TU.scaffold_7.2756,FALSE,FALSE,neither
evm.TU.scaffold_7.2757,FALSE,TRUE,zygotic
evm.TU.scaffold_7.2758,FALSE,TRUE,zygotic
evm.TU.scaffold_7.2759,FALSE,FALSE,neither
evm.TU.scaffold_7.276,TRUE,TRUE,maternal zygotic
evm.TU.scaffold_7.2761,FALSE,FALSE,neither
evm.TU.scaffold_7.2762,FALSE,FALSE,neither
evm.TU.scaffold_7.2763,FALSE,FALSE,neither
evm.TU.scaffold_7.2764,FALSE,FALSE,neither
evm.TU.scaffold_7.2765,FALSE,FALSE,neither
evm.TU.scaffold_7.2766,FALSE,FALSE,neither
evm.TU.scaffold_7.2767,TRUE,TRUE,maternal zygotic
evm.TU.scaffold_7.2768,TRUE,TRUE,maternal zygotic
evm.TU.scaffold_7.2769,TRUE,TRUE,maternal zygotic
evm.TU.scaffold_7.277,TRUE,TRUE,maternal zygotic
evm.TU.scaffold_7.2770,TRUE,TRUE,maternal zygotic
evm.TU.scaffold_7.2771,TRUE,TRUE,maternal zygotic
evm.TU.scaffold_7.2772,FALSE,FALSE,neither
evm.TU.scaffold_7.2773,TRUE,TRUE,maternal zygotic
evm.TU.scaffold_7.2774,FALSE,FALSE,neither
evm.TU.scaffold_7.2775,FALSE,FALSE,neither
evm.TU.scaffold_7.2776,TRUE,TRUE,maternal zygotic
evm.TU.scaffold_7.2777,TRUE,TRUE,maternal zygotic
evm.TU.scaffold_7.2779,FALSE,FALSE,neither
evm.TU.scaffold_7.2780,FALSE,FALSE,neither
evm.TU.scaffold_7.2781,FALSE,FALSE,neither
evm.TU.scaffold_7.2782,FALSE,FALSE,neither
evm.TU.scaffold_7.2785,FALSE,FALSE,neither
evm.TU.scaffold_7.2786,FALSE,FALSE,neither
evm.TU.scaffold_7.2787,FALSE,FALSE,neither
evm.TU.scaffold_7.2788,FALSE,FALSE,neither
evm.TU.scaffold_7.2789,FALSE,FALSE,neither
evm.TU.scaffold_7.2790,TRUE,TRUE,maternal zygotic
evm.TU.scaffold_7.2791,TRUE,TRUE,maternal zygotic
evm.TU.scaffold_7.2792,TRUE,TRUE,maternal zygotic
evm.TU.scaffold_7.2793,TRUE,TRUE,maternal zygotic
evm.TU.scaffold_7.2794,TRUE,TRUE,maternal zygotic
evm.TU.scaffold_7.2795,TRUE,TRUE,maternal zygotic
evm.TU.scaffold_7.2796,FALSE,FALSE,neither
evm.TU.scaffold_7.2797,TRUE,TRUE,maternal zygotic
evm.TU.scaffold_7.2799,FALSE,FALSE,neither
evm.TU.scaffold_7.28,TRUE,TRUE,maternal zygotic
evm.TU.scaffold_7.2800,FALSE,FALSE,neither
evm.TU.scaffold_7.2801,FALSE,FALSE,neither
evm.TU.scaffold_7.2804,FALSE,FALSE,neither
evm.TU.scaffold_7.2805,FALSE,FALSE,neither
evm.TU.scaffold_7.2806,FALSE,FALSE,neither
evm.TU.scaffold_7.2807,FALSE,FALSE,neither
evm.TU.scaffold_7.2808,FALSE,FALSE,neither
evm.TU.scaffold_7.2809,FALSE,FALSE,neither
evm.TU.scaffold_7.281,TRUE,TRUE,maternal zygotic
evm.TU.scaffold_7.2810,FALSE,FALSE,neither
evm.TU.scaffold_7.2811,FALSE,FALSE,neither
evm.TU.scaffold_7.2812,FALSE,FALSE,neither
evm.TU.scaffold_7.2813,TRUE,FALSE,maternal
evm.TU.scaffold_7.2814,TRUE,TRUE,maternal zygotic
evm.TU.scaffold_7.2815,TRUE,TRUE,maternal zygotic
evm.TU.scaffold_7.2816,TRUE,TRUE,maternal zygotic
evm.TU.scaffold_7.2817,FALSE,FALSE,neither
evm.TU.scaffold_7.2818,FALSE,FALSE,neither
evm.TU.scaffold_7.2819,TRUE,TRUE,maternal zygotic
evm.TU.scaffold_7.282,TRUE,TRUE,maternal zygotic
evm.TU.scaffold_7.2820,TRUE,TRUE,maternal zygotic
evm.TU.scaffold_7.2821,TRUE,TRUE,maternal zygotic
evm.TU.scaffold_7.2822,TRUE,TRUE,maternal zygotic
evm.TU.scaffold_7.2823,FALSE,FALSE,neither
evm.TU.scaffold_7.2824,FALSE,FALSE,neither
evm.TU.scaffold_7.2825,FALSE,FALSE,neither
evm.TU.scaffold_7.2826,FALSE,FALSE,neither
evm.TU.scaffold_7.2827,FALSE,TRUE,zygotic
evm.TU.scaffold_7.2828,TRUE,TRUE,maternal zygotic
evm.TU.scaffold_7.283,TRUE,TRUE,maternal zygotic
evm.TU.scaffold_7.2832,TRUE,TRUE,maternal zygotic
evm.TU.scaffold_7.2834,TRUE,TRUE,maternal zygotic
evm.TU.scaffold_7.2835,TRUE,TRUE,maternal zygotic
evm.TU.scaffold_7.2836,TRUE,TRUE,maternal zygotic
evm.TU.scaffold_7.2837,TRUE,TRUE,maternal zygotic
evm.TU.scaffold_7.2838,TRUE,TRUE,maternal zygotic
evm.TU.scaffold_7.2839,TRUE,TRUE,maternal zygotic
evm.TU.scaffold_7.284,TRUE,TRUE,maternal zygotic
evm.TU.scaffold_7.2840,FALSE,FALSE,neither
evm.TU.scaffold_7.2841,FALSE,FALSE,neither
evm.TU.scaffold_7.2842,TRUE,TRUE,maternal zygotic
evm.TU.scaffold_7.2843,TRUE,TRUE,maternal zygotic
evm.TU.scaffold_7.2844,TRUE,TRUE,maternal zygotic
evm.TU.scaffold_7.2845,TRUE,TRUE,maternal zygotic
evm.TU.scaffold_7.2847,FALSE,FALSE,neither
evm.TU.scaffold_7.2848,FALSE,FALSE,neither
evm.TU.scaffold_7.2849,FALSE,FALSE,neither
evm.TU.scaffold_7.285,TRUE,TRUE,maternal zygotic
evm.TU.scaffold_7.2851_evm.TU.scaffold_7.2850,TRUE,TRUE,maternal zygotic
evm.TU.scaffold_7.2852,TRUE,TRUE,maternal zygotic
evm.TU.scaffold_7.2853,FALSE,FALSE,neither
evm.TU.scaffold_7.2854,FALSE,TRUE,zygotic
evm.TU.scaffold_7.2855,FALSE,FALSE,neither
evm.TU.scaffold_7.2856,FALSE,FALSE,neither
evm.TU.scaffold_7.2857,FALSE,FALSE,neither
evm.TU.scaffold_7.2858,FALSE,FALSE,neither
evm.TU.scaffold_7.2859,FALSE,FALSE,neither
evm.TU.scaffold_7.286,TRUE,TRUE,maternal zygotic
evm.TU.scaffold_7.2860,FALSE,FALSE,neither
evm.TU.scaffold_7.2861,FALSE,TRUE,zygotic
evm.TU.scaffold_7.2862,FALSE,FALSE,neither
evm.TU.scaffold_7.2863,FALSE,FALSE,neither
evm.TU.scaffold_7.2868,FALSE,FALSE,neither
evm.TU.scaffold_7.287,TRUE,TRUE,maternal zygotic
evm.TU.scaffold_7.2873,FALSE,FALSE,neither
evm.TU.scaffold_7.2874,FALSE,FALSE,neither
evm.TU.scaffold_7.2875,FALSE,FALSE,neither
evm.TU.scaffold_7.2878,FALSE,FALSE,neither
evm.TU.scaffold_7.288,TRUE,TRUE,maternal zygotic
evm.TU.scaffold_7.2884,FALSE,FALSE,neither
evm.TU.scaffold_7.2889,FALSE,FALSE,neither
evm.TU.scaffold_7.289,TRUE,TRUE,maternal zygotic
evm.TU.scaffold_7.2890,FALSE,FALSE,neither
evm.TU.scaffold_7.2891,FALSE,FALSE,neither
evm.TU.scaffold_7.2892,FALSE,FALSE,neither
evm.TU.scaffold_7.2893,FALSE,FALSE,neither
evm.TU.scaffold_7.2894,FALSE,FALSE,neither
evm.TU.scaffold_7.2895,FALSE,FALSE,neither
evm.TU.scaffold_7.2897,TRUE,FALSE,maternal
evm.TU.scaffold_7.29,TRUE,TRUE,maternal zygotic
evm.TU.scaffold_7.290,TRUE,TRUE,maternal zygotic
evm.TU.scaffold_7.291,TRUE,TRUE,maternal zygotic
evm.TU.scaffold_7.2916,FALSE,FALSE,neither
evm.TU.scaffold_7.292,TRUE,TRUE,maternal zygotic
evm.TU.scaffold_7.2920,TRUE,TRUE,maternal zygotic
evm.TU.scaffold_7.2921,TRUE,TRUE,maternal zygotic
evm.TU.scaffold_7.2922,TRUE,TRUE,maternal zygotic
evm.TU.scaffold_7.2923,TRUE,TRUE,maternal zygotic
evm.TU.scaffold_7.2924,TRUE,TRUE,maternal zygotic
evm.TU.scaffold_7.2925,TRUE,TRUE,maternal zygotic
evm.TU.scaffold_7.2926,FALSE,FALSE,neither
evm.TU.scaffold_7.2927,TRUE,TRUE,maternal zygotic
evm.TU.scaffold_7.2928,TRUE,TRUE,maternal zygotic
evm.TU.scaffold_7.2929,TRUE,TRUE,maternal zygotic
evm.TU.scaffold_7.2930,FALSE,FALSE,neither
evm.TU.scaffold_7.2931,FALSE,FALSE,neither
evm.TU.scaffold_7.2932,FALSE,FALSE,neither
evm.TU.scaffold_7.2933,FALSE,FALSE,neither
evm.TU.scaffold_7.2934,FALSE,TRUE,zygotic
evm.TU.scaffold_7.2935,TRUE,TRUE,maternal zygotic
evm.TU.scaffold_7.2939,TRUE,TRUE,maternal zygotic
evm.TU.scaffold_7.2940,TRUE,TRUE,maternal zygotic
evm.TU.scaffold_7.2941,TRUE,TRUE,maternal zygotic
evm.TU.scaffold_7.2942,TRUE,TRUE,maternal zygotic
evm.TU.scaffold_7.2943,TRUE,TRUE,maternal zygotic
evm.TU.scaffold_7.2944,TRUE,FALSE,maternal
evm.TU.scaffold_7.2945,TRUE,TRUE,maternal zygotic
evm.TU.scaffold_7.2946,FALSE,FALSE,neither
evm.TU.scaffold_7.2947,TRUE,TRUE,maternal zygotic
evm.TU.scaffold_7.2948,TRUE,TRUE,maternal zygotic
evm.TU.scaffold_7.2949,TRUE,TRUE,maternal zygotic
evm.TU.scaffold_7.295,TRUE,TRUE,maternal zygotic
evm.TU.scaffold_7.2950,FALSE,FALSE,neither
evm.TU.scaffold_7.2952,FALSE,FALSE,neither
evm.TU.scaffold_7.2956,TRUE,TRUE,maternal zygotic
evm.TU.scaffold_7.2958,FALSE,FALSE,neither
evm.TU.scaffold_7.296,TRUE,TRUE,maternal zygotic
evm.TU.scaffold_7.2960,FALSE,FALSE,neither
evm.TU.scaffold_7.2961,FALSE,FALSE,neither
evm.TU.scaffold_7.2962,TRUE,TRUE,maternal zygotic
evm.TU.scaffold_7.2963,TRUE,TRUE,maternal zygotic
evm.TU.scaffold_7.2964,TRUE,TRUE,maternal zygotic
evm.TU.scaffold_7.2967,FALSE,FALSE,neither
evm.TU.scaffold_7.297,FALSE,FALSE,neither
evm.TU.scaffold_7.2971,FALSE,FALSE,neither
evm.TU.scaffold_7.2972,FALSE,FALSE,neither
evm.TU.scaffold_7.2973,FALSE,FALSE,neither
evm.TU.scaffold_7.2974,TRUE,TRUE,maternal zygotic
evm.TU.scaffold_7.2975,FALSE,FALSE,neither
evm.TU.scaffold_7.2986,FALSE,FALSE,neither
evm.TU.scaffold_7.2997,FALSE,FALSE,neither
evm.TU.scaffold_7.3,FALSE,TRUE,zygotic
evm.TU.scaffold_7.30,TRUE,TRUE,maternal zygotic
evm.TU.scaffold_7.3001,TRUE,TRUE,maternal zygotic
evm.TU.scaffold_7.3002,FALSE,FALSE,neither
evm.TU.scaffold_7.3003,TRUE,TRUE,maternal zygotic
evm.TU.scaffold_7.3004,TRUE,TRUE,maternal zygotic
evm.TU.scaffold_7.3005,TRUE,TRUE,maternal zygotic
evm.TU.scaffold_7.3006,FALSE,FALSE,neither
evm.TU.scaffold_7.3007,TRUE,TRUE,maternal zygotic
evm.TU.scaffold_7.3008,TRUE,TRUE,maternal zygotic
evm.TU.scaffold_7.3009,TRUE,TRUE,maternal zygotic
evm.TU.scaffold_7.3010,FALSE,FALSE,neither
evm.TU.scaffold_7.3011,TRUE,TRUE,maternal zygotic
evm.TU.scaffold_7.3012,TRUE,TRUE,maternal zygotic
evm.TU.scaffold_7.3013,TRUE,TRUE,maternal zygotic
evm.TU.scaffold_7.3014,TRUE,TRUE,maternal zygotic
evm.TU.scaffold_7.3015,TRUE,TRUE,maternal zygotic
evm.TU.scaffold_7.3016,TRUE,TRUE,maternal zygotic
evm.TU.scaffold_7.3017,TRUE,TRUE,maternal zygotic
evm.TU.scaffold_7.3018,FALSE,FALSE,neither
evm.TU.scaffold_7.3019,TRUE,TRUE,maternal zygotic
evm.TU.scaffold_7.302,FALSE,TRUE,zygotic
evm.TU.scaffold_7.3020,FALSE,FALSE,neither
evm.TU.scaffold_7.3021,FALSE,FALSE,neither
evm.TU.scaffold_7.3022,FALSE,FALSE,neither
evm.TU.scaffold_7.3023,TRUE,TRUE,maternal zygotic
evm.TU.scaffold_7.3024,FALSE,FALSE,neither
evm.TU.scaffold_7.3026,TRUE,TRUE,maternal zygotic
evm.TU.scaffold_7.3027,TRUE,TRUE,maternal zygotic
evm.TU.scaffold_7.3028,FALSE,FALSE,neither
evm.TU.scaffold_7.3029,TRUE,TRUE,maternal zygotic
evm.TU.scaffold_7.303,FALSE,FALSE,neither
evm.TU.scaffold_7.3030,FALSE,FALSE,neither
evm.TU.scaffold_7.3032,FALSE,FALSE,neither
evm.TU.scaffold_7.3033,FALSE,FALSE,neither
evm.TU.scaffold_7.3034,TRUE,TRUE,maternal zygotic
evm.TU.scaffold_7.3035,TRUE,TRUE,maternal zygotic
evm.TU.scaffold_7.3036,TRUE,TRUE,maternal zygotic
evm.TU.scaffold_7.3037,TRUE,TRUE,maternal zygotic
evm.TU.scaffold_7.3038,FALSE,FALSE,neither
evm.TU.scaffold_7.3039,FALSE,FALSE,neither
evm.TU.scaffold_7.3040,FALSE,FALSE,neither
evm.TU.scaffold_7.3041,FALSE,FALSE,neither
evm.TU.scaffold_7.3042,FALSE,FALSE,neither
evm.TU.scaffold_7.3043,FALSE,TRUE,zygotic
evm.TU.scaffold_7.3044,TRUE,TRUE,maternal zygotic
evm.TU.scaffold_7.3045,TRUE,TRUE,maternal zygotic
evm.TU.scaffold_7.3046,TRUE,TRUE,maternal zygotic
evm.TU.scaffold_7.3048,FALSE,FALSE,neither
evm.TU.scaffold_7.305,FALSE,FALSE,neither
evm.TU.scaffold_7.3053,FALSE,FALSE,neither
evm.TU.scaffold_7.3054,FALSE,FALSE,neither
evm.TU.scaffold_7.3056,FALSE,FALSE,neither
evm.TU.scaffold_7.3059,TRUE,TRUE,maternal zygotic
evm.TU.scaffold_7.3060,FALSE,TRUE,zygotic
evm.TU.scaffold_7.3061,FALSE,TRUE,zygotic
evm.TU.scaffold_7.3063,TRUE,TRUE,maternal zygotic
evm.TU.scaffold_7.3064,TRUE,TRUE,maternal zygotic
evm.TU.scaffold_7.3065,TRUE,TRUE,maternal zygotic
evm.TU.scaffold_7.3066,TRUE,TRUE,maternal zygotic
evm.TU.scaffold_7.3068,TRUE,TRUE,maternal zygotic
evm.TU.scaffold_7.3069,TRUE,TRUE,maternal zygotic
evm.TU.scaffold_7.3070,TRUE,TRUE,maternal zygotic
evm.TU.scaffold_7.3071,FALSE,FALSE,neither
evm.TU.scaffold_7.3072,TRUE,TRUE,maternal zygotic
evm.TU.scaffold_7.3073,FALSE,FALSE,neither
evm.TU.scaffold_7.3074,FALSE,FALSE,neither
evm.TU.scaffold_7.3076,FALSE,FALSE,neither
evm.TU.scaffold_7.3078,FALSE,TRUE,zygotic
evm.TU.scaffold_7.308,FALSE,FALSE,neither
evm.TU.scaffold_7.3080,FALSE,FALSE,neither
evm.TU.scaffold_7.3083,FALSE,FALSE,neither
evm.TU.scaffold_7.3084,FALSE,FALSE,neither
evm.TU.scaffold_7.3085,TRUE,TRUE,maternal zygotic
evm.TU.scaffold_7.3086,TRUE,TRUE,maternal zygotic
evm.TU.scaffold_7.3087,TRUE,TRUE,maternal zygotic
evm.TU.scaffold_7.3088,TRUE,TRUE,maternal zygotic
evm.TU.scaffold_7.3089,TRUE,TRUE,maternal zygotic
evm.TU.scaffold_7.309,FALSE,FALSE,neither
evm.TU.scaffold_7.3090,TRUE,TRUE,maternal zygotic
evm.TU.scaffold_7.3091,TRUE,TRUE,maternal zygotic
evm.TU.scaffold_7.3092,FALSE,FALSE,neither
evm.TU.scaffold_7.3093,FALSE,FALSE,neither
evm.TU.scaffold_7.3094,TRUE,TRUE,maternal zygotic
evm.TU.scaffold_7.3095,TRUE,TRUE,maternal zygotic
evm.TU.scaffold_7.3096,TRUE,TRUE,maternal zygotic
evm.TU.scaffold_7.3097,TRUE,TRUE,maternal zygotic
evm.TU.scaffold_7.3098,TRUE,TRUE,maternal zygotic
evm.TU.scaffold_7.3099,TRUE,TRUE,maternal zygotic
evm.TU.scaffold_7.31,TRUE,TRUE,maternal zygotic
evm.TU.scaffold_7.3101,FALSE,FALSE,neither
evm.TU.scaffold_7.311,FALSE,FALSE,neither
evm.TU.scaffold_7.312,TRUE,TRUE,maternal zygotic
evm.TU.scaffold_7.313,TRUE,TRUE,maternal zygotic
evm.TU.scaffold_7.315,FALSE,FALSE,neither
evm.TU.scaffold_7.316,TRUE,TRUE,maternal zygotic
evm.TU.scaffold_7.317,TRUE,TRUE,maternal zygotic
evm.TU.scaffold_7.318,TRUE,TRUE,maternal zygotic
evm.TU.scaffold_7.319,TRUE,TRUE,maternal zygotic
evm.TU.scaffold_7.32,TRUE,TRUE,maternal zygotic
evm.TU.scaffold_7.320,TRUE,TRUE,maternal zygotic
evm.TU.scaffold_7.321,TRUE,TRUE,maternal zygotic
evm.TU.scaffold_7.322,TRUE,TRUE,maternal zygotic
evm.TU.scaffold_7.324,TRUE,TRUE,maternal zygotic
evm.TU.scaffold_7.326,FALSE,FALSE,neither
evm.TU.scaffold_7.327,FALSE,FALSE,neither
evm.TU.scaffold_7.328,TRUE,TRUE,maternal zygotic
evm.TU.scaffold_7.329,FALSE,FALSE,neither
evm.TU.scaffold_7.33,TRUE,TRUE,maternal zygotic
evm.TU.scaffold_7.330,FALSE,FALSE,neither
evm.TU.scaffold_7.331,FALSE,FALSE,neither
evm.TU.scaffold_7.332,FALSE,FALSE,neither
evm.TU.scaffold_7.336,FALSE,FALSE,neither
evm.TU.scaffold_7.34,TRUE,TRUE,maternal zygotic
evm.TU.scaffold_7.340,FALSE,FALSE,neither
evm.TU.scaffold_7.341,FALSE,FALSE,neither
evm.TU.scaffold_7.342,FALSE,FALSE,neither
evm.TU.scaffold_7.343,FALSE,FALSE,neither
evm.TU.scaffold_7.344,FALSE,FALSE,neither
evm.TU.scaffold_7.345,FALSE,FALSE,neither
evm.TU.scaffold_7.347,FALSE,FALSE,neither
evm.TU.scaffold_7.349,FALSE,FALSE,neither
evm.TU.scaffold_7.35,TRUE,TRUE,maternal zygotic
evm.TU.scaffold_7.350,FALSE,FALSE,neither
evm.TU.scaffold_7.351,FALSE,FALSE,neither
evm.TU.scaffold_7.352,FALSE,FALSE,neither
evm.TU.scaffold_7.356,FALSE,FALSE,neither
evm.TU.scaffold_7.357,FALSE,FALSE,neither
evm.TU.scaffold_7.36,TRUE,TRUE,maternal zygotic
evm.TU.scaffold_7.360,FALSE,FALSE,neither
evm.TU.scaffold_7.361,FALSE,FALSE,neither
evm.TU.scaffold_7.362,FALSE,FALSE,neither
evm.TU.scaffold_7.363,TRUE,TRUE,maternal zygotic
evm.TU.scaffold_7.365,FALSE,FALSE,neither
evm.TU.scaffold_7.366,FALSE,FALSE,neither
evm.TU.scaffold_7.37,FALSE,FALSE,neither
evm.TU.scaffold_7.376,FALSE,FALSE,neither
evm.TU.scaffold_7.377,FALSE,FALSE,neither
evm.TU.scaffold_7.378,FALSE,FALSE,neither
evm.TU.scaffold_7.38,TRUE,TRUE,maternal zygotic
evm.TU.scaffold_7.380,FALSE,FALSE,neither
evm.TU.scaffold_7.381,FALSE,FALSE,neither
evm.TU.scaffold_7.382,FALSE,FALSE,neither
evm.TU.scaffold_7.383,FALSE,FALSE,neither
evm.TU.scaffold_7.384,FALSE,FALSE,neither
evm.TU.scaffold_7.385,FALSE,FALSE,neither
evm.TU.scaffold_7.387,FALSE,FALSE,neither
evm.TU.scaffold_7.388,FALSE,FALSE,neither
evm.TU.scaffold_7.389,FALSE,FALSE,neither
evm.TU.scaffold_7.39,TRUE,TRUE,maternal zygotic
evm.TU.scaffold_7.390,FALSE,FALSE,neither
evm.TU.scaffold_7.391,FALSE,FALSE,neither
evm.TU.scaffold_7.392,FALSE,FALSE,neither
evm.TU.scaffold_7.393,FALSE,FALSE,neither
evm.TU.scaffold_7.398,FALSE,FALSE,neither
evm.TU.scaffold_7.399,FALSE,FALSE,neither
evm.TU.scaffold_7.4,FALSE,FALSE,neither
evm.TU.scaffold_7.40,TRUE,TRUE,maternal zygotic
evm.TU.scaffold_7.400,FALSE,FALSE,neither
evm.TU.scaffold_7.403,FALSE,FALSE,neither
evm.TU.scaffold_7.412,FALSE,FALSE,neither
evm.TU.scaffold_7.418,FALSE,FALSE,neither
evm.TU.scaffold_7.419,FALSE,FALSE,neither
evm.TU.scaffold_7.42,FALSE,TRUE,zygotic
evm.TU.scaffold_7.420,FALSE,FALSE,neither
evm.TU.scaffold_7.421,FALSE,FALSE,neither
evm.TU.scaffold_7.423,FALSE,FALSE,neither
evm.TU.scaffold_7.424,FALSE,FALSE,neither
evm.TU.scaffold_7.427,FALSE,FALSE,neither
evm.TU.scaffold_7.429,FALSE,FALSE,neither
evm.TU.scaffold_7.43,FALSE,FALSE,neither
evm.TU.scaffold_7.430,FALSE,FALSE,neither
evm.TU.scaffold_7.432,FALSE,FALSE,neither
evm.TU.scaffold_7.434,FALSE,FALSE,neither
evm.TU.scaffold_7.436,FALSE,FALSE,neither
evm.TU.scaffold_7.437,FALSE,FALSE,neither
evm.TU.scaffold_7.438,FALSE,FALSE,neither
evm.TU.scaffold_7.44,FALSE,FALSE,neither
evm.TU.scaffold_7.440,FALSE,FALSE,neither
evm.TU.scaffold_7.441,FALSE,FALSE,neither
evm.TU.scaffold_7.444,FALSE,FALSE,neither
evm.TU.scaffold_7.446,FALSE,FALSE,neither
evm.TU.scaffold_7.447,TRUE,TRUE,maternal zygotic
evm.TU.scaffold_7.448,FALSE,FALSE,neither
evm.TU.scaffold_7.449,FALSE,FALSE,neither
evm.TU.scaffold_7.45,FALSE,FALSE,neither
evm.TU.scaffold_7.450,TRUE,TRUE,maternal zygotic
evm.TU.scaffold_7.452,TRUE,TRUE,maternal zygotic
evm.TU.scaffold_7.453,TRUE,TRUE,maternal zygotic
evm.TU.scaffold_7.454,TRUE,TRUE,maternal zygotic
evm.TU.scaffold_7.455,TRUE,TRUE,maternal zygotic
evm.TU.scaffold_7.456,TRUE,TRUE,maternal zygotic
evm.TU.scaffold_7.457,TRUE,TRUE,maternal zygotic
evm.TU.scaffold_7.458,TRUE,TRUE,maternal zygotic
evm.TU.scaffold_7.459,TRUE,TRUE,maternal zygotic
evm.TU.scaffold_7.460,TRUE,TRUE,maternal zygotic
evm.TU.scaffold_7.461,FALSE,TRUE,zygotic
evm.TU.scaffold_7.462,TRUE,FALSE,maternal
evm.TU.scaffold_7.463,TRUE,TRUE,maternal zygotic
evm.TU.scaffold_7.464,FALSE,FALSE,neither
evm.TU.scaffold_7.465,FALSE,FALSE,neither
evm.TU.scaffold_7.466,FALSE,FALSE,neither
evm.TU.scaffold_7.467,TRUE,TRUE,maternal zygotic
evm.TU.scaffold_7.468,TRUE,TRUE,maternal zygotic
evm.TU.scaffold_7.469,TRUE,TRUE,maternal zygotic
evm.TU.scaffold_7.46_evm.TU.scaffold_7.47,FALSE,FALSE,neither
evm.TU.scaffold_7.470,TRUE,TRUE,maternal zygotic
evm.TU.scaffold_7.471,FALSE,FALSE,neither
evm.TU.scaffold_7.472,TRUE,TRUE,maternal zygotic
evm.TU.scaffold_7.473,TRUE,TRUE,maternal zygotic
evm.TU.scaffold_7.474,TRUE,TRUE,maternal zygotic
evm.TU.scaffold_7.475,TRUE,TRUE,maternal zygotic
evm.TU.scaffold_7.476,TRUE,TRUE,maternal zygotic
evm.TU.scaffold_7.477,FALSE,FALSE,neither
evm.TU.scaffold_7.479,FALSE,FALSE,neither
evm.TU.scaffold_7.48,FALSE,FALSE,neither
evm.TU.scaffold_7.480,FALSE,FALSE,neither
evm.TU.scaffold_7.481,FALSE,FALSE,neither
evm.TU.scaffold_7.482,FALSE,FALSE,neither
evm.TU.scaffold_7.483,FALSE,FALSE,neither
evm.TU.scaffold_7.488,TRUE,FALSE,maternal
evm.TU.scaffold_7.489,TRUE,TRUE,maternal zygotic
evm.TU.scaffold_7.49,FALSE,FALSE,neither
evm.TU.scaffold_7.491,TRUE,TRUE,maternal zygotic
evm.TU.scaffold_7.493,FALSE,FALSE,neither
evm.TU.scaffold_7.494,TRUE,TRUE,maternal zygotic
evm.TU.scaffold_7.495_evm.TU.scaffold_7.492,TRUE,TRUE,maternal zygotic
evm.TU.scaffold_7.496,TRUE,TRUE,maternal zygotic
evm.TU.scaffold_7.497,TRUE,TRUE,maternal zygotic
evm.TU.scaffold_7.498,TRUE,TRUE,maternal zygotic
evm.TU.scaffold_7.499,TRUE,TRUE,maternal zygotic
evm.TU.scaffold_7.5,TRUE,TRUE,maternal zygotic
evm.TU.scaffold_7.50,FALSE,FALSE,neither
evm.TU.scaffold_7.500,TRUE,TRUE,maternal zygotic
evm.TU.scaffold_7.501,TRUE,TRUE,maternal zygotic
evm.TU.scaffold_7.502,TRUE,TRUE,maternal zygotic
evm.TU.scaffold_7.507,FALSE,FALSE,neither
evm.TU.scaffold_7.508,FALSE,FALSE,neither
evm.TU.scaffold_7.509,FALSE,FALSE,neither
evm.TU.scaffold_7.51,TRUE,FALSE,maternal
evm.TU.scaffold_7.510,FALSE,FALSE,neither
evm.TU.scaffold_7.511,FALSE,FALSE,neither
evm.TU.scaffold_7.512,FALSE,FALSE,neither
evm.TU.scaffold_7.513,FALSE,FALSE,neither
evm.TU.scaffold_7.514,FALSE,FALSE,neither
evm.TU.scaffold_7.516,FALSE,FALSE,neither
evm.TU.scaffold_7.517,FALSE,FALSE,neither
evm.TU.scaffold_7.518,FALSE,FALSE,neither
evm.TU.scaffold_7.519,FALSE,FALSE,neither
evm.TU.scaffold_7.52,TRUE,TRUE,maternal zygotic
evm.TU.scaffold_7.522,FALSE,FALSE,neither
evm.TU.scaffold_7.523,FALSE,FALSE,neither
evm.TU.scaffold_7.524,TRUE,TRUE,maternal zygotic
evm.TU.scaffold_7.525,FALSE,TRUE,zygotic
evm.TU.scaffold_7.526,FALSE,TRUE,zygotic
evm.TU.scaffold_7.527,TRUE,TRUE,maternal zygotic
evm.TU.scaffold_7.528,TRUE,TRUE,maternal zygotic
evm.TU.scaffold_7.529,TRUE,TRUE,maternal zygotic
evm.TU.scaffold_7.53,TRUE,TRUE,maternal zygotic
evm.TU.scaffold_7.531,TRUE,TRUE,maternal zygotic
evm.TU.scaffold_7.535,TRUE,TRUE,maternal zygotic
evm.TU.scaffold_7.536,TRUE,TRUE,maternal zygotic
evm.TU.scaffold_7.537,FALSE,TRUE,zygotic
evm.TU.scaffold_7.538,FALSE,FALSE,neither
evm.TU.scaffold_7.539,FALSE,FALSE,neither
evm.TU.scaffold_7.54,TRUE,TRUE,maternal zygotic
evm.TU.scaffold_7.540,FALSE,FALSE,neither
evm.TU.scaffold_7.542,FALSE,FALSE,neither
evm.TU.scaffold_7.544,TRUE,TRUE,maternal zygotic
evm.TU.scaffold_7.545,TRUE,TRUE,maternal zygotic
evm.TU.scaffold_7.546,TRUE,TRUE,maternal zygotic
evm.TU.scaffold_7.547,TRUE,TRUE,maternal zygotic
evm.TU.scaffold_7.55,TRUE,TRUE,maternal zygotic
evm.TU.scaffold_7.551,TRUE,TRUE,maternal zygotic
evm.TU.scaffold_7.552,TRUE,TRUE,maternal zygotic
evm.TU.scaffold_7.553,FALSE,FALSE,neither
evm.TU.scaffold_7.554,FALSE,FALSE,neither
evm.TU.scaffold_7.556,TRUE,TRUE,maternal zygotic
evm.TU.scaffold_7.558,FALSE,FALSE,neither
evm.TU.scaffold_7.559,FALSE,FALSE,neither
evm.TU.scaffold_7.56,TRUE,TRUE,maternal zygotic
evm.TU.scaffold_7.560,FALSE,FALSE,neither
evm.TU.scaffold_7.562,FALSE,FALSE,neither
evm.TU.scaffold_7.563,TRUE,TRUE,maternal zygotic
evm.TU.scaffold_7.564,TRUE,TRUE,maternal zygotic
evm.TU.scaffold_7.565,TRUE,FALSE,maternal
evm.TU.scaffold_7.567,TRUE,TRUE,maternal zygotic
evm.TU.scaffold_7.57,TRUE,TRUE,maternal zygotic
evm.TU.scaffold_7.570,FALSE,FALSE,neither
evm.TU.scaffold_7.573,TRUE,TRUE,maternal zygotic
evm.TU.scaffold_7.575,TRUE,TRUE,maternal zygotic
evm.TU.scaffold_7.576,TRUE,TRUE,maternal zygotic
evm.TU.scaffold_7.577,FALSE,FALSE,neither
evm.TU.scaffold_7.578,FALSE,FALSE,neither
evm.TU.scaffold_7.579,FALSE,FALSE,neither
evm.TU.scaffold_7.580,TRUE,TRUE,maternal zygotic
evm.TU.scaffold_7.581,TRUE,TRUE,maternal zygotic
evm.TU.scaffold_7.582,FALSE,FALSE,neither
evm.TU.scaffold_7.583,FALSE,FALSE,neither
evm.TU.scaffold_7.584,FALSE,FALSE,neither
evm.TU.scaffold_7.585,TRUE,TRUE,maternal zygotic
evm.TU.scaffold_7.586,FALSE,FALSE,neither
evm.TU.scaffold_7.587,FALSE,FALSE,neither
evm.TU.scaffold_7.588,FALSE,FALSE,neither
evm.TU.scaffold_7.589,FALSE,FALSE,neither
evm.TU.scaffold_7.59,TRUE,TRUE,maternal zygotic
evm.TU.scaffold_7.590,FALSE,FALSE,neither
evm.TU.scaffold_7.594,TRUE,TRUE,maternal zygotic
evm.TU.scaffold_7.595,FALSE,FALSE,neither
evm.TU.scaffold_7.596,FALSE,TRUE,zygotic
evm.TU.scaffold_7.597,TRUE,TRUE,maternal zygotic
evm.TU.scaffold_7.598,TRUE,TRUE,maternal zygotic
evm.TU.scaffold_7.599,FALSE,FALSE,neither
evm.TU.scaffold_7.6,TRUE,TRUE,maternal zygotic
evm.TU.scaffold_7.60,FALSE,FALSE,neither
evm.TU.scaffold_7.600,TRUE,TRUE,maternal zygotic
evm.TU.scaffold_7.601,TRUE,TRUE,maternal zygotic
evm.TU.scaffold_7.602,TRUE,TRUE,maternal zygotic
evm.TU.scaffold_7.603,TRUE,TRUE,maternal zygotic
evm.TU.scaffold_7.604,TRUE,TRUE,maternal zygotic
evm.TU.scaffold_7.605,FALSE,FALSE,neither
evm.TU.scaffold_7.606,FALSE,FALSE,neither
evm.TU.scaffold_7.607,FALSE,FALSE,neither
evm.TU.scaffold_7.608,TRUE,TRUE,maternal zygotic
evm.TU.scaffold_7.609,TRUE,TRUE,maternal zygotic
evm.TU.scaffold_7.61,TRUE,TRUE,maternal zygotic
evm.TU.scaffold_7.610,TRUE,TRUE,maternal zygotic
evm.TU.scaffold_7.611,TRUE,TRUE,maternal zygotic
evm.TU.scaffold_7.614,TRUE,TRUE,maternal zygotic
evm.TU.scaffold_7.615,FALSE,FALSE,neither
evm.TU.scaffold_7.616,TRUE,TRUE,maternal zygotic
evm.TU.scaffold_7.617,TRUE,TRUE,maternal zygotic
evm.TU.scaffold_7.618,TRUE,TRUE,maternal zygotic
evm.TU.scaffold_7.619,TRUE,TRUE,maternal zygotic
evm.TU.scaffold_7.620,TRUE,TRUE,maternal zygotic
evm.TU.scaffold_7.621,TRUE,TRUE,maternal zygotic
evm.TU.scaffold_7.624,FALSE,TRUE,zygotic
evm.TU.scaffold_7.632,FALSE,FALSE,neither
evm.TU.scaffold_7.638,FALSE,FALSE,neither
evm.TU.scaffold_7.639,FALSE,FALSE,neither
evm.TU.scaffold_7.64,FALSE,FALSE,neither
evm.TU.scaffold_7.642,FALSE,FALSE,neither
evm.TU.scaffold_7.645,FALSE,FALSE,neither
evm.TU.scaffold_7.649,FALSE,FALSE,neither
evm.TU.scaffold_7.650,FALSE,FALSE,neither
evm.TU.scaffold_7.652,FALSE,FALSE,neither
evm.TU.scaffold_7.653,FALSE,FALSE,neither
evm.TU.scaffold_7.654,FALSE,FALSE,neither
evm.TU.scaffold_7.655,FALSE,FALSE,neither
evm.TU.scaffold_7.656,FALSE,TRUE,zygotic
evm.TU.scaffold_7.657,TRUE,TRUE,maternal zygotic
evm.TU.scaffold_7.658,TRUE,TRUE,maternal zygotic
evm.TU.scaffold_7.659,TRUE,TRUE,maternal zygotic
evm.TU.scaffold_7.66,FALSE,TRUE,zygotic
evm.TU.scaffold_7.660,FALSE,FALSE,neither
evm.TU.scaffold_7.661,TRUE,TRUE,maternal zygotic
evm.TU.scaffold_7.662,TRUE,TRUE,maternal zygotic
evm.TU.scaffold_7.664,TRUE,TRUE,maternal zygotic
evm.TU.scaffold_7.665,FALSE,FALSE,neither
evm.TU.scaffold_7.668,TRUE,TRUE,maternal zygotic
evm.TU.scaffold_7.669,FALSE,FALSE,neither
evm.TU.scaffold_7.670,TRUE,TRUE,maternal zygotic
evm.TU.scaffold_7.671,FALSE,FALSE,neither
evm.TU.scaffold_7.672,FALSE,FALSE,neither
evm.TU.scaffold_7.673,FALSE,FALSE,neither
evm.TU.scaffold_7.674,FALSE,FALSE,neither
evm.TU.scaffold_7.675,FALSE,FALSE,neither
evm.TU.scaffold_7.676,FALSE,FALSE,neither
evm.TU.scaffold_7.678,FALSE,FALSE,neither
evm.TU.scaffold_7.679,FALSE,FALSE,neither
evm.TU.scaffold_7.680,FALSE,FALSE,neither
evm.TU.scaffold_7.681,FALSE,FALSE,neither
evm.TU.scaffold_7.682,FALSE,FALSE,neither
evm.TU.scaffold_7.683,FALSE,FALSE,neither
evm.TU.scaffold_7.684,FALSE,FALSE,neither
evm.TU.scaffold_7.685,FALSE,FALSE,neither
evm.TU.scaffold_7.686,FALSE,FALSE,neither
evm.TU.scaffold_7.687,TRUE,TRUE,maternal zygotic
evm.TU.scaffold_7.689,TRUE,TRUE,maternal zygotic
evm.TU.scaffold_7.69,TRUE,TRUE,maternal zygotic
evm.TU.scaffold_7.690,TRUE,TRUE,maternal zygotic
evm.TU.scaffold_7.691,TRUE,TRUE,maternal zygotic
evm.TU.scaffold_7.692,FALSE,FALSE,neither
evm.TU.scaffold_7.693,FALSE,FALSE,neither
evm.TU.scaffold_7.694,FALSE,FALSE,neither
evm.TU.scaffold_7.695,FALSE,FALSE,neither
evm.TU.scaffold_7.696,FALSE,FALSE,neither
evm.TU.scaffold_7.697,FALSE,FALSE,neither
evm.TU.scaffold_7.698,FALSE,FALSE,neither
evm.TU.scaffold_7.699,FALSE,FALSE,neither
evm.TU.scaffold_7.7,TRUE,TRUE,maternal zygotic
evm.TU.scaffold_7.70,TRUE,TRUE,maternal zygotic
evm.TU.scaffold_7.700,FALSE,FALSE,neither
evm.TU.scaffold_7.701,FALSE,FALSE,neither
evm.TU.scaffold_7.702,FALSE,FALSE,neither
evm.TU.scaffold_7.703,FALSE,FALSE,neither
evm.TU.scaffold_7.704,FALSE,FALSE,neither
evm.TU.scaffold_7.705,FALSE,FALSE,neither
evm.TU.scaffold_7.707,FALSE,FALSE,neither
evm.TU.scaffold_7.708,TRUE,TRUE,maternal zygotic
evm.TU.scaffold_7.709,TRUE,TRUE,maternal zygotic
evm.TU.scaffold_7.71,TRUE,TRUE,maternal zygotic
evm.TU.scaffold_7.710,TRUE,TRUE,maternal zygotic
evm.TU.scaffold_7.711,TRUE,TRUE,maternal zygotic
evm.TU.scaffold_7.712,FALSE,FALSE,neither
evm.TU.scaffold_7.715,TRUE,TRUE,maternal zygotic
evm.TU.scaffold_7.716,TRUE,TRUE,maternal zygotic
evm.TU.scaffold_7.717,FALSE,FALSE,neither
evm.TU.scaffold_7.719,FALSE,FALSE,neither
evm.TU.scaffold_7.720,FALSE,FALSE,neither
evm.TU.scaffold_7.721,TRUE,TRUE,maternal zygotic
evm.TU.scaffold_7.722,FALSE,FALSE,neither
evm.TU.scaffold_7.723,FALSE,TRUE,zygotic
evm.TU.scaffold_7.724,FALSE,TRUE,zygotic
evm.TU.scaffold_7.725,FALSE,FALSE,neither
evm.TU.scaffold_7.726,FALSE,FALSE,neither
evm.TU.scaffold_7.727,FALSE,TRUE,zygotic
evm.TU.scaffold_7.728,FALSE,TRUE,zygotic
evm.TU.scaffold_7.729,FALSE,TRUE,zygotic
evm.TU.scaffold_7.73,FALSE,FALSE,neither
evm.TU.scaffold_7.730,FALSE,FALSE,neither
evm.TU.scaffold_7.731,TRUE,TRUE,maternal zygotic
evm.TU.scaffold_7.732,FALSE,FALSE,neither
evm.TU.scaffold_7.733,FALSE,FALSE,neither
evm.TU.scaffold_7.734,TRUE,TRUE,maternal zygotic
evm.TU.scaffold_7.735,FALSE,FALSE,neither
evm.TU.scaffold_7.736,FALSE,FALSE,neither
evm.TU.scaffold_7.737,FALSE,FALSE,neither
evm.TU.scaffold_7.738,TRUE,FALSE,maternal
evm.TU.scaffold_7.739,TRUE,TRUE,maternal zygotic
evm.TU.scaffold_7.74,TRUE,TRUE,maternal zygotic
evm.TU.scaffold_7.740,TRUE,TRUE,maternal zygotic
evm.TU.scaffold_7.741,FALSE,FALSE,neither
evm.TU.scaffold_7.742,FALSE,FALSE,neither
evm.TU.scaffold_7.743,FALSE,FALSE,neither
evm.TU.scaffold_7.744,FALSE,FALSE,neither
evm.TU.scaffold_7.745,TRUE,TRUE,maternal zygotic
evm.TU.scaffold_7.746,TRUE,TRUE,maternal zygotic
evm.TU.scaffold_7.747,FALSE,FALSE,neither
evm.TU.scaffold_7.748,TRUE,FALSE,maternal
evm.TU.scaffold_7.749,FALSE,FALSE,neither
evm.TU.scaffold_7.75,TRUE,TRUE,maternal zygotic
evm.TU.scaffold_7.750,FALSE,FALSE,neither
evm.TU.scaffold_7.751,FALSE,FALSE,neither
evm.TU.scaffold_7.752,FALSE,FALSE,neither
evm.TU.scaffold_7.753,FALSE,FALSE,neither
evm.TU.scaffold_7.754,FALSE,FALSE,neither
evm.TU.scaffold_7.755,TRUE,TRUE,maternal zygotic
evm.TU.scaffold_7.756,FALSE,FALSE,neither
evm.TU.scaffold_7.76,TRUE,TRUE,maternal zygotic
evm.TU.scaffold_7.760,FALSE,FALSE,neither
evm.TU.scaffold_7.762,FALSE,FALSE,neither
evm.TU.scaffold_7.763,FALSE,TRUE,zygotic
evm.TU.scaffold_7.764,FALSE,FALSE,neither
evm.TU.scaffold_7.765,FALSE,TRUE,zygotic
evm.TU.scaffold_7.769,FALSE,FALSE,neither
evm.TU.scaffold_7.77,TRUE,TRUE,maternal zygotic
evm.TU.scaffold_7.772,TRUE,TRUE,maternal zygotic
evm.TU.scaffold_7.773,FALSE,FALSE,neither
evm.TU.scaffold_7.774,FALSE,FALSE,neither
evm.TU.scaffold_7.775,FALSE,FALSE,neither
evm.TU.scaffold_7.776,FALSE,FALSE,neither
evm.TU.scaffold_7.777,FALSE,FALSE,neither
evm.TU.scaffold_7.778,FALSE,FALSE,neither
evm.TU.scaffold_7.779,FALSE,FALSE,neither
evm.TU.scaffold_7.78,TRUE,TRUE,maternal zygotic
evm.TU.scaffold_7.780,FALSE,FALSE,neither
evm.TU.scaffold_7.781,FALSE,FALSE,neither
evm.TU.scaffold_7.782,FALSE,FALSE,neither
evm.TU.scaffold_7.783,FALSE,FALSE,neither
evm.TU.scaffold_7.784,FALSE,FALSE,neither
evm.TU.scaffold_7.785,FALSE,FALSE,neither
evm.TU.scaffold_7.786,FALSE,FALSE,neither
evm.TU.scaffold_7.787,FALSE,FALSE,neither
evm.TU.scaffold_7.788,FALSE,FALSE,neither
evm.TU.scaffold_7.789,FALSE,FALSE,neither
evm.TU.scaffold_7.79,TRUE,TRUE,maternal zygotic
evm.TU.scaffold_7.790,FALSE,FALSE,neither
evm.TU.scaffold_7.791,TRUE,TRUE,maternal zygotic
evm.TU.scaffold_7.794,FALSE,FALSE,neither
evm.TU.scaffold_7.795,FALSE,FALSE,neither
evm.TU.scaffold_7.796,TRUE,TRUE,maternal zygotic
evm.TU.scaffold_7.797,FALSE,FALSE,neither
evm.TU.scaffold_7.798,FALSE,FALSE,neither
evm.TU.scaffold_7.799,TRUE,TRUE,maternal zygotic
evm.TU.scaffold_7.8,FALSE,FALSE,neither
evm.TU.scaffold_7.80,FALSE,FALSE,neither
evm.TU.scaffold_7.800,TRUE,TRUE,maternal zygotic
evm.TU.scaffold_7.801,TRUE,TRUE,maternal zygotic
evm.TU.scaffold_7.802,TRUE,TRUE,maternal zygotic
evm.TU.scaffold_7.803,FALSE,FALSE,neither
evm.TU.scaffold_7.804,TRUE,TRUE,maternal zygotic
evm.TU.scaffold_7.805,TRUE,TRUE,maternal zygotic
evm.TU.scaffold_7.807_evm.TU.scaffold_7.808_evm.TU.scaffold_7.810,FALSE,FALSE,neither
evm.TU.scaffold_7.81,FALSE,FALSE,neither
evm.TU.scaffold_7.811,TRUE,TRUE,maternal zygotic
evm.TU.scaffold_7.812,FALSE,FALSE,neither
evm.TU.scaffold_7.813,TRUE,TRUE,maternal zygotic
evm.TU.scaffold_7.814,TRUE,TRUE,maternal zygotic
evm.TU.scaffold_7.815,TRUE,TRUE,maternal zygotic
evm.TU.scaffold_7.816,TRUE,TRUE,maternal zygotic
evm.TU.scaffold_7.817,TRUE,TRUE,maternal zygotic
evm.TU.scaffold_7.818,TRUE,TRUE,maternal zygotic
evm.TU.scaffold_7.819,TRUE,TRUE,maternal zygotic
evm.TU.scaffold_7.82,FALSE,FALSE,neither
evm.TU.scaffold_7.820,TRUE,TRUE,maternal zygotic
evm.TU.scaffold_7.821,TRUE,TRUE,maternal zygotic
evm.TU.scaffold_7.822,TRUE,TRUE,maternal zygotic
evm.TU.scaffold_7.823,TRUE,TRUE,maternal zygotic
evm.TU.scaffold_7.824,TRUE,TRUE,maternal zygotic
evm.TU.scaffold_7.826,FALSE,FALSE,neither
evm.TU.scaffold_7.827,TRUE,TRUE,maternal zygotic
evm.TU.scaffold_7.828,FALSE,FALSE,neither
evm.TU.scaffold_7.829,FALSE,FALSE,neither
evm.TU.scaffold_7.830,FALSE,FALSE,neither
evm.TU.scaffold_7.831,FALSE,FALSE,neither
evm.TU.scaffold_7.832,FALSE,FALSE,neither
evm.TU.scaffold_7.833,FALSE,FALSE,neither
evm.TU.scaffold_7.834,FALSE,FALSE,neither
evm.TU.scaffold_7.835,FALSE,FALSE,neither
evm.TU.scaffold_7.836,TRUE,TRUE,maternal zygotic
evm.TU.scaffold_7.837_evm.TU.scaffold_7.838,TRUE,TRUE,maternal zygotic
evm.TU.scaffold_7.839,FALSE,FALSE,neither
evm.TU.scaffold_7.84,FALSE,FALSE,neither
evm.TU.scaffold_7.840,FALSE,FALSE,neither
evm.TU.scaffold_7.841,TRUE,TRUE,maternal zygotic
evm.TU.scaffold_7.842,TRUE,TRUE,maternal zygotic
evm.TU.scaffold_7.843,FALSE,FALSE,neither
evm.TU.scaffold_7.844,TRUE,TRUE,maternal zygotic
evm.TU.scaffold_7.845,TRUE,TRUE,maternal zygotic
evm.TU.scaffold_7.846,TRUE,TRUE,maternal zygotic
evm.TU.scaffold_7.847,TRUE,TRUE,maternal zygotic
evm.TU.scaffold_7.848,TRUE,TRUE,maternal zygotic
evm.TU.scaffold_7.849,FALSE,FALSE,neither
evm.TU.scaffold_7.85,FALSE,FALSE,neither
evm.TU.scaffold_7.850,FALSE,TRUE,zygotic
evm.TU.scaffold_7.851,FALSE,FALSE,neither
evm.TU.scaffold_7.852,FALSE,FALSE,neither
evm.TU.scaffold_7.853,FALSE,FALSE,neither
evm.TU.scaffold_7.854_evm.TU.scaffold_7.855,TRUE,TRUE,maternal zygotic
evm.TU.scaffold_7.856,TRUE,FALSE,maternal
evm.TU.scaffold_7.857,FALSE,FALSE,neither
evm.TU.scaffold_7.858,TRUE,TRUE,maternal zygotic
evm.TU.scaffold_7.859,TRUE,TRUE,maternal zygotic
evm.TU.scaffold_7.86,FALSE,FALSE,neither
evm.TU.scaffold_7.860,TRUE,TRUE,maternal zygotic
evm.TU.scaffold_7.861,FALSE,FALSE,neither
evm.TU.scaffold_7.862,FALSE,TRUE,zygotic
evm.TU.scaffold_7.863,TRUE,TRUE,maternal zygotic
evm.TU.scaffold_7.865,TRUE,TRUE,maternal zygotic
evm.TU.scaffold_7.866,TRUE,TRUE,maternal zygotic
evm.TU.scaffold_7.867,TRUE,TRUE,maternal zygotic
evm.TU.scaffold_7.868,TRUE,TRUE,maternal zygotic
evm.TU.scaffold_7.87,FALSE,FALSE,neither
evm.TU.scaffold_7.870,TRUE,TRUE,maternal zygotic
evm.TU.scaffold_7.871,TRUE,TRUE,maternal zygotic
evm.TU.scaffold_7.872,FALSE,FALSE,neither
evm.TU.scaffold_7.873,FALSE,FALSE,neither
evm.TU.scaffold_7.878,TRUE,TRUE,maternal zygotic
evm.TU.scaffold_7.879,TRUE,TRUE,maternal zygotic
evm.TU.scaffold_7.88,FALSE,FALSE,neither
evm.TU.scaffold_7.880,TRUE,TRUE,maternal zygotic
evm.TU.scaffold_7.881,TRUE,TRUE,maternal zygotic
evm.TU.scaffold_7.882,TRUE,TRUE,maternal zygotic
evm.TU.scaffold_7.883,TRUE,TRUE,maternal zygotic
evm.TU.scaffold_7.884,FALSE,FALSE,neither
evm.TU.scaffold_7.885,FALSE,FALSE,neither
evm.TU.scaffold_7.886,FALSE,FALSE,neither
evm.TU.scaffold_7.887,FALSE,FALSE,neither
evm.TU.scaffold_7.888,FALSE,TRUE,zygotic
evm.TU.scaffold_7.889,TRUE,TRUE,maternal zygotic
evm.TU.scaffold_7.890,TRUE,TRUE,maternal zygotic
evm.TU.scaffold_7.891,TRUE,TRUE,maternal zygotic
evm.TU.scaffold_7.893,TRUE,TRUE,maternal zygotic
evm.TU.scaffold_7.894,TRUE,TRUE,maternal zygotic
evm.TU.scaffold_7.895,TRUE,TRUE,maternal zygotic
evm.TU.scaffold_7.896,FALSE,FALSE,neither
evm.TU.scaffold_7.897,TRUE,TRUE,maternal zygotic
evm.TU.scaffold_7.898,TRUE,TRUE,maternal zygotic
evm.TU.scaffold_7.899,TRUE,TRUE,maternal zygotic
evm.TU.scaffold_7.9,TRUE,TRUE,maternal zygotic
evm.TU.scaffold_7.900,TRUE,TRUE,maternal zygotic
evm.TU.scaffold_7.901,FALSE,FALSE,neither
evm.TU.scaffold_7.902,FALSE,FALSE,neither
evm.TU.scaffold_7.904,FALSE,FALSE,neither
evm.TU.scaffold_7.905,FALSE,FALSE,neither
evm.TU.scaffold_7.906,TRUE,TRUE,maternal zygotic
evm.TU.scaffold_7.907,FALSE,FALSE,neither
evm.TU.scaffold_7.908,TRUE,TRUE,maternal zygotic
evm.TU.scaffold_7.909,FALSE,FALSE,neither
evm.TU.scaffold_7.91,FALSE,FALSE,neither
evm.TU.scaffold_7.910,TRUE,TRUE,maternal zygotic
evm.TU.scaffold_7.911,TRUE,FALSE,maternal
evm.TU.scaffold_7.912,TRUE,TRUE,maternal zygotic
evm.TU.scaffold_7.913,TRUE,TRUE,maternal zygotic
evm.TU.scaffold_7.914,TRUE,TRUE,maternal zygotic
evm.TU.scaffold_7.916,TRUE,TRUE,maternal zygotic
evm.TU.scaffold_7.918,FALSE,FALSE,neither
evm.TU.scaffold_7.919,FALSE,FALSE,neither
evm.TU.scaffold_7.920,FALSE,FALSE,neither
evm.TU.scaffold_7.921,TRUE,TRUE,maternal zygotic
evm.TU.scaffold_7.922,FALSE,TRUE,zygotic
evm.TU.scaffold_7.923,FALSE,FALSE,neither
evm.TU.scaffold_7.924,TRUE,TRUE,maternal zygotic
evm.TU.scaffold_7.925,TRUE,TRUE,maternal zygotic
evm.TU.scaffold_7.926,FALSE,FALSE,neither
evm.TU.scaffold_7.927,TRUE,TRUE,maternal zygotic
evm.TU.scaffold_7.928,TRUE,TRUE,maternal zygotic
evm.TU.scaffold_7.930,TRUE,TRUE,maternal zygotic
evm.TU.scaffold_7.931,TRUE,TRUE,maternal zygotic
evm.TU.scaffold_7.933,FALSE,FALSE,neither
evm.TU.scaffold_7.934,FALSE,FALSE,neither
evm.TU.scaffold_7.935,FALSE,FALSE,neither
evm.TU.scaffold_7.936,FALSE,FALSE,neither
evm.TU.scaffold_7.937,FALSE,TRUE,zygotic
evm.TU.scaffold_7.938,TRUE,TRUE,maternal zygotic
evm.TU.scaffold_7.939,FALSE,FALSE,neither
evm.TU.scaffold_7.940,FALSE,TRUE,zygotic
evm.TU.scaffold_7.941,TRUE,TRUE,maternal zygotic
evm.TU.scaffold_7.942,FALSE,FALSE,neither
evm.TU.scaffold_7.943,FALSE,FALSE,neither
evm.TU.scaffold_7.944,FALSE,FALSE,neither
evm.TU.scaffold_7.947,FALSE,FALSE,neither
evm.TU.scaffold_7.948,TRUE,TRUE,maternal zygotic
evm.TU.scaffold_7.949,TRUE,TRUE,maternal zygotic
evm.TU.scaffold_7.950,TRUE,TRUE,maternal zygotic
evm.TU.scaffold_7.951,TRUE,TRUE,maternal zygotic
evm.TU.scaffold_7.952,TRUE,TRUE,maternal zygotic
evm.TU.scaffold_7.953,FALSE,FALSE,neither
evm.TU.scaffold_7.954,FALSE,FALSE,neither
evm.TU.scaffold_7.956,FALSE,FALSE,neither
evm.TU.scaffold_7.957,TRUE,TRUE,maternal zygotic
evm.TU.scaffold_7.959,TRUE,TRUE,maternal zygotic
evm.TU.scaffold_7.96,FALSE,FALSE,neither
evm.TU.scaffold_7.960,FALSE,FALSE,neither
evm.TU.scaffold_7.961,TRUE,TRUE,maternal zygotic
evm.TU.scaffold_7.962,FALSE,FALSE,neither
evm.TU.scaffold_7.963,FALSE,FALSE,neither
evm.TU.scaffold_7.964,FALSE,TRUE,zygotic
evm.TU.scaffold_7.967,FALSE,FALSE,neither
evm.TU.scaffold_7.968,FALSE,FALSE,neither
evm.TU.scaffold_7.969,FALSE,FALSE,neither
evm.TU.scaffold_7.970,FALSE,FALSE,neither
evm.TU.scaffold_7.971,FALSE,FALSE,neither
evm.TU.scaffold_7.972,TRUE,TRUE,maternal zygotic
evm.TU.scaffold_7.973,TRUE,TRUE,maternal zygotic
evm.TU.scaffold_7.974,TRUE,TRUE,maternal zygotic
evm.TU.scaffold_7.975,TRUE,TRUE,maternal zygotic
evm.TU.scaffold_7.979,FALSE,FALSE,neither
evm.TU.scaffold_7.982,FALSE,FALSE,neither
evm.TU.scaffold_7.988,FALSE,FALSE,neither
evm.TU.scaffold_7.989,FALSE,TRUE,zygotic
evm.TU.scaffold_7.990,FALSE,FALSE,neither
evm.TU.scaffold_7.991,FALSE,FALSE,neither
evm.TU.scaffold_7.992,TRUE,TRUE,maternal zygotic
evm.TU.scaffold_7.993,TRUE,TRUE,maternal zygotic
evm.TU.scaffold_7.994,TRUE,TRUE,maternal zygotic
evm.TU.scaffold_7.995,FALSE,FALSE,neither
evm.TU.scaffold_7.996,FALSE,FALSE,neither
evm.TU.scaffold_7.997,FALSE,FALSE,neither
evm.TU.scaffold_7.998,FALSE,FALSE,neither
evm.TU.scaffold_7.999,FALSE,FALSE,neither
evm.TU.scaffold_76.1,FALSE,FALSE,neither
evm.TU.scaffold_76.2,FALSE,FALSE,neither
evm.TU.scaffold_83.2,FALSE,FALSE,neither
evm.TU.scaffold_84.1,FALSE,FALSE,neither
evm.TU.scaffold_84.3,FALSE,FALSE,neither
evm.TU.scaffold_91.2,FALSE,FALSE,neither
evm.TU.scaffold_91.7,FALSE,FALSE,neither
evm.TU.scaffold_92.3,FALSE,FALSE,neither
evm.TU.scaffold_92.4,FALSE,FALSE,neither
evm.TU.scaffold_92.5,FALSE,FALSE,neither
evm.TU.scaffold_94.1,FALSE,FALSE,neither
evm.TU.scaffold_94.11,FALSE,FALSE,neither
evm.TU.scaffold_94.3,FALSE,FALSE,neither
evm.TU.scaffold_94.6,FALSE,FALSE,neither
evm.TU.scaffold_94.7,FALSE,FALSE,neither
evm.TU.scaffold_97.8,FALSE,FALSE,neither
evm.TU.scaffold_99.9,FALSE,FALSE,neither
